Device_id,event,ddr(KB),hbm(KB),memory(KB),timestamp(us)
0,Device,46727260.0,0.0,46727260.0,1791169434397076.992	
0,Device,46728284.0,0.0,46728284.0,1791169434416877.056	
0,Device,46728284.0,0.0,46728284.0,1791169434436888.064	
0,Device,46728284.0,0.0,46728284.0,1791169434456880.128	
0,Device,46728284.0,0.0,46728284.0,1791169434476883.200	
0,Device,46728284.0,0.0,46728284.0,1791169434496859.136	
0,Device,46728284.0,0.0,46728284.0,1791169434516887.040	
0,Device,46728284.0,0.0,46728284.0,1791169434536863.232	
0,Device,46728284.0,0.0,46728284.0,1791169434556866.048	
0,Device,46728284.0,0.0,46728284.0,1791169434576873.984	
0,Device,46728284.0,0.0,46728284.0,1791169434596887.040	
0,Device,46728284.0,0.0,46728284.0,1791169434616864.000	
0,Device,46728284.0,0.0,46728284.0,1791169434636857.088	
0,Device,46728284.0,0.0,46728284.0,1791169434656880.128	
0,Device,46728284.0,0.0,46728284.0,1791169434676856.064	
0,Device,46728284.0,0.0,46728284.0,1791169434696869.120	
0,Device,46728284.0,0.0,46728284.0,1791169434716858.112	
0,Device,46728284.0,0.0,46728284.0,1791169434736860.160	
0,Device,46728284.0,0.0,46728284.0,1791169434756867.072	
0,Device,46728284.0,0.0,46728284.0,1791169434776880.128	
0,Device,46728284.0,0.0,46728284.0,1791169434796865.024	
0,Device,46728284.0,0.0,46728284.0,1791169434816868.096	
0,Device,46728284.0,0.0,46728284.0,1791169434836877.056	
0,Device,46728284.0,0.0,46728284.0,1791169434856868.096	
0,Device,46728284.0,0.0,46728284.0,1791169434876931.072	
0,Device,46728284.0,0.0,46728284.0,1791169434896857.088	
0,Device,46728284.0,0.0,46728284.0,1791169434916868.096	
0,Device,46728284.0,0.0,46728284.0,1791169434936880.128	
0,Device,46728284.0,0.0,46728284.0,1791169434957036.032	
0,Device,46728284.0,0.0,46728284.0,1791169434976870.144	
0,Device,46728284.0,0.0,46728284.0,1791169434996887.040	
0,Device,46728284.0,0.0,46728284.0,1791169435016864.000	
0,Device,46728284.0,0.0,46728284.0,1791169435037023.232	
0,Device,46728284.0,0.0,46728284.0,1791169435056884.224	
0,Device,46728284.0,0.0,46728284.0,1791169435076875.008	
0,Device,46728284.0,0.0,46728284.0,1791169435096884.992	
0,Device,46728284.0,0.0,46728284.0,1791169435116998.144	
0,Device,46728284.0,0.0,46728284.0,1791169435136877.056	
0,Device,46728284.0,0.0,46728284.0,1791169435156858.112	
0,Device,46728284.0,0.0,46728284.0,1791169435176862.208	
0,Device,46728284.0,0.0,46728284.0,1791169435196923.136	
0,Device,46728284.0,0.0,46728284.0,1791169435216861.184	
0,Device,46728284.0,0.0,46728284.0,1791169435236877.056	
0,Device,46728284.0,0.0,46728284.0,1791169435256863.232	
0,Device,46728284.0,0.0,46728284.0,1791169435276855.040	
0,Device,46728284.0,0.0,46728284.0,1791169435296880.128	
0,Device,46728284.0,0.0,46728284.0,1791169435316857.088	
0,Device,46728284.0,0.0,46728284.0,1791169435336858.112	
0,Device,46728284.0,0.0,46728284.0,1791169435356862.208	
0,Device,46728284.0,0.0,46728284.0,1791169435376937.984	
0,Device,46728284.0,0.0,46728284.0,1791169435396877.056	
0,Device,46728284.0,0.0,46728284.0,1791169435416875.008	
0,Device,46728284.0,0.0,46728284.0,1791169435436911.104	
0,Device,46728284.0,0.0,46728284.0,1791169435456865.024	
0,Device,46728284.0,0.0,46728284.0,1791169435476866.048	
0,Device,46728284.0,0.0,46728284.0,1791169435496866.048	
0,Device,46728284.0,0.0,46728284.0,1791169435516897.024	
0,Device,46728284.0,0.0,46728284.0,1791169435536887.040	
0,Device,46728284.0,0.0,46728284.0,1791169435556869.120	
0,Device,46728284.0,0.0,46728284.0,1791169435576864.000	
0,Device,46728284.0,0.0,46728284.0,1791169435596884.992	
0,Device,46728284.0,0.0,46728284.0,1791169435616854.016	
0,Device,46728284.0,0.0,46728284.0,1791169435636851.200	
0,Device,46728284.0,0.0,46728284.0,1791169435656875.008	
0,Device,46728284.0,0.0,46728284.0,1791169435676884.992	
0,Device,46728284.0,0.0,46728284.0,1791169435696865.024	
0,Device,46728284.0,0.0,46728284.0,1791169435716891.136	
0,Device,46728284.0,0.0,46728284.0,1791169435736877.056	
0,Device,46728284.0,0.0,46728284.0,1791169435756866.048	
0,Device,46728284.0,0.0,46728284.0,1791169435776863.232	
0,Device,46728284.0,0.0,46728284.0,1791169435796866.048	
0,Device,46728284.0,0.0,46728284.0,1791169435816861.184	
0,Device,46728284.0,0.0,46728284.0,1791169435836860.160	
0,Device,46728284.0,0.0,46728284.0,1791169435856872.192	
0,Device,46728284.0,0.0,46728284.0,1791169435876863.232	
0,Device,46728284.0,0.0,46728284.0,1791169435896857.088	
0,Device,46728284.0,0.0,46728284.0,1791169435916935.168	
0,Device,46728284.0,0.0,46728284.0,1791169435936877.056	
0,Device,46728284.0,0.0,46728284.0,1791169435956881.152	
0,Device,46728284.0,0.0,46728284.0,1791169435976887.040	
0,Device,46728284.0,0.0,46728284.0,1791169435996903.168	
0,Device,46728284.0,0.0,46728284.0,1791169436016866.048	
0,Device,46728284.0,0.0,46728284.0,1791169436036870.144	
0,Device,46728284.0,0.0,46728284.0,1791169436056873.216	
0,Device,46728284.0,0.0,46728284.0,1791169436076929.024	
0,Device,46728284.0,0.0,46728284.0,1791169436096873.984	
0,Device,46728284.0,0.0,46728284.0,1791169436116859.136	
0,Device,46728284.0,0.0,46728284.0,1791169436136877.056	
0,Device,46728032.0,0.0,46728032.0,1791169436156957.184	
0,Device,46728032.0,0.0,46728032.0,1791169436176862.208	
0,Device,46728032.0,0.0,46728032.0,1791169436196865.024	
0,Device,46728032.0,0.0,46728032.0,1791169436216867.072	
0,Device,46728032.0,0.0,46728032.0,1791169436236879.104	
0,Device,46728032.0,0.0,46728032.0,1791169436256863.232	
0,Device,46728032.0,0.0,46728032.0,1791169436276883.200	
0,Device,46728032.0,0.0,46728032.0,1791169436296863.232	
0,Device,46728032.0,0.0,46728032.0,1791169436316870.144	
0,Device,46728032.0,0.0,46728032.0,1791169436336863.232	
0,Device,46728032.0,0.0,46728032.0,1791169436356866.048	
0,Device,46728032.0,0.0,46728032.0,1791169436376856.064	
0,Device,46728032.0,0.0,46728032.0,1791169436396847.104	
0,Device,46728032.0,0.0,46728032.0,1791169436416863.232	
0,Device,46728032.0,0.0,46728032.0,1791169436436889.088	
0,Device,46728032.0,0.0,46728032.0,1791169436456876.032	
0,Device,46728032.0,0.0,46728032.0,1791169436476924.160	
0,Device,46728032.0,0.0,46728032.0,1791169436496880.128	
0,Device,46728032.0,0.0,46728032.0,1791169436516847.104	
0,Device,46728032.0,0.0,46728032.0,1791169436537023.232	
0,Device,46728032.0,0.0,46728032.0,1791169436556868.096	
0,Device,46728032.0,0.0,46728032.0,1791169436576862.208	
0,Device,46728032.0,0.0,46728032.0,1791169436596857.088	
0,Device,46728032.0,0.0,46728032.0,1791169436616916.992	
0,Device,46728032.0,0.0,46728032.0,1791169436636845.056	
0,Device,46728032.0,0.0,46728032.0,1791169436656868.096	
0,Device,46728032.0,0.0,46728032.0,1791169436676852.224	
0,Device,46728032.0,0.0,46728032.0,1791169436696856.064	
0,Device,46728032.0,0.0,46728032.0,1791169436716861.184	
0,Device,46728032.0,0.0,46728032.0,1791169436736867.072	
0,Device,46728032.0,0.0,46728032.0,1791169436756936.192	
0,Device,46728032.0,0.0,46728032.0,1791169436777026.048	
0,Device,46728032.0,0.0,46728032.0,1791169436796871.168	
0,Device,46728032.0,0.0,46728032.0,1791169436816908.032	
0,Device,46728032.0,0.0,46728032.0,1791169436837143.040	
0,Device,46728032.0,0.0,46728032.0,1791169436856929.024	
0,Device,46728032.0,0.0,46728032.0,1791169436876859.136	
0,Device,46728032.0,0.0,46728032.0,1791169436896857.088	
0,Device,46728032.0,0.0,46728032.0,1791169436916919.040	
0,Device,46728032.0,0.0,46728032.0,1791169436936859.136	
0,Device,46728032.0,0.0,46728032.0,1791169436956858.112	
0,Device,46728032.0,0.0,46728032.0,1791169436976851.200	
0,Device,46728032.0,0.0,46728032.0,1791169436996863.232	
0,Device,46728032.0,0.0,46728032.0,1791169437016901.120	
0,Device,46728032.0,0.0,46728032.0,1791169437036863.232	
0,Device,46728032.0,0.0,46728032.0,1791169437057018.112	
0,Device,46728032.0,0.0,46728032.0,1791169437076848.128	
0,Device,46728032.0,0.0,46728032.0,1791169437096872.192	
0,Device,46728032.0,0.0,46728032.0,1791169437116850.176	
0,Device,46728032.0,0.0,46728032.0,1791169437136995.072	
0,Device,46728032.0,0.0,46728032.0,1791169437156929.024	
0,Device,46728032.0,0.0,46728032.0,1791169437176876.032	
0,Device,46728032.0,0.0,46728032.0,1791169437196859.136	
0,Device,46728032.0,0.0,46728032.0,1791169437216954.112	
0,Device,46728032.0,0.0,46728032.0,1791169437236936.192	
0,Device,46728284.0,0.0,46728284.0,1791169437256852.224	
0,Device,46728284.0,0.0,46728284.0,1791169437276925.184	
0,Device,46728284.0,0.0,46728284.0,1791169437296854.016	
0,Device,46728284.0,0.0,46728284.0,1791169437316862.208	
0,Device,46728284.0,0.0,46728284.0,1791169437336928.000	
0,Device,46728284.0,0.0,46728284.0,1791169437357180.160	
0,Device,46728284.0,0.0,46728284.0,1791169437377192.192	
0,Device,46728284.0,0.0,46728284.0,1791169437396907.008	
0,Device,46728284.0,0.0,46728284.0,1791169437416890.112	
0,Device,46728284.0,0.0,46728284.0,1791169437436863.232	
0,Device,46728284.0,0.0,46728284.0,1791169437456908.032	
0,Device,46728260.0,0.0,46728260.0,1791169437476941.056	
0,Device,46728260.0,0.0,46728260.0,1791169437496911.104	
0,Device,46728260.0,0.0,46728260.0,1791169437517078.016	
0,Device,46728260.0,0.0,46728260.0,1791169437536854.016	
0,Device,46728260.0,0.0,46728260.0,1791169437556890.112	
0,Device,46728260.0,0.0,46728260.0,1791169437576854.016	
0,Device,46728260.0,0.0,46728260.0,1791169437596950.016	
0,Device,46728260.0,0.0,46728260.0,1791169437616867.072	
0,Device,46728260.0,0.0,46728260.0,1791169437636900.096	
0,Device,46728260.0,0.0,46728260.0,1791169437656870.144	
0,Device,46728260.0,0.0,46728260.0,1791169437676859.136	
0,Device,46728260.0,0.0,46728260.0,1791169437696854.016	
0,Device,46728260.0,0.0,46728260.0,1791169437716851.200	
0,Device,46728260.0,0.0,46728260.0,1791169437736850.176	
0,Device,46728260.0,0.0,46728260.0,1791169437756854.016	
0,Device,46728260.0,0.0,46728260.0,1791169437776849.152	
0,Device,46728260.0,0.0,46728260.0,1791169437796851.200	
0,Device,46728260.0,0.0,46728260.0,1791169437817012.992	
0,Device,46728260.0,0.0,46728260.0,1791169437836849.152	
0,Device,46728260.0,0.0,46728260.0,1791169437856857.088	
0,Device,46728260.0,0.0,46728260.0,1791169437876856.064	
0,Device,46728260.0,0.0,46728260.0,1791169437896852.224	
0,Device,46728260.0,0.0,46728260.0,1791169437916850.176	
0,Device,46728260.0,0.0,46728260.0,1791169437936878.080	
0,Device,46728260.0,0.0,46728260.0,1791169437956869.120	
0,Device,46728260.0,0.0,46728260.0,1791169437976852.992	
0,Device,46728260.0,0.0,46728260.0,1791169437996851.200	
0,Device,46728260.0,0.0,46728260.0,1791169438016854.016	
0,Device,46728260.0,0.0,46728260.0,1791169438037014.016	
0,Device,46728260.0,0.0,46728260.0,1791169438056848.128	
0,Device,46728260.0,0.0,46728260.0,1791169438076855.040	
0,Device,46728260.0,0.0,46728260.0,1791169438096847.104	
0,Device,46728260.0,0.0,46728260.0,1791169438116898.048	
0,Device,46728260.0,0.0,46728260.0,1791169438136850.176	
0,Device,46728260.0,0.0,46728260.0,1791169438156854.016	
0,Device,46728260.0,0.0,46728260.0,1791169438176854.016	
0,Device,46728260.0,0.0,46728260.0,1791169438196859.136	
0,Device,46728260.0,0.0,46728260.0,1791169438216852.992	
0,Device,46728260.0,0.0,46728260.0,1791169438236857.088	
0,Device,46728260.0,0.0,46728260.0,1791169438256848.128	
0,Device,46728260.0,0.0,46728260.0,1791169438276851.200	
0,Device,46728260.0,0.0,46728260.0,1791169438296850.176	
0,Device,46728260.0,0.0,46728260.0,1791169438316886.016	
0,Device,46728260.0,0.0,46728260.0,1791169438336937.984	
0,Device,46728260.0,0.0,46728260.0,1791169438356857.088	
0,Device,46728260.0,0.0,46728260.0,1791169438376852.224	
0,Device,46728260.0,0.0,46728260.0,1791169438396865.024	
0,Device,46728260.0,0.0,46728260.0,1791169438416855.040	
0,Device,46728260.0,0.0,46728260.0,1791169438436866.048	
0,Device,46728260.0,0.0,46728260.0,1791169438456867.072	
0,Device,46728260.0,0.0,46728260.0,1791169438476849.152	
0,Device,46728260.0,0.0,46728260.0,1791169438496859.136	
0,Device,46728260.0,0.0,46728260.0,1791169438516854.016	
0,Device,46728260.0,0.0,46728260.0,1791169438536851.200	
0,Device,46728260.0,0.0,46728260.0,1791169438556947.200	
0,Device,46728260.0,0.0,46728260.0,1791169438576860.160	
0,Device,46728260.0,0.0,46728260.0,1791169438596859.136	
0,Device,46728260.0,0.0,46728260.0,1791169438616860.160	
0,Device,46728260.0,0.0,46728260.0,1791169438636849.152	
0,Device,46728260.0,0.0,46728260.0,1791169438656850.176	
0,Device,46728260.0,0.0,46728260.0,1791169438676861.184	
0,Device,46728260.0,0.0,46728260.0,1791169438696860.160	
0,Device,46728260.0,0.0,46728260.0,1791169438716863.232	
0,Device,46728260.0,0.0,46728260.0,1791169438736875.008	
0,Device,46728260.0,0.0,46728260.0,1791169438756905.216	
0,Device,46728260.0,0.0,46728260.0,1791169438777006.080	
0,Device,46728260.0,0.0,46728260.0,1791169438796873.216	
0,Device,46728260.0,0.0,46728260.0,1791169438816867.072	
0,Device,46728260.0,0.0,46728260.0,1791169438836879.104	
0,Device,46728260.0,0.0,46728260.0,1791169438856905.216	
0,Device,46728260.0,0.0,46728260.0,1791169438876863.232	
0,Device,46728260.0,0.0,46728260.0,1791169438896859.136	
0,Device,46728260.0,0.0,46728260.0,1791169438916867.072	
0,Device,46728260.0,0.0,46728260.0,1791169438936862.208	
0,Device,46728260.0,0.0,46728260.0,1791169438956863.232	
0,Device,46728260.0,0.0,46728260.0,1791169438976857.088	
0,Device,46728260.0,0.0,46728260.0,1791169438996850.176	
0,Device,46728260.0,0.0,46728260.0,1791169439016871.168	
0,Device,46728260.0,0.0,46728260.0,1791169439036851.200	
0,Device,46728260.0,0.0,46728260.0,1791169439056922.112	
0,Device,46728260.0,0.0,46728260.0,1791169439077046.016	
0,Device,46728260.0,0.0,46728260.0,1791169439096857.088	
0,Device,46728260.0,0.0,46728260.0,1791169439116965.120	
0,Device,46728008.0,0.0,46728008.0,1791169439136857.088	
0,Device,46728008.0,0.0,46728008.0,1791169439156960.000	
0,Device,46728008.0,0.0,46728008.0,1791169439176905.984	
0,Device,46728008.0,0.0,46728008.0,1791169439196865.024	
0,Device,46728008.0,0.0,46728008.0,1791169439216880.128	
0,Device,46728008.0,0.0,46728008.0,1791169439236855.040	
0,Device,46728008.0,0.0,46728008.0,1791169439256863.232	
0,Device,46728008.0,0.0,46728008.0,1791169439276861.184	
0,Device,46728008.0,0.0,46728008.0,1791169439297042.176	
0,Device,46728008.0,0.0,46728008.0,1791169439316866.048	
0,Device,46728008.0,0.0,46728008.0,1791169439336849.152	
0,Device,46728008.0,0.0,46728008.0,1791169439356868.096	
0,Device,46728008.0,0.0,46728008.0,1791169439377048.064	
0,Device,46728008.0,0.0,46728008.0,1791169439396848.128	
0,Device,46728008.0,0.0,46728008.0,1791169439416856.064	
0,Device,46728008.0,0.0,46728008.0,1791169439436937.984	
0,Device,46728008.0,0.0,46728008.0,1791169439456859.136	
0,Device,46728008.0,0.0,46728008.0,1791169439476933.120	
0,Device,46728008.0,0.0,46728008.0,1791169439496900.096	
0,Device,46728008.0,0.0,46728008.0,1791169439516854.016	
0,Device,46728008.0,0.0,46728008.0,1791169439536875.008	
0,Device,46728008.0,0.0,46728008.0,1791169439556896.000	
0,Device,46728008.0,0.0,46728008.0,1791169439576862.208	
0,Device,46728008.0,0.0,46728008.0,1791169439597078.016	
0,Device,46728008.0,0.0,46728008.0,1791169439616871.168	
0,Device,46728008.0,0.0,46728008.0,1791169439636856.064	
0,Device,46728008.0,0.0,46728008.0,1791169439656852.224	
0,Device,46728008.0,0.0,46728008.0,1791169439676991.232	
0,Device,46728008.0,0.0,46728008.0,1791169439696919.040	
0,Device,46728008.0,0.0,46728008.0,1791169439716868.096	
0,Device,46728008.0,0.0,46728008.0,1791169439736851.200	
0,Device,46728008.0,0.0,46728008.0,1791169439756861.184	
0,Device,46728008.0,0.0,46728008.0,1791169439776850.176	
0,Device,46728008.0,0.0,46728008.0,1791169439796865.024	
0,Device,46728008.0,0.0,46728008.0,1791169439816980.992	
0,Device,46728008.0,0.0,46728008.0,1791169439836865.024	
0,Device,46728008.0,0.0,46728008.0,1791169439856851.200	
0,Device,46728008.0,0.0,46728008.0,1791169439876902.144	
0,Device,46728008.0,0.0,46728008.0,1791169439897021.184	
0,Device,46728260.0,0.0,46728260.0,1791169439916858.112	
0,Device,46728260.0,0.0,46728260.0,1791169439936858.112	
0,Device,46728260.0,0.0,46728260.0,1791169439956899.072	
0,Device,46728260.0,0.0,46728260.0,1791169439976929.024	
0,Device,46728260.0,0.0,46728260.0,1791169439996920.064	
0,Device,46728260.0,0.0,46728260.0,1791169440016931.072	
0,Device,46728260.0,0.0,46728260.0,1791169440036860.160	
0,Device,46728260.0,0.0,46728260.0,1791169440056863.232	
0,Device,46728260.0,0.0,46728260.0,1791169440076862.208	
0,Device,46728260.0,0.0,46728260.0,1791169440096852.992	
0,Device,46728260.0,0.0,46728260.0,1791169440116889.088	
0,Device,46728260.0,0.0,46728260.0,1791169440136848.128	
0,Device,46728260.0,0.0,46728260.0,1791169440156909.056	
0,Device,46728260.0,0.0,46728260.0,1791169440176862.208	
0,Device,46728260.0,0.0,46728260.0,1791169440197020.160	
0,Device,46729068.0,0.0,46729068.0,1791169440217929.984	
0,Device,46729072.0,0.0,46729072.0,1791169440236892.160	
0,Device,46728760.0,0.0,46728760.0,1791169440256866.048	
0,Device,46728356.0,0.0,46728356.0,1791169440277017.088	
0,Device,46728356.0,0.0,46728356.0,1791169440296862.208	
0,Device,46728356.0,0.0,46728356.0,1791169440316886.016	
0,Device,46728356.0,0.0,46728356.0,1791169440336920.064	
0,Device,46728356.0,0.0,46728356.0,1791169440356922.112	
0,Device,46728176.0,0.0,46728176.0,1791169440376913.152	
0,Device,46728176.0,0.0,46728176.0,1791169440396852.224	
0,Device,46728176.0,0.0,46728176.0,1791169440416872.192	
0,Device,46728176.0,0.0,46728176.0,1791169440436852.992	
0,Device,46728176.0,0.0,46728176.0,1791169440456899.072	
0,Device,46728176.0,0.0,46728176.0,1791169440476880.128	
0,Device,46728176.0,0.0,46728176.0,1791169440497085.184	
0,Device,46728176.0,0.0,46728176.0,1791169440516858.112	
0,Device,46728176.0,0.0,46728176.0,1791169440536905.216	
0,Device,46728176.0,0.0,46728176.0,1791169440556864.000	
0,Device,46728176.0,0.0,46728176.0,1791169440576945.152	
0,Device,46728176.0,0.0,46728176.0,1791169440596869.120	
0,Device,46728176.0,0.0,46728176.0,1791169440616862.208	
0,Device,46728176.0,0.0,46728176.0,1791169440636901.120	
0,Device,46728176.0,0.0,46728176.0,1791169440656855.040	
0,Device,46728176.0,0.0,46728176.0,1791169440676869.120	
0,Device,46728176.0,0.0,46728176.0,1791169440696862.208	
0,Device,46728176.0,0.0,46728176.0,1791169440716902.144	
0,Device,46728176.0,0.0,46728176.0,1791169440736926.208	
0,Device,46728176.0,0.0,46728176.0,1791169440756849.152	
0,Device,46728176.0,0.0,46728176.0,1791169440776847.104	
0,Device,46728176.0,0.0,46728176.0,1791169440797040.128	
0,Device,46728176.0,0.0,46728176.0,1791169440816971.008	
0,Device,46728176.0,0.0,46728176.0,1791169440836868.096	
0,Device,46728176.0,0.0,46728176.0,1791169440856857.088	
0,Device,46728176.0,0.0,46728176.0,1791169440876916.224	
0,Device,46728176.0,0.0,46728176.0,1791169440896884.992	
0,Device,46728176.0,0.0,46728176.0,1791169440916852.992	
0,Device,46728176.0,0.0,46728176.0,1791169440936850.176	
0,Device,46728176.0,0.0,46728176.0,1791169440956851.200	
0,Device,46728176.0,0.0,46728176.0,1791169440976854.016	
0,Device,46728176.0,0.0,46728176.0,1791169440996852.224	
0,Device,46728176.0,0.0,46728176.0,1791169441016852.224	
0,Device,46728176.0,0.0,46728176.0,1791169441036852.224	
0,Device,46728176.0,0.0,46728176.0,1791169441056902.144	
0,Device,46728176.0,0.0,46728176.0,1791169441076875.008	
0,Device,46728176.0,0.0,46728176.0,1791169441097021.184	
0,Device,46728176.0,0.0,46728176.0,1791169441116861.184	
0,Device,46728176.0,0.0,46728176.0,1791169441136855.040	
0,Device,46728176.0,0.0,46728176.0,1791169441156848.128	
0,Device,46728176.0,0.0,46728176.0,1791169441176884.224	
0,Device,46728176.0,0.0,46728176.0,1791169441196859.136	
0,Device,46728176.0,0.0,46728176.0,1791169441216849.152	
0,Device,46728176.0,0.0,46728176.0,1791169441236878.080	
0,Device,46728428.0,0.0,46728428.0,1791169441256910.080	
0,Device,46728428.0,0.0,46728428.0,1791169441276869.120	
0,Device,46728428.0,0.0,46728428.0,1791169441296860.160	
0,Device,46728428.0,0.0,46728428.0,1791169441316866.048	
0,Device,46728428.0,0.0,46728428.0,1791169441336866.048	
0,Device,46728428.0,0.0,46728428.0,1791169441356948.992	
0,Device,46728428.0,0.0,46728428.0,1791169441376856.064	
0,Device,46728428.0,0.0,46728428.0,1791169441397084.160	
0,Device,46728428.0,0.0,46728428.0,1791169441416848.128	
0,Device,46728428.0,0.0,46728428.0,1791169441436883.200	
0,Device,46728428.0,0.0,46728428.0,1791169441456849.152	
0,Device,46728428.0,0.0,46728428.0,1791169441477004.032	
0,Device,46728428.0,0.0,46728428.0,1791169441496916.992	
0,Device,46728428.0,0.0,46728428.0,1791169441516904.192	
0,Device,46728428.0,0.0,46728428.0,1791169441536846.080	
0,Device,46728428.0,0.0,46728428.0,1791169441556864.000	
0,Device,46728428.0,0.0,46728428.0,1791169441576857.088	
0,Device,46728428.0,0.0,46728428.0,1791169441596871.168	
0,Device,46728428.0,0.0,46728428.0,1791169441616912.128	
0,Device,46728428.0,0.0,46728428.0,1791169441636869.120	
0,Device,46728428.0,0.0,46728428.0,1791169441656933.120	
0,Device,46728428.0,0.0,46728428.0,1791169441676976.128	
0,Device,46728428.0,0.0,46728428.0,1791169441697118.208	
0,Device,46728428.0,0.0,46728428.0,1791169441716878.080	
0,Device,46728428.0,0.0,46728428.0,1791169441736846.080	
0,Device,46728428.0,0.0,46728428.0,1791169441756859.136	
0,Device,46728428.0,0.0,46728428.0,1791169441776910.080	
0,Device,46728428.0,0.0,46728428.0,1791169441796852.992	
0,Device,46728428.0,0.0,46728428.0,1791169441816872.192	
0,Device,46728428.0,0.0,46728428.0,1791169441836932.096	
0,Device,46728428.0,0.0,46728428.0,1791169441856857.088	
0,Device,46728428.0,0.0,46728428.0,1791169441876857.088	
0,Device,46728428.0,0.0,46728428.0,1791169441896844.032	
0,Device,46728428.0,0.0,46728428.0,1791169441917092.096	
0,Device,46728428.0,0.0,46728428.0,1791169441936852.992	
0,Device,46728428.0,0.0,46728428.0,1791169441956895.232	
0,Device,46728428.0,0.0,46728428.0,1791169441976860.160	
0,Device,46728428.0,0.0,46728428.0,1791169441997015.040	
0,Device,46728428.0,0.0,46728428.0,1791169442016916.224	
0,Device,46728428.0,0.0,46728428.0,1791169442036845.056	
0,Device,46728428.0,0.0,46728428.0,1791169442056866.048	
0,Device,46728428.0,0.0,46728428.0,1791169442076918.016	
0,Device,46728428.0,0.0,46728428.0,1791169442096913.152	
0,Device,46728428.0,0.0,46728428.0,1791169442116902.144	
0,Device,46728176.0,0.0,46728176.0,1791169442136862.208	
0,Device,46728176.0,0.0,46728176.0,1791169442156997.120	
0,Device,46728176.0,0.0,46728176.0,1791169442176858.112	
0,Device,46728176.0,0.0,46728176.0,1791169442196867.072	
0,Device,46728176.0,0.0,46728176.0,1791169442217070.080	
0,Device,46728428.0,0.0,46728428.0,1791169442236914.176	
0,Device,46728428.0,0.0,46728428.0,1791169442256860.160	
0,Device,46728428.0,0.0,46728428.0,1791169442276887.040	
0,Device,46728428.0,0.0,46728428.0,1791169442297022.208	
0,Device,46728428.0,0.0,46728428.0,1791169442316858.112	
0,Device,46728428.0,0.0,46728428.0,1791169442336856.064	
0,Device,46728428.0,0.0,46728428.0,1791169442356908.032	
0,Device,46728428.0,0.0,46728428.0,1791169442376942.080	
0,Device,46728428.0,0.0,46728428.0,1791169442396921.088	
0,Device,46728428.0,0.0,46728428.0,1791169442416858.112	
0,Device,46728428.0,0.0,46728428.0,1791169442436860.160	
0,Device,46728428.0,0.0,46728428.0,1791169442456935.168	
0,Device,46728428.0,0.0,46728428.0,1791169442476977.152	
0,Device,46728428.0,0.0,46728428.0,1791169442496847.104	
0,Device,46728428.0,0.0,46728428.0,1791169442516865.024	
0,Device,46728428.0,0.0,46728428.0,1791169442536855.040	
0,Device,46728428.0,0.0,46728428.0,1791169442556858.112	
0,Device,46728428.0,0.0,46728428.0,1791169442576896.000	
0,Device,46728428.0,0.0,46728428.0,1791169442597015.040	
0,Device,46728428.0,0.0,46728428.0,1791169442616865.024	
0,Device,46728428.0,0.0,46728428.0,1791169442636933.120	
0,Device,46728428.0,0.0,46728428.0,1791169442656894.208	
0,Device,46728428.0,0.0,46728428.0,1791169442676945.152	
0,Device,46728428.0,0.0,46728428.0,1791169442696908.032	
0,Device,46728428.0,0.0,46728428.0,1791169442716873.216	
0,Device,46728428.0,0.0,46728428.0,1791169442736897.024	
0,Device,46728428.0,0.0,46728428.0,1791169442756943.104	
0,Device,46728428.0,0.0,46728428.0,1791169442776866.048	
0,Device,46728428.0,0.0,46728428.0,1791169442796855.040	
0,Device,46728428.0,0.0,46728428.0,1791169442817095.168	
0,Device,46728428.0,0.0,46728428.0,1791169442836857.088	
0,Device,46728428.0,0.0,46728428.0,1791169442856864.000	
0,Device,46728428.0,0.0,46728428.0,1791169442876854.016	
0,Device,46728428.0,0.0,46728428.0,1791169442897036.032	
0,Device,46728428.0,0.0,46728428.0,1791169442916931.072	
0,Device,46728428.0,0.0,46728428.0,1791169442936919.040	
0,Device,46728428.0,0.0,46728428.0,1791169442956881.152	
0,Device,46728428.0,0.0,46728428.0,1791169442976887.040	
0,Device,46728428.0,0.0,46728428.0,1791169442996905.984	
0,Device,46728428.0,0.0,46728428.0,1791169443016895.232	
0,Device,46728428.0,0.0,46728428.0,1791169443036871.168	
0,Device,46728428.0,0.0,46728428.0,1791169443056888.064	
0,Device,46728428.0,0.0,46728428.0,1791169443076855.040	
0,Device,46728428.0,0.0,46728428.0,1791169443096856.064	
0,Device,46728428.0,0.0,46728428.0,1791169443117032.192	
0,Device,46728428.0,0.0,46728428.0,1791169443136868.096	
0,Device,46728428.0,0.0,46728428.0,1791169443156873.984	
0,Device,46728428.0,0.0,46728428.0,1791169443176850.176	
0,Device,46728428.0,0.0,46728428.0,1791169443196926.208	
0,Device,46728428.0,0.0,46728428.0,1791169443216862.208	
0,Device,46728428.0,0.0,46728428.0,1791169443236864.000	
0,Device,46728428.0,0.0,46728428.0,1791169443256873.984	
0,Device,46728428.0,0.0,46728428.0,1791169443276863.232	
0,Device,46728428.0,0.0,46728428.0,1791169443296850.176	
0,Device,46728428.0,0.0,46728428.0,1791169443316932.096	
0,Device,46728428.0,0.0,46728428.0,1791169443336856.064	
0,Device,46728428.0,0.0,46728428.0,1791169443356855.040	
0,Device,46728428.0,0.0,46728428.0,1791169443376862.208	
0,Device,46728428.0,0.0,46728428.0,1791169443396899.072	
0,Device,46728428.0,0.0,46728428.0,1791169443416847.104	
0,Device,46728428.0,0.0,46728428.0,1791169443436876.032	
0,Device,46728428.0,0.0,46728428.0,1791169443456864.000	
0,Device,46728428.0,0.0,46728428.0,1791169443476937.984	
0,Device,46728428.0,0.0,46728428.0,1791169443496980.224	
0,Device,46728428.0,0.0,46728428.0,1791169443516897.024	
0,Device,46728428.0,0.0,46728428.0,1791169443536854.016	
0,Device,46728428.0,0.0,46728428.0,1791169443556869.120	
0,Device,46728428.0,0.0,46728428.0,1791169443576909.056	
0,Device,46728428.0,0.0,46728428.0,1791169443596857.088	
0,Device,46728428.0,0.0,46728428.0,1791169443616867.072	
0,Device,46728428.0,0.0,46728428.0,1791169443636939.008	
0,Device,46728428.0,0.0,46728428.0,1791169443656869.120	
0,Device,46728428.0,0.0,46728428.0,1791169443676857.088	
0,Device,46728428.0,0.0,46728428.0,1791169443696849.152	
0,Device,46728428.0,0.0,46728428.0,1791169443716868.096	
0,Device,46728428.0,0.0,46728428.0,1791169443736863.232	
0,Device,46728428.0,0.0,46728428.0,1791169443756857.088	
0,Device,46728428.0,0.0,46728428.0,1791169443776898.048	
0,Device,46728428.0,0.0,46728428.0,1791169443796990.208	
0,Device,46728428.0,0.0,46728428.0,1791169443816861.184	
0,Device,46728428.0,0.0,46728428.0,1791169443836864.000	
0,Device,46728428.0,0.0,46728428.0,1791169443856910.080	
0,Device,46728428.0,0.0,46728428.0,1791169443876920.064	
0,Device,46728428.0,0.0,46728428.0,1791169443896873.984	
0,Device,46728428.0,0.0,46728428.0,1791169443916856.064	
0,Device,46728428.0,0.0,46728428.0,1791169443936873.984	
0,Device,46728428.0,0.0,46728428.0,1791169443956854.016	
0,Device,46728428.0,0.0,46728428.0,1791169443976854.016	
0,Device,46728428.0,0.0,46728428.0,1791169443996861.184	
0,Device,46728428.0,0.0,46728428.0,1791169444017010.176	
0,Device,46728428.0,0.0,46728428.0,1791169444036852.224	
0,Device,46728428.0,0.0,46728428.0,1791169444056862.208	
0,Device,46728428.0,0.0,46728428.0,1791169444076866.048	
0,Device,46728428.0,0.0,46728428.0,1791169444096900.096	
0,Device,46728428.0,0.0,46728428.0,1791169444116852.224	
0,Device,46728428.0,0.0,46728428.0,1791169444136856.064	
0,Device,46728428.0,0.0,46728428.0,1791169444156863.232	
0,Device,46728428.0,0.0,46728428.0,1791169444176851.200	
0,Device,46728428.0,0.0,46728428.0,1791169444196887.040	
0,Device,46728428.0,0.0,46728428.0,1791169444216858.112	
0,Device,46728428.0,0.0,46728428.0,1791169444237018.112	
0,Device,46728428.0,0.0,46728428.0,1791169444256852.224	
0,Device,46728428.0,0.0,46728428.0,1791169444276848.128	
0,Device,46728428.0,0.0,46728428.0,1791169444296944.128	
0,Device,46728428.0,0.0,46728428.0,1791169444316931.072	
0,Device,46728428.0,0.0,46728428.0,1791169444336850.176	
0,Device,46728428.0,0.0,46728428.0,1791169444356931.072	
0,Device,46728428.0,0.0,46728428.0,1791169444376898.048	
0,Device,46728428.0,0.0,46728428.0,1791169444396855.040	
0,Device,46728428.0,0.0,46728428.0,1791169444416858.112	
0,Device,46728428.0,0.0,46728428.0,1791169444436892.160	
0,Device,46728428.0,0.0,46728428.0,1791169444456852.992	
0,Device,46728428.0,0.0,46728428.0,1791169444476914.176	
0,Device,46728428.0,0.0,46728428.0,1791169444496861.184	
0,Device,46728428.0,0.0,46728428.0,1791169444516903.168	
0,Device,46728428.0,0.0,46728428.0,1791169444537025.024	
0,Device,46728428.0,0.0,46728428.0,1791169444556943.104	
0,Device,46728428.0,0.0,46728428.0,1791169444576869.120	
0,Device,46728428.0,0.0,46728428.0,1791169444596893.184	
0,Device,46728428.0,0.0,46728428.0,1791169444616987.136	
0,Device,46728428.0,0.0,46728428.0,1791169444636856.064	
0,Device,46728428.0,0.0,46728428.0,1791169444656852.992	
0,Device,46728428.0,0.0,46728428.0,1791169444676896.000	
0,Device,46728428.0,0.0,46728428.0,1791169444696881.152	
0,Device,46728428.0,0.0,46728428.0,1791169444716871.168	
0,Device,46728428.0,0.0,46728428.0,1791169444736856.064	
0,Device,46728428.0,0.0,46728428.0,1791169444756866.048	
0,Device,46728428.0,0.0,46728428.0,1791169444776986.112	
0,Device,46728428.0,0.0,46728428.0,1791169444796886.016	
0,Device,46728428.0,0.0,46728428.0,1791169444816922.112	
0,Device,46728428.0,0.0,46728428.0,1791169444837012.224	
0,Device,46728428.0,0.0,46728428.0,1791169444856847.104	
0,Device,46728428.0,0.0,46728428.0,1791169444876926.208	
0,Device,46728428.0,0.0,46728428.0,1791169444896958.208	
0,Device,46728428.0,0.0,46728428.0,1791169444916950.016	
0,Device,46728428.0,0.0,46728428.0,1791169444936852.992	
0,Device,46728428.0,0.0,46728428.0,1791169444956841.984	
0,Device,46728428.0,0.0,46728428.0,1791169444976861.184	
0,Device,46728428.0,0.0,46728428.0,1791169444996858.112	
0,Device,46728428.0,0.0,46728428.0,1791169445016846.080	
0,Device,46728428.0,0.0,46728428.0,1791169445036847.104	
0,Device,46728428.0,0.0,46728428.0,1791169445056877.056	
0,Device,46728428.0,0.0,46728428.0,1791169445076871.168	
0,Device,46728428.0,0.0,46728428.0,1791169445096849.152	
0,Device,46728428.0,0.0,46728428.0,1791169445116920.064	
0,Device,46728428.0,0.0,46728428.0,1791169445137044.224	
0,Device,46728176.0,0.0,46728176.0,1791169445156872.192	
0,Device,46728176.0,0.0,46728176.0,1791169445176864.000	
0,Device,46728176.0,0.0,46728176.0,1791169445196916.224	
0,Device,46728176.0,0.0,46728176.0,1791169445216920.064	
0,Device,46728176.0,0.0,46728176.0,1791169445236884.224	
0,Device,46728176.0,0.0,46728176.0,1791169445256929.024	
0,Device,46728176.0,0.0,46728176.0,1791169445276864.000	
0,Device,46728176.0,0.0,46728176.0,1791169445296925.184	
0,Device,46728176.0,0.0,46728176.0,1791169445316861.184	
0,Device,46728176.0,0.0,46728176.0,1791169445336861.184	
0,Device,46728176.0,0.0,46728176.0,1791169445356859.136	
0,Device,46728176.0,0.0,46728176.0,1791169445376871.168	
0,Device,46728176.0,0.0,46728176.0,1791169445396863.232	
0,Device,46728176.0,0.0,46728176.0,1791169445417004.032	
0,Device,46728176.0,0.0,46728176.0,1791169445437019.136	
0,Device,46728176.0,0.0,46728176.0,1791169445456948.992	
0,Device,46728176.0,0.0,46728176.0,1791169445476939.008	
0,Device,46728176.0,0.0,46728176.0,1791169445496957.184	
0,Device,46728176.0,0.0,46728176.0,1791169445517217.024	
0,Device,46728176.0,0.0,46728176.0,1791169445536855.040	
0,Device,46728176.0,0.0,46728176.0,1791169445556872.192	
0,Device,46728176.0,0.0,46728176.0,1791169445576907.008	
0,Device,46728176.0,0.0,46728176.0,1791169445596905.216	
0,Device,46728176.0,0.0,46728176.0,1791169445616859.136	
0,Device,46728176.0,0.0,46728176.0,1791169445636927.232	
0,Device,46728176.0,0.0,46728176.0,1791169445656894.208	
0,Device,46728176.0,0.0,46728176.0,1791169445676851.200	
0,Device,46728176.0,0.0,46728176.0,1791169445696865.024	
0,Device,46728176.0,0.0,46728176.0,1791169445716858.112	
0,Device,46728176.0,0.0,46728176.0,1791169445737056.000	
0,Device,46728176.0,0.0,46728176.0,1791169445756935.168	
0,Device,46728176.0,0.0,46728176.0,1791169445776852.224	
0,Device,46728176.0,0.0,46728176.0,1791169445796870.144	
0,Device,46728176.0,0.0,46728176.0,1791169445817124.096	
0,Device,46728176.0,0.0,46728176.0,1791169445836868.096	
0,Device,46728176.0,0.0,46728176.0,1791169445856859.136	
0,Device,46728176.0,0.0,46728176.0,1791169445876870.144	
0,Device,46728176.0,0.0,46728176.0,1791169445896868.096	
0,Device,46728176.0,0.0,46728176.0,1791169445916921.088	
0,Device,46728176.0,0.0,46728176.0,1791169445936852.992	
0,Device,46728176.0,0.0,46728176.0,1791169445956870.144	
0,Device,46728176.0,0.0,46728176.0,1791169445976864.000	
0,Device,46728176.0,0.0,46728176.0,1791169445996888.064	
0,Device,46728176.0,0.0,46728176.0,1791169446016934.144	
0,Device,46728176.0,0.0,46728176.0,1791169446037033.984	
0,Device,46728428.0,0.0,46728428.0,1791169446056909.056	
0,Device,46728428.0,0.0,46728428.0,1791169446076926.208	
0,Device,46728428.0,0.0,46728428.0,1791169446096872.192	
0,Device,46728428.0,0.0,46728428.0,1791169446116952.064	
0,Device,46728428.0,0.0,46728428.0,1791169446136854.016	
0,Device,46728428.0,0.0,46728428.0,1791169446156866.048	
0,Device,46728428.0,0.0,46728428.0,1791169446176864.000	
0,Device,46728428.0,0.0,46728428.0,1791169446196845.056	
0,Device,46728428.0,0.0,46728428.0,1791169446216855.040	
0,Device,46728428.0,0.0,46728428.0,1791169446236868.096	
0,Device,46728428.0,0.0,46728428.0,1791169446256877.056	
0,Device,46728428.0,0.0,46728428.0,1791169446276930.048	
0,Device,46728428.0,0.0,46728428.0,1791169446296855.040	
0,Device,46728428.0,0.0,46728428.0,1791169446316851.200	
0,Device,46728428.0,0.0,46728428.0,1791169446337030.144	
0,Device,46728428.0,0.0,46728428.0,1791169446356920.064	
0,Device,46728428.0,0.0,46728428.0,1791169446376849.152	
0,Device,46728428.0,0.0,46728428.0,1791169446396861.184	
0,Device,46728428.0,0.0,46728428.0,1791169446416999.168	
0,Device,46728428.0,0.0,46728428.0,1791169446436927.232	
0,Device,46728428.0,0.0,46728428.0,1791169446456866.048	
0,Device,46728428.0,0.0,46728428.0,1791169446476859.136	
0,Device,46728428.0,0.0,46728428.0,1791169446496846.080	
0,Device,46728428.0,0.0,46728428.0,1791169446516856.064	
0,Device,46728428.0,0.0,46728428.0,1791169446536852.992	
0,Device,46728428.0,0.0,46728428.0,1791169446556859.136	
0,Device,46728428.0,0.0,46728428.0,1791169446576865.024	
0,Device,46728428.0,0.0,46728428.0,1791169446596851.200	
0,Device,46728428.0,0.0,46728428.0,1791169446616868.096	
0,Device,46728428.0,0.0,46728428.0,1791169446637017.088	
0,Device,46728428.0,0.0,46728428.0,1791169446656864.000	
0,Device,46728428.0,0.0,46728428.0,1791169446676901.120	
0,Device,46728428.0,0.0,46728428.0,1791169446696854.016	
0,Device,46728428.0,0.0,46728428.0,1791169446716990.208	
0,Device,46728428.0,0.0,46728428.0,1791169446736845.056	
0,Device,46728428.0,0.0,46728428.0,1791169446756861.184	
0,Device,46728428.0,0.0,46728428.0,1791169446776877.056	
0,Device,46728428.0,0.0,46728428.0,1791169446796890.112	
0,Device,46728428.0,0.0,46728428.0,1791169446816857.088	
0,Device,46728428.0,0.0,46728428.0,1791169446836857.088	
0,Device,46728428.0,0.0,46728428.0,1791169446856896.000	
0,Device,46728428.0,0.0,46728428.0,1791169446876862.208	
0,Device,46728428.0,0.0,46728428.0,1791169446896868.096	
0,Device,46728428.0,0.0,46728428.0,1791169446916870.144	
0,Device,46728428.0,0.0,46728428.0,1791169446937080.064	
0,Device,46728428.0,0.0,46728428.0,1791169446956921.088	
0,Device,46728428.0,0.0,46728428.0,1791169446976870.144	
0,Device,46728428.0,0.0,46728428.0,1791169446996867.072	
0,Device,46728428.0,0.0,46728428.0,1791169447016977.152	
0,Device,46728428.0,0.0,46728428.0,1791169447036866.048	
0,Device,46728428.0,0.0,46728428.0,1791169447056865.024	
0,Device,46728428.0,0.0,46728428.0,1791169447076866.048	
0,Device,46728428.0,0.0,46728428.0,1791169447096867.072	
0,Device,46728428.0,0.0,46728428.0,1791169447116876.032	
0,Device,46728428.0,0.0,46728428.0,1791169447136861.184	
0,Device,46728428.0,0.0,46728428.0,1791169447156858.112	
0,Device,46728428.0,0.0,46728428.0,1791169447176851.200	
0,Device,46728428.0,0.0,46728428.0,1791169447196890.112	
0,Device,46728428.0,0.0,46728428.0,1791169447216849.152	
0,Device,46728428.0,0.0,46728428.0,1791169447236860.160	
0,Device,46728428.0,0.0,46728428.0,1791169447256867.072	
0,Device,46728428.0,0.0,46728428.0,1791169447276862.208	
0,Device,46728428.0,0.0,46728428.0,1791169447296860.160	
0,Device,46728428.0,0.0,46728428.0,1791169447316992.000	
0,Device,46728428.0,0.0,46728428.0,1791169447336854.016	
0,Device,46728428.0,0.0,46728428.0,1791169447356873.984	
0,Device,46728428.0,0.0,46728428.0,1791169447377378.048	
0,Device,46728832.0,0.0,46728832.0,1791169447397043.200	
0,Device,46728832.0,0.0,46728832.0,1791169447416869.120	
0,Device,46728832.0,0.0,46728832.0,1791169447436863.232	
0,Device,46728832.0,0.0,46728832.0,1791169447456887.040	
0,Device,46728832.0,0.0,46728832.0,1791169447476943.104	
0,Device,46728832.0,0.0,46728832.0,1791169447496952.064	
0,Device,46728832.0,0.0,46728832.0,1791169447516861.184	
0,Device,46728832.0,0.0,46728832.0,1791169447536880.128	
0,Device,46728832.0,0.0,46728832.0,1791169447556859.136	
0,Device,46728832.0,0.0,46728832.0,1791169447576847.104	
0,Device,46728832.0,0.0,46728832.0,1791169447596869.120	
0,Device,46728832.0,0.0,46728832.0,1791169447617046.016	
0,Device,46728832.0,0.0,46728832.0,1791169447636847.104	
0,Device,46728832.0,0.0,46728832.0,1791169447656925.184	
0,Device,46728832.0,0.0,46728832.0,1791169447676859.136	
0,Device,46728832.0,0.0,46728832.0,1791169447697044.992	
0,Device,46728832.0,0.0,46728832.0,1791169447716932.096	
0,Device,46728832.0,0.0,46728832.0,1791169447736852.992	
0,Device,46728832.0,0.0,46728832.0,1791169447756860.160	
0,Device,46728832.0,0.0,46728832.0,1791169447776958.208	
0,Device,46728832.0,0.0,46728832.0,1791169447796865.024	
0,Device,46728832.0,0.0,46728832.0,1791169447816901.120	
0,Device,46728832.0,0.0,46728832.0,1791169447836865.024	
0,Device,46728676.0,0.0,46728676.0,1791169447856861.184	
0,Device,46728676.0,0.0,46728676.0,1791169447876901.120	
0,Device,46728676.0,0.0,46728676.0,1791169447896915.200	
0,Device,46728676.0,0.0,46728676.0,1791169447916850.176	
0,Device,46728676.0,0.0,46728676.0,1791169447936851.200	
0,Device,46728676.0,0.0,46728676.0,1791169447956926.208	
0,Device,46728676.0,0.0,46728676.0,1791169447976861.184	
0,Device,46728676.0,0.0,46728676.0,1791169447996855.040	
0,Device,46728676.0,0.0,46728676.0,1791169448016848.128	
0,Device,46728676.0,0.0,46728676.0,1791169448036894.208	
0,Device,46728676.0,0.0,46728676.0,1791169448056880.128	
0,Device,46728676.0,0.0,46728676.0,1791169448077037.056	
0,Device,46728676.0,0.0,46728676.0,1791169448096860.160	
0,Device,46728676.0,0.0,46728676.0,1791169448116889.088	
0,Device,46728676.0,0.0,46728676.0,1791169448136902.144	
0,Device,46728424.0,0.0,46728424.0,1791169448156969.216	
0,Device,46728424.0,0.0,46728424.0,1791169448176846.080	
0,Device,46728424.0,0.0,46728424.0,1791169448196846.080	
0,Device,46728424.0,0.0,46728424.0,1791169448216852.992	
0,Device,46728424.0,0.0,46728424.0,1791169448236883.200	
0,Device,46728676.0,0.0,46728676.0,1791169448256899.072	
0,Device,46728676.0,0.0,46728676.0,1791169448276930.048	
0,Device,46728676.0,0.0,46728676.0,1791169448296914.176	
0,Device,46728676.0,0.0,46728676.0,1791169448316856.064	
0,Device,46728676.0,0.0,46728676.0,1791169448336848.128	
0,Device,46728676.0,0.0,46728676.0,1791169448356935.168	
0,Device,46728676.0,0.0,46728676.0,1791169448377035.008	
0,Device,46728676.0,0.0,46728676.0,1791169448396864.000	
0,Device,46728676.0,0.0,46728676.0,1791169448416937.984	
0,Device,46728676.0,0.0,46728676.0,1791169448436926.208	
0,Device,46728676.0,0.0,46728676.0,1791169448456926.208	
0,Device,46728676.0,0.0,46728676.0,1791169448476861.184	
0,Device,46728676.0,0.0,46728676.0,1791169448496904.192	
0,Device,46728676.0,0.0,46728676.0,1791169448516891.136	
0,Device,46728676.0,0.0,46728676.0,1791169448536864.000	
0,Device,46728676.0,0.0,46728676.0,1791169448556904.192	
0,Device,46728676.0,0.0,46728676.0,1791169448576955.136	
0,Device,46728676.0,0.0,46728676.0,1791169448596937.216	
0,Device,46728928.0,0.0,46728928.0,1791169448616972.032	
0,Device,46728928.0,0.0,46728928.0,1791169448636871.168	
0,Device,46728928.0,0.0,46728928.0,1791169448656971.008	
0,Device,46728928.0,0.0,46728928.0,1791169448677078.016	
0,Device,46728928.0,0.0,46728928.0,1791169448696862.208	
0,Device,46728928.0,0.0,46728928.0,1791169448716856.064	
0,Device,46728928.0,0.0,46728928.0,1791169448736857.088	
0,Device,46728928.0,0.0,46728928.0,1791169448756892.160	
0,Device,46728928.0,0.0,46728928.0,1791169448776925.184	
0,Device,46729588.0,0.0,46729588.0,1791169448796848.128	
0,Device,46729588.0,0.0,46729588.0,1791169448816916.224	
0,Device,46729588.0,0.0,46729588.0,1791169448836871.168	
0,Device,46729588.0,0.0,46729588.0,1791169448856870.144	
0,Device,46729588.0,0.0,46729588.0,1791169448876893.184	
0,Device,46729588.0,0.0,46729588.0,1791169448896919.040	
0,Device,46729588.0,0.0,46729588.0,1791169448916873.984	
0,Device,46729588.0,0.0,46729588.0,1791169448936905.216	
0,Device,46729588.0,0.0,46729588.0,1791169448956862.208	
0,Device,46729588.0,0.0,46729588.0,1791169448977008.128	
0,Device,46729588.0,0.0,46729588.0,1791169448996876.032	
0,Device,46729588.0,0.0,46729588.0,1791169449016862.208	
0,Device,46729588.0,0.0,46729588.0,1791169449036895.232	
0,Device,46729588.0,0.0,46729588.0,1791169449056881.152	
0,Device,46729588.0,0.0,46729588.0,1791169449076873.216	
0,Device,46729588.0,0.0,46729588.0,1791169449096865.024	
0,Device,46729588.0,0.0,46729588.0,1791169449116863.232	
0,Device,46729588.0,0.0,46729588.0,1791169449136856.064	
0,Device,46729588.0,0.0,46729588.0,1791169449156975.104	
0,Device,46729588.0,0.0,46729588.0,1791169449176932.096	
0,Device,46729588.0,0.0,46729588.0,1791169449197028.096	
0,Device,46729588.0,0.0,46729588.0,1791169449216855.040	
0,Device,46729588.0,0.0,46729588.0,1791169449236860.160	
0,Device,46729588.0,0.0,46729588.0,1791169449256866.048	
0,Device,46729588.0,0.0,46729588.0,1791169449276984.064	
0,Device,46729588.0,0.0,46729588.0,1791169449296918.016	
0,Device,46729588.0,0.0,46729588.0,1791169449316852.224	
0,Device,46729588.0,0.0,46729588.0,1791169449336865.024	
0,Device,46729588.0,0.0,46729588.0,1791169449356861.184	
0,Device,46729588.0,0.0,46729588.0,1791169449376875.008	
0,Device,46729588.0,0.0,46729588.0,1791169449396858.112	
0,Device,46729588.0,0.0,46729588.0,1791169449416922.112	
0,Device,46729588.0,0.0,46729588.0,1791169449436867.072	
0,Device,46729588.0,0.0,46729588.0,1791169449456856.064	
0,Device,46729588.0,0.0,46729588.0,1791169449476854.016	
0,Device,46729588.0,0.0,46729588.0,1791169449497031.168	
0,Device,46729588.0,0.0,46729588.0,1791169449516857.088	
0,Device,46729588.0,0.0,46729588.0,1791169449536924.160	
0,Device,46729588.0,0.0,46729588.0,1791169449556893.184	
0,Device,46729588.0,0.0,46729588.0,1791169449576941.056	
0,Device,46729588.0,0.0,46729588.0,1791169449596862.208	
0,Device,46729588.0,0.0,46729588.0,1791169449616863.232	
0,Device,46729588.0,0.0,46729588.0,1791169449636856.064	
0,Device,46729588.0,0.0,46729588.0,1791169449656847.104	
0,Device,46729588.0,0.0,46729588.0,1791169449676848.128	
0,Device,46729588.0,0.0,46729588.0,1791169449696859.136	
0,Device,46729588.0,0.0,46729588.0,1791169449716894.208	
0,Device,46729588.0,0.0,46729588.0,1791169449736844.032	
0,Device,46729588.0,0.0,46729588.0,1791169449756870.144	
0,Device,46729588.0,0.0,46729588.0,1791169449776867.072	
0,Device,46729588.0,0.0,46729588.0,1791169449796852.224	
0,Device,46729588.0,0.0,46729588.0,1791169449816869.120	
0,Device,46729588.0,0.0,46729588.0,1791169449836856.064	
0,Device,46729588.0,0.0,46729588.0,1791169449856860.160	
0,Device,46729588.0,0.0,46729588.0,1791169449876969.216	
0,Device,46729588.0,0.0,46729588.0,1791169449896901.120	
0,Device,46729588.0,0.0,46729588.0,1791169449916848.128	
0,Device,46729588.0,0.0,46729588.0,1791169449936861.184	
0,Device,46729588.0,0.0,46729588.0,1791169449956919.040	
0,Device,46729588.0,0.0,46729588.0,1791169449976857.088	
0,Device,46729588.0,0.0,46729588.0,1791169449996901.120	
0,Device,46729588.0,0.0,46729588.0,1791169450016870.144	
0,Device,46729588.0,0.0,46729588.0,1791169450036934.144	
0,Device,46729588.0,0.0,46729588.0,1791169450056870.144	
0,Device,46729588.0,0.0,46729588.0,1791169450076881.152	
0,Device,46729588.0,0.0,46729588.0,1791169450097074.176	
0,Device,46729588.0,0.0,46729588.0,1791169450116889.088	
0,Device,46729588.0,0.0,46729588.0,1791169450136873.984	
0,Device,46729588.0,0.0,46729588.0,1791169450156873.984	
0,Device,46729588.0,0.0,46729588.0,1791169450176978.176	
0,Device,46729588.0,0.0,46729588.0,1791169450196847.104	
0,Device,46729588.0,0.0,46729588.0,1791169450216888.064	
0,Device,46729588.0,0.0,46729588.0,1791169450236925.184	
0,Device,46729588.0,0.0,46729588.0,1791169450256972.032	
0,Device,46729588.0,0.0,46729588.0,1791169450276956.160	
0,Device,46729588.0,0.0,46729588.0,1791169450296858.112	
0,Device,46729588.0,0.0,46729588.0,1791169450316916.224	
0,Device,46729588.0,0.0,46729588.0,1791169450336873.216	
0,Device,46729588.0,0.0,46729588.0,1791169450356873.984	
0,Device,46729588.0,0.0,46729588.0,1791169450376863.232	
0,Device,46729588.0,0.0,46729588.0,1791169450397057.024	
0,Device,46729588.0,0.0,46729588.0,1791169450416865.024	
0,Device,46729588.0,0.0,46729588.0,1791169450436858.112	
0,Device,46729588.0,0.0,46729588.0,1791169450456849.152	
0,Device,46729588.0,0.0,46729588.0,1791169450477094.144	
0,Device,46729588.0,0.0,46729588.0,1791169450496852.224	
0,Device,46729588.0,0.0,46729588.0,1791169450516884.992	
0,Device,46729588.0,0.0,46729588.0,1791169450536864.000	
0,Device,46729588.0,0.0,46729588.0,1791169450556967.168	
0,Device,46729588.0,0.0,46729588.0,1791169450576905.984	
0,Device,46729588.0,0.0,46729588.0,1791169450596849.152	
0,Device,46729588.0,0.0,46729588.0,1791169450616849.152	
0,Device,46729588.0,0.0,46729588.0,1791169450636904.192	
0,Device,46729588.0,0.0,46729588.0,1791169450656856.064	
0,Device,46729588.0,0.0,46729588.0,1791169450676858.112	
0,Device,46729588.0,0.0,46729588.0,1791169450696849.152	
0,Device,46729588.0,0.0,46729588.0,1791169450716847.104	
0,Device,46729588.0,0.0,46729588.0,1791169450736849.152	
0,Device,46729588.0,0.0,46729588.0,1791169450756849.152	
0,Device,46729588.0,0.0,46729588.0,1791169450777012.992	
0,Device,46729588.0,0.0,46729588.0,1791169450796861.184	
0,Device,46729588.0,0.0,46729588.0,1791169450816903.168	
0,Device,46729588.0,0.0,46729588.0,1791169450836916.224	
0,Device,46729588.0,0.0,46729588.0,1791169450856861.184	
0,Device,46729588.0,0.0,46729588.0,1791169450876856.064	
0,Device,46729588.0,0.0,46729588.0,1791169450896867.072	
0,Device,46729588.0,0.0,46729588.0,1791169450916863.232	
0,Device,46729588.0,0.0,46729588.0,1791169450936852.992	
0,Device,46729588.0,0.0,46729588.0,1791169450956848.128	
0,Device,46729588.0,0.0,46729588.0,1791169450976863.232	
0,Device,46729588.0,0.0,46729588.0,1791169450997065.984	
0,Device,46729588.0,0.0,46729588.0,1791169451016873.984	
0,Device,46729588.0,0.0,46729588.0,1791169451036865.024	
0,Device,46729588.0,0.0,46729588.0,1791169451056873.984	
0,Device,46729588.0,0.0,46729588.0,1791169451076943.104	
0,Device,46729588.0,0.0,46729588.0,1791169451096852.992	
0,Device,46729588.0,0.0,46729588.0,1791169451116884.224	
0,Device,46729336.0,0.0,46729336.0,1791169451136849.152	
0,Device,46729336.0,0.0,46729336.0,1791169451156856.064	
0,Device,46729336.0,0.0,46729336.0,1791169451176857.088	
0,Device,46729336.0,0.0,46729336.0,1791169451196899.072	
0,Device,46729336.0,0.0,46729336.0,1791169451216886.016	
0,Device,46729336.0,0.0,46729336.0,1791169451236903.168	
0,Device,46729336.0,0.0,46729336.0,1791169451256858.112	
0,Device,46729336.0,0.0,46729336.0,1791169451276919.040	
0,Device,46729336.0,0.0,46729336.0,1791169451297033.984	
0,Device,46729336.0,0.0,46729336.0,1791169451316859.136	
0,Device,46729336.0,0.0,46729336.0,1791169451336863.232	
0,Device,46729336.0,0.0,46729336.0,1791169451356861.184	
0,Device,46729336.0,0.0,46729336.0,1791169451376903.168	
0,Device,46729336.0,0.0,46729336.0,1791169451396862.208	
0,Device,46729336.0,0.0,46729336.0,1791169451416871.168	
0,Device,46729336.0,0.0,46729336.0,1791169451436913.152	
0,Device,46729336.0,0.0,46729336.0,1791169451456873.984	
0,Device,46729336.0,0.0,46729336.0,1791169451476913.152	
0,Device,46729336.0,0.0,46729336.0,1791169451496890.112	
0,Device,46729336.0,0.0,46729336.0,1791169451516858.112	
0,Device,46729336.0,0.0,46729336.0,1791169451536864.000	
0,Device,46729336.0,0.0,46729336.0,1791169451556854.016	
0,Device,46729336.0,0.0,46729336.0,1791169451576851.200	
0,Device,46729336.0,0.0,46729336.0,1791169451597049.088	
0,Device,46729336.0,0.0,46729336.0,1791169451616904.192	
0,Device,46729336.0,0.0,46729336.0,1791169451636857.088	
0,Device,46729336.0,0.0,46729336.0,1791169451656852.992	
0,Device,46729336.0,0.0,46729336.0,1791169451676987.136	
0,Device,46729336.0,0.0,46729336.0,1791169451696903.168	
0,Device,46729336.0,0.0,46729336.0,1791169451716864.000	
0,Device,46729336.0,0.0,46729336.0,1791169451736859.136	
0,Device,46729336.0,0.0,46729336.0,1791169451756859.136	
0,Device,46729336.0,0.0,46729336.0,1791169451776863.232	
0,Device,46729336.0,0.0,46729336.0,1791169451796852.992	
0,Device,46729336.0,0.0,46729336.0,1791169451816859.136	
0,Device,46729336.0,0.0,46729336.0,1791169451836890.112	
0,Device,46729336.0,0.0,46729336.0,1791169451856884.224	
0,Device,46729336.0,0.0,46729336.0,1791169451876855.040	
0,Device,46729336.0,0.0,46729336.0,1791169451897011.200	
0,Device,46729336.0,0.0,46729336.0,1791169451916859.136	
0,Device,46729336.0,0.0,46729336.0,1791169451936933.120	
0,Device,46729336.0,0.0,46729336.0,1791169451956848.128	
0,Device,46729336.0,0.0,46729336.0,1791169451976915.200	
0,Device,46729336.0,0.0,46729336.0,1791169451996845.056	
0,Device,46729336.0,0.0,46729336.0,1791169452016850.176	
0,Device,46729336.0,0.0,46729336.0,1791169452036899.072	
0,Device,46729336.0,0.0,46729336.0,1791169452056858.112	
0,Device,46729336.0,0.0,46729336.0,1791169452076878.080	
0,Device,46729336.0,0.0,46729336.0,1791169452096850.176	
0,Device,46729336.0,0.0,46729336.0,1791169452116912.128	
0,Device,46729336.0,0.0,46729336.0,1791169452136880.128	
0,Device,46729336.0,0.0,46729336.0,1791169452156851.200	
0,Device,46729336.0,0.0,46729336.0,1791169452176860.160	
0,Device,46729336.0,0.0,46729336.0,1791169452197097.216	
0,Device,46729336.0,0.0,46729336.0,1791169452216864.000	
0,Device,46729336.0,0.0,46729336.0,1791169452236852.224	
0,Device,46729336.0,0.0,46729336.0,1791169452256868.096	
0,Device,46729336.0,0.0,46729336.0,1791169452277000.192	
0,Device,46729336.0,0.0,46729336.0,1791169452296880.128	
0,Device,46729336.0,0.0,46729336.0,1791169452316864.000	
0,Device,46729336.0,0.0,46729336.0,1791169452336869.120	
0,Device,46729336.0,0.0,46729336.0,1791169452356866.048	
0,Device,46729336.0,0.0,46729336.0,1791169452376932.096	
0,Device,46729336.0,0.0,46729336.0,1791169452396859.136	
0,Device,46729336.0,0.0,46729336.0,1791169452417106.176	
0,Device,46729336.0,0.0,46729336.0,1791169452436916.992	
0,Device,46729336.0,0.0,46729336.0,1791169452456860.160	
0,Device,46729336.0,0.0,46729336.0,1791169452476895.232	
0,Device,46729336.0,0.0,46729336.0,1791169452497057.024	
0,Device,46729336.0,0.0,46729336.0,1791169452516864.000	
0,Device,46729336.0,0.0,46729336.0,1791169452536851.200	
0,Device,46729336.0,0.0,46729336.0,1791169452556905.984	
0,Device,46729336.0,0.0,46729336.0,1791169452576908.032	
0,Device,46729336.0,0.0,46729336.0,1791169452596858.112	
0,Device,46729336.0,0.0,46729336.0,1791169452616925.184	
0,Device,46729336.0,0.0,46729336.0,1791169452636950.016	
0,Device,46729336.0,0.0,46729336.0,1791169452656944.128	
0,Device,46729336.0,0.0,46729336.0,1791169452676865.024	
0,Device,46729336.0,0.0,46729336.0,1791169452696875.008	
0,Device,46729336.0,0.0,46729336.0,1791169452716855.040	
0,Device,46729336.0,0.0,46729336.0,1791169452736859.136	
0,Device,46729336.0,0.0,46729336.0,1791169452756869.120	
0,Device,46729336.0,0.0,46729336.0,1791169452776936.192	
0,Device,46729336.0,0.0,46729336.0,1791169452797051.136	
0,Device,46729336.0,0.0,46729336.0,1791169452816879.104	
0,Device,46729336.0,0.0,46729336.0,1791169452836867.072	
0,Device,46729336.0,0.0,46729336.0,1791169452856884.224	
0,Device,46729336.0,0.0,46729336.0,1791169452876863.232	
0,Device,46729336.0,0.0,46729336.0,1791169452896911.104	
0,Device,46729336.0,0.0,46729336.0,1791169452916896.000	
0,Device,46729336.0,0.0,46729336.0,1791169452936893.184	
0,Device,46729336.0,0.0,46729336.0,1791169452956854.016	
0,Device,46729336.0,0.0,46729336.0,1791169452976873.984	
0,Device,46729336.0,0.0,46729336.0,1791169452996855.040	
0,Device,46729336.0,0.0,46729336.0,1791169453017033.216	
0,Device,46729336.0,0.0,46729336.0,1791169453036879.104	
0,Device,46729336.0,0.0,46729336.0,1791169453056867.072	
0,Device,46729336.0,0.0,46729336.0,1791169453076858.112	
0,Device,46729336.0,0.0,46729336.0,1791169453096950.016	
0,Device,46729336.0,0.0,46729336.0,1791169453116920.064	
0,Device,46729588.0,0.0,46729588.0,1791169453136864.000	
0,Device,46729588.0,0.0,46729588.0,1791169453156856.064	
0,Device,46729588.0,0.0,46729588.0,1791169453176862.208	
0,Device,46729588.0,0.0,46729588.0,1791169453196858.112	
0,Device,46729588.0,0.0,46729588.0,1791169453216863.232	
0,Device,46729588.0,0.0,46729588.0,1791169453236941.056	
0,Device,46729588.0,0.0,46729588.0,1791169453256933.120	
0,Device,46729588.0,0.0,46729588.0,1791169453276859.136	
0,Device,46729588.0,0.0,46729588.0,1791169453296916.224	
0,Device,46729588.0,0.0,46729588.0,1791169453317027.072	
0,Device,46729588.0,0.0,46729588.0,1791169453336866.048	
0,Device,46729588.0,0.0,46729588.0,1791169453356856.064	
0,Device,46729588.0,0.0,46729588.0,1791169453376880.128	
0,Device,46729588.0,0.0,46729588.0,1791169453396975.104	
0,Device,46729588.0,0.0,46729588.0,1791169453416894.208	
0,Device,46729588.0,0.0,46729588.0,1791169453436852.992	
0,Device,46729588.0,0.0,46729588.0,1791169453456926.208	
0,Device,46729588.0,0.0,46729588.0,1791169453476889.088	
0,Device,46729588.0,0.0,46729588.0,1791169453496869.120	
0,Device,46729588.0,0.0,46729588.0,1791169453516870.144	
0,Device,46729588.0,0.0,46729588.0,1791169453536857.088	
0,Device,46729588.0,0.0,46729588.0,1791169453556844.032	
0,Device,46729588.0,0.0,46729588.0,1791169453576864.000	
0,Device,46729588.0,0.0,46729588.0,1791169453596852.992	
0,Device,46729588.0,0.0,46729588.0,1791169453617036.032	
0,Device,46729588.0,0.0,46729588.0,1791169453636920.064	
0,Device,46729588.0,0.0,46729588.0,1791169453656857.088	
0,Device,46729588.0,0.0,46729588.0,1791169453676908.032	
0,Device,46729588.0,0.0,46729588.0,1791169453696969.984	
0,Device,46729588.0,0.0,46729588.0,1791169453716898.048	
0,Device,46729588.0,0.0,46729588.0,1791169453736901.120	
0,Device,46729588.0,0.0,46729588.0,1791169453756858.112	
0,Device,46729588.0,0.0,46729588.0,1791169453776865.024	
0,Device,46729588.0,0.0,46729588.0,1791169453796900.096	
0,Device,46729588.0,0.0,46729588.0,1791169453816867.072	
0,Device,46729588.0,0.0,46729588.0,1791169453836855.040	
0,Device,46729588.0,0.0,46729588.0,1791169453856864.000	
0,Device,46729588.0,0.0,46729588.0,1791169453876857.088	
0,Device,46729588.0,0.0,46729588.0,1791169453896886.016	
0,Device,46729588.0,0.0,46729588.0,1791169453916911.104	
0,Device,46729588.0,0.0,46729588.0,1791169453936953.088	
0,Device,46729588.0,0.0,46729588.0,1791169453956854.016	
0,Device,46729588.0,0.0,46729588.0,1791169453976866.048	
0,Device,46729588.0,0.0,46729588.0,1791169453997009.152	
0,Device,46729588.0,0.0,46729588.0,1791169454016913.152	
0,Device,46729588.0,0.0,46729588.0,1791169454036852.224	
0,Device,46729588.0,0.0,46729588.0,1791169454056848.128	
0,Device,46729588.0,0.0,46729588.0,1791169454076877.056	
0,Device,46729588.0,0.0,46729588.0,1791169454096886.016	
0,Device,46729588.0,0.0,46729588.0,1791169454116845.056	
0,Device,46729336.0,0.0,46729336.0,1791169454136858.112	
0,Device,46729336.0,0.0,46729336.0,1791169454156869.120	
0,Device,46729336.0,0.0,46729336.0,1791169454176881.152	
0,Device,46729336.0,0.0,46729336.0,1791169454196892.160	
0,Device,46729336.0,0.0,46729336.0,1791169454216866.048	
0,Device,46729336.0,0.0,46729336.0,1791169454236851.200	
0,Device,46729336.0,0.0,46729336.0,1791169454256889.088	
0,Device,46729336.0,0.0,46729336.0,1791169454276859.136	
0,Device,46729336.0,0.0,46729336.0,1791169454297024.000	
0,Device,46729336.0,0.0,46729336.0,1791169454316850.176	
0,Device,46729336.0,0.0,46729336.0,1791169454336911.104	
0,Device,46729336.0,0.0,46729336.0,1791169454356882.176	
0,Device,46729336.0,0.0,46729336.0,1791169454376957.184	
0,Device,46729336.0,0.0,46729336.0,1791169454396864.000	
0,Device,46729336.0,0.0,46729336.0,1791169454416896.000	
0,Device,46729336.0,0.0,46729336.0,1791169454436863.232	
0,Device,46729336.0,0.0,46729336.0,1791169454456897.024	
0,Device,46729336.0,0.0,46729336.0,1791169454476857.088	
0,Device,46729336.0,0.0,46729336.0,1791169454496895.232	
0,Device,46729336.0,0.0,46729336.0,1791169454516913.152	
0,Device,46729336.0,0.0,46729336.0,1791169454536891.136	
0,Device,46729336.0,0.0,46729336.0,1791169454556852.224	
0,Device,46729336.0,0.0,46729336.0,1791169454576858.112	
0,Device,46729336.0,0.0,46729336.0,1791169454597023.232	
0,Device,46729336.0,0.0,46729336.0,1791169454616849.152	
0,Device,46729336.0,0.0,46729336.0,1791169454636852.992	
0,Device,46729336.0,0.0,46729336.0,1791169454656873.216	
0,Device,46729336.0,0.0,46729336.0,1791169454677060.096	
0,Device,46729336.0,0.0,46729336.0,1791169454696891.136	
0,Device,46729336.0,0.0,46729336.0,1791169454716857.088	
0,Device,46729336.0,0.0,46729336.0,1791169454736855.040	
0,Device,46729336.0,0.0,46729336.0,1791169454756865.024	
0,Device,46729336.0,0.0,46729336.0,1791169454776850.176	
0,Device,46729336.0,0.0,46729336.0,1791169454796916.992	
0,Device,46729336.0,0.0,46729336.0,1791169454816849.152	
0,Device,46729336.0,0.0,46729336.0,1791169454836859.136	
0,Device,46729336.0,0.0,46729336.0,1791169454856865.024	
0,Device,46729336.0,0.0,46729336.0,1791169454876870.144	
0,Device,46729336.0,0.0,46729336.0,1791169454897071.104	
0,Device,46729336.0,0.0,46729336.0,1791169454916848.128	
0,Device,46729336.0,0.0,46729336.0,1791169454936920.064	
0,Device,46729336.0,0.0,46729336.0,1791169454956857.088	
0,Device,46729336.0,0.0,46729336.0,1791169454977024.000	
0,Device,46729336.0,0.0,46729336.0,1791169454996856.064	
0,Device,46729336.0,0.0,46729336.0,1791169455016863.232	
0,Device,46729336.0,0.0,46729336.0,1791169455036841.984	
0,Device,46729336.0,0.0,46729336.0,1791169455056920.064	
0,Device,46729336.0,0.0,46729336.0,1791169455076873.984	
0,Device,46729336.0,0.0,46729336.0,1791169455096852.224	
0,Device,46729336.0,0.0,46729336.0,1791169455116849.152	
0,Device,46729336.0,0.0,46729336.0,1791169455136916.992	
0,Device,46729336.0,0.0,46729336.0,1791169455156852.992	
0,Device,46729336.0,0.0,46729336.0,1791169455176849.152	
0,Device,46729336.0,0.0,46729336.0,1791169455197070.080	
0,Device,46729336.0,0.0,46729336.0,1791169455216914.176	
0,Device,46729336.0,0.0,46729336.0,1791169455236862.208	
0,Device,46729336.0,0.0,46729336.0,1791169455256847.104	
0,Device,46729336.0,0.0,46729336.0,1791169455277032.192	
0,Device,46729336.0,0.0,46729336.0,1791169455296859.136	
0,Device,46729336.0,0.0,46729336.0,1791169455316858.112	
0,Device,46729336.0,0.0,46729336.0,1791169455336873.984	
0,Device,46729336.0,0.0,46729336.0,1791169455356974.080	
0,Device,46729336.0,0.0,46729336.0,1791169455376898.048	
0,Device,46729336.0,0.0,46729336.0,1791169455396847.104	
0,Device,46729336.0,0.0,46729336.0,1791169455416963.072	
0,Device,46729336.0,0.0,46729336.0,1791169455436855.040	
0,Device,46729336.0,0.0,46729336.0,1791169455456876.032	
0,Device,46729336.0,0.0,46729336.0,1791169455476859.136	
0,Device,46729336.0,0.0,46729336.0,1791169455496918.016	
0,Device,46729336.0,0.0,46729336.0,1791169455516915.200	
0,Device,46729336.0,0.0,46729336.0,1791169455536855.040	
0,Device,46729336.0,0.0,46729336.0,1791169455556854.016	
0,Device,46729336.0,0.0,46729336.0,1791169455577021.184	
0,Device,46729336.0,0.0,46729336.0,1791169455596872.192	
0,Device,46729336.0,0.0,46729336.0,1791169455616854.016	
0,Device,46729336.0,0.0,46729336.0,1791169455636859.136	
0,Device,46729336.0,0.0,46729336.0,1791169455656879.104	
0,Device,46729336.0,0.0,46729336.0,1791169455676861.184	
0,Device,46729336.0,0.0,46729336.0,1791169455696869.120	
0,Device,46729588.0,0.0,46729588.0,1791169455716869.120	
0,Device,46729588.0,0.0,46729588.0,1791169455736865.024	
0,Device,46729588.0,0.0,46729588.0,1791169455756854.016	
0,Device,46729588.0,0.0,46729588.0,1791169455776857.088	
0,Device,46729588.0,0.0,46729588.0,1791169455797015.040	
0,Device,46729588.0,0.0,46729588.0,1791169455816849.152	
0,Device,46729588.0,0.0,46729588.0,1791169455836858.112	
0,Device,46729588.0,0.0,46729588.0,1791169455856858.112	
0,Device,46729588.0,0.0,46729588.0,1791169455876916.992	
0,Device,46729588.0,0.0,46729588.0,1791169455896858.112	
0,Device,46729588.0,0.0,46729588.0,1791169455916858.112	
0,Device,46729588.0,0.0,46729588.0,1791169455936851.200	
0,Device,46729588.0,0.0,46729588.0,1791169455956859.136	
0,Device,46729588.0,0.0,46729588.0,1791169455976862.208	
0,Device,46729588.0,0.0,46729588.0,1791169455996857.088	
0,Device,46729588.0,0.0,46729588.0,1791169456016863.232	
0,Device,46729588.0,0.0,46729588.0,1791169456036867.072	
0,Device,46729588.0,0.0,46729588.0,1791169456056852.224	
0,Device,46729588.0,0.0,46729588.0,1791169456076863.232	
0,Device,46729588.0,0.0,46729588.0,1791169456096993.024	
0,Device,46729588.0,0.0,46729588.0,1791169456116861.184	
0,Device,46729588.0,0.0,46729588.0,1791169456136850.176	
0,Device,46729588.0,0.0,46729588.0,1791169456156858.112	
0,Device,46729588.0,0.0,46729588.0,1791169456176869.120	
0,Device,46729588.0,0.0,46729588.0,1791169456196851.200	
0,Device,46729588.0,0.0,46729588.0,1791169456216849.152	
0,Device,46729588.0,0.0,46729588.0,1791169456236851.200	
0,Device,46729588.0,0.0,46729588.0,1791169456256851.200	
0,Device,46729588.0,0.0,46729588.0,1791169456276852.992	
0,Device,46729588.0,0.0,46729588.0,1791169456296864.000	
0,Device,46729588.0,0.0,46729588.0,1791169456316967.168	
0,Device,46729588.0,0.0,46729588.0,1791169456336852.224	
0,Device,46729588.0,0.0,46729588.0,1791169456356869.120	
0,Device,46729588.0,0.0,46729588.0,1791169456376860.160	
0,Device,46729588.0,0.0,46729588.0,1791169456396859.136	
0,Device,46729588.0,0.0,46729588.0,1791169456416859.136	
0,Device,46729588.0,0.0,46729588.0,1791169456436854.016	
0,Device,46729588.0,0.0,46729588.0,1791169456456852.224	
0,Device,46729588.0,0.0,46729588.0,1791169456476871.168	
0,Device,46729588.0,0.0,46729588.0,1791169456496849.152	
0,Device,46729588.0,0.0,46729588.0,1791169456516862.208	
0,Device,46729588.0,0.0,46729588.0,1791169456537012.224	
0,Device,46729588.0,0.0,46729588.0,1791169456556866.048	
0,Device,46729588.0,0.0,46729588.0,1791169456576858.112	
0,Device,46729588.0,0.0,46729588.0,1791169456596859.136	
0,Device,46729588.0,0.0,46729588.0,1791169456616848.128	
0,Device,46729588.0,0.0,46729588.0,1791169456636859.136	
0,Device,46729588.0,0.0,46729588.0,1791169456656859.136	
0,Device,46729588.0,0.0,46729588.0,1791169456676864.000	
0,Device,46729588.0,0.0,46729588.0,1791169456696894.208	
0,Device,46729588.0,0.0,46729588.0,1791169456716864.000	
0,Device,46729588.0,0.0,46729588.0,1791169456736858.112	
0,Device,46729588.0,0.0,46729588.0,1791169456757023.232	
0,Device,46729840.0,0.0,46729840.0,1791169456776870.144	
0,Device,46729840.0,0.0,46729840.0,1791169456796852.992	
0,Device,46729840.0,0.0,46729840.0,1791169456816861.184	
0,Device,46729840.0,0.0,46729840.0,1791169456836960.000	
0,Device,46729840.0,0.0,46729840.0,1791169456856859.136	
0,Device,46729840.0,0.0,46729840.0,1791169456876850.176	
0,Device,46729840.0,0.0,46729840.0,1791169456896851.200	
0,Device,46729840.0,0.0,46729840.0,1791169456916863.232	
0,Device,46729840.0,0.0,46729840.0,1791169456936852.224	
0,Device,46729840.0,0.0,46729840.0,1791169456956857.088	
0,Device,46729840.0,0.0,46729840.0,1791169456976859.136	
0,Device,46729840.0,0.0,46729840.0,1791169456996860.160	
0,Device,46729840.0,0.0,46729840.0,1791169457016858.112	
0,Device,46729840.0,0.0,46729840.0,1791169457036864.000	
0,Device,46729840.0,0.0,46729840.0,1791169457056982.016	
0,Device,46729840.0,0.0,46729840.0,1791169457076866.048	
0,Device,46729840.0,0.0,46729840.0,1791169457096850.176	
0,Device,46729840.0,0.0,46729840.0,1791169457116864.000	
0,Device,46729840.0,0.0,46729840.0,1791169457136865.024	
0,Device,46729588.0,0.0,46729588.0,1791169457156862.208	
0,Device,46729588.0,0.0,46729588.0,1791169457176846.080	
0,Device,46729588.0,0.0,46729588.0,1791169457196860.160	
0,Device,46729588.0,0.0,46729588.0,1791169457216857.088	
0,Device,46729588.0,0.0,46729588.0,1791169457236858.112	
0,Device,46729588.0,0.0,46729588.0,1791169457256861.184	
0,Device,46729588.0,0.0,46729588.0,1791169457277008.128	
0,Device,46729588.0,0.0,46729588.0,1791169457296852.992	
0,Device,46729588.0,0.0,46729588.0,1791169457316860.160	
0,Device,46729588.0,0.0,46729588.0,1791169457336861.184	
0,Device,46729588.0,0.0,46729588.0,1791169457356865.024	
0,Device,46729992.0,0.0,46729992.0,1791169457377024.000	
0,Device,46729992.0,0.0,46729992.0,1791169457396886.016	
0,Device,46729992.0,0.0,46729992.0,1791169457416860.160	
0,Device,46729992.0,0.0,46729992.0,1791169457436857.088	
0,Device,46729992.0,0.0,46729992.0,1791169457456850.176	
0,Device,46729992.0,0.0,46729992.0,1791169457476848.128	
0,Device,46729992.0,0.0,46729992.0,1791169457497023.232	
0,Device,46729840.0,0.0,46729840.0,1791169457516871.168	
0,Device,46729840.0,0.0,46729840.0,1791169457536868.096	
0,Device,46729840.0,0.0,46729840.0,1791169457556850.176	
0,Device,46729840.0,0.0,46729840.0,1791169457576855.040	
0,Device,46729840.0,0.0,46729840.0,1791169457596858.112	
0,Device,46729840.0,0.0,46729840.0,1791169457616846.080	
0,Device,46729840.0,0.0,46729840.0,1791169457636868.096	
0,Device,46729840.0,0.0,46729840.0,1791169457656860.160	
0,Device,46729840.0,0.0,46729840.0,1791169457676864.000	
0,Device,46729840.0,0.0,46729840.0,1791169457696865.024	
0,Device,46729840.0,0.0,46729840.0,1791169457716852.224	
0,Device,46729840.0,0.0,46729840.0,1791169457736863.232	
0,Device,46729840.0,0.0,46729840.0,1791169457756850.176	
0,Device,46729840.0,0.0,46729840.0,1791169457776846.080	
0,Device,46729840.0,0.0,46729840.0,1791169457796941.056	
0,Device,46729840.0,0.0,46729840.0,1791169457816849.152	
0,Device,46729840.0,0.0,46729840.0,1791169457836847.104	
0,Device,46729840.0,0.0,46729840.0,1791169457856859.136	
0,Device,46729840.0,0.0,46729840.0,1791169457876870.144	
0,Device,46729840.0,0.0,46729840.0,1791169457896854.016	
0,Device,46729840.0,0.0,46729840.0,1791169457916860.160	
0,Device,46729840.0,0.0,46729840.0,1791169457936865.024	
0,Device,46729840.0,0.0,46729840.0,1791169457956851.200	
0,Device,46729840.0,0.0,46729840.0,1791169457976864.000	
0,Device,46729840.0,0.0,46729840.0,1791169457996867.072	
0,Device,46729840.0,0.0,46729840.0,1791169458016998.144	
0,Device,46729840.0,0.0,46729840.0,1791169458036862.208	
0,Device,46729840.0,0.0,46729840.0,1791169458056848.128	
0,Device,46729840.0,0.0,46729840.0,1791169458076867.072	
0,Device,46729840.0,0.0,46729840.0,1791169458096867.072	
0,Device,46729840.0,0.0,46729840.0,1791169458116850.176	
0,Device,46729840.0,0.0,46729840.0,1791169458136860.160	
0,Device,46729840.0,0.0,46729840.0,1791169458156861.184	
0,Device,46729840.0,0.0,46729840.0,1791169458176864.000	
0,Device,46729840.0,0.0,46729840.0,1791169458196860.160	
0,Device,46729840.0,0.0,46729840.0,1791169458216851.200	
0,Device,46729840.0,0.0,46729840.0,1791169458237009.152	
0,Device,46729840.0,0.0,46729840.0,1791169458256867.072	
0,Device,46729840.0,0.0,46729840.0,1791169458276860.160	
0,Device,46729840.0,0.0,46729840.0,1791169458296869.120	
0,Device,46729840.0,0.0,46729840.0,1791169458316849.152	
0,Device,46729840.0,0.0,46729840.0,1791169458336860.160	
0,Device,46729840.0,0.0,46729840.0,1791169458356866.048	
0,Device,46729840.0,0.0,46729840.0,1791169458376886.016	
0,Device,46729840.0,0.0,46729840.0,1791169458396865.024	
0,Device,46729840.0,0.0,46729840.0,1791169458416871.168	
0,Device,46729840.0,0.0,46729840.0,1791169458436858.112	
0,Device,46729840.0,0.0,46729840.0,1791169458456852.992	
0,Device,46729840.0,0.0,46729840.0,1791169458476857.088	
0,Device,46729840.0,0.0,46729840.0,1791169458496854.016	
0,Device,46729840.0,0.0,46729840.0,1791169458516854.016	
0,Device,46729840.0,0.0,46729840.0,1791169458536943.104	
0,Device,46729840.0,0.0,46729840.0,1791169458556850.176	
0,Device,46729840.0,0.0,46729840.0,1791169458576847.104	
0,Device,46729840.0,0.0,46729840.0,1791169458596865.024	
0,Device,46729840.0,0.0,46729840.0,1791169458616867.072	
0,Device,46729840.0,0.0,46729840.0,1791169458636852.992	
0,Device,46729840.0,0.0,46729840.0,1791169458656861.184	
0,Device,46729840.0,0.0,46729840.0,1791169458676851.200	
0,Device,46729840.0,0.0,46729840.0,1791169458696856.064	
0,Device,46729840.0,0.0,46729840.0,1791169458716860.160	
0,Device,46729840.0,0.0,46729840.0,1791169458736852.992	
0,Device,46729840.0,0.0,46729840.0,1791169458757021.184	
0,Device,46729840.0,0.0,46729840.0,1791169458776867.072	
0,Device,46729840.0,0.0,46729840.0,1791169458796860.160	
0,Device,46729840.0,0.0,46729840.0,1791169458816851.200	
0,Device,46729840.0,0.0,46729840.0,1791169458836900.096	
0,Device,46729840.0,0.0,46729840.0,1791169458856852.992	
0,Device,46729840.0,0.0,46729840.0,1791169458876852.224	
0,Device,46729840.0,0.0,46729840.0,1791169458896867.072	
0,Device,46729840.0,0.0,46729840.0,1791169458916850.176	
0,Device,46729840.0,0.0,46729840.0,1791169458936866.048	
0,Device,46729840.0,0.0,46729840.0,1791169458956870.144	
0,Device,46729840.0,0.0,46729840.0,1791169458976854.016	
0,Device,46729840.0,0.0,46729840.0,1791169458996848.128	
0,Device,46729840.0,0.0,46729840.0,1791169459016863.232	
0,Device,46729840.0,0.0,46729840.0,1791169459036852.224	
0,Device,46729840.0,0.0,46729840.0,1791169459056980.224	
0,Device,46729840.0,0.0,46729840.0,1791169459076846.080	
0,Device,46729840.0,0.0,46729840.0,1791169459096858.112	
0,Device,46729840.0,0.0,46729840.0,1791169459116852.992	
0,Device,46729840.0,0.0,46729840.0,1791169459136864.000	
0,Device,46729840.0,0.0,46729840.0,1791169459156849.152	
0,Device,46729840.0,0.0,46729840.0,1791169459176845.056	
0,Device,46729840.0,0.0,46729840.0,1791169459196867.072	
0,Device,46729840.0,0.0,46729840.0,1791169459216854.016	
0,Device,46730092.0,0.0,46730092.0,1791169459236849.152	
0,Device,46730092.0,0.0,46730092.0,1791169459256857.088	
0,Device,46730092.0,0.0,46730092.0,1791169459277012.992	
0,Device,46730092.0,0.0,46730092.0,1791169459296848.128	
0,Device,46730092.0,0.0,46730092.0,1791169459316861.184	
0,Device,46730092.0,0.0,46730092.0,1791169459336851.200	
0,Device,46730092.0,0.0,46730092.0,1791169459356854.016	
0,Device,46730092.0,0.0,46730092.0,1791169459376852.992	
0,Device,46730092.0,0.0,46730092.0,1791169459396864.000	
0,Device,46730092.0,0.0,46730092.0,1791169459416860.160	
0,Device,46730092.0,0.0,46730092.0,1791169459436850.176	
0,Device,46730092.0,0.0,46730092.0,1791169459456872.192	
0,Device,46730092.0,0.0,46730092.0,1791169459476851.200	
0,Device,46730092.0,0.0,46730092.0,1791169459497012.992	
0,Device,46730092.0,0.0,46730092.0,1791169459516866.048	
0,Device,46730092.0,0.0,46730092.0,1791169459536856.064	
0,Device,46730092.0,0.0,46730092.0,1791169459556855.040	
0,Device,46730092.0,0.0,46730092.0,1791169459576894.208	
0,Device,46730092.0,0.0,46730092.0,1791169459596865.024	
0,Device,46730092.0,0.0,46730092.0,1791169459616852.992	
0,Device,46730092.0,0.0,46730092.0,1791169459636861.184	
0,Device,46730092.0,0.0,46730092.0,1791169459656856.064	
0,Device,46730092.0,0.0,46730092.0,1791169459676865.024	
0,Device,46730092.0,0.0,46730092.0,1791169459696861.184	
0,Device,46730092.0,0.0,46730092.0,1791169459716873.984	
0,Device,46730092.0,0.0,46730092.0,1791169459736852.224	
0,Device,46730092.0,0.0,46730092.0,1791169459756852.992	
0,Device,46730092.0,0.0,46730092.0,1791169459776867.072	
0,Device,46730092.0,0.0,46730092.0,1791169459796958.208	
0,Device,46730092.0,0.0,46730092.0,1791169459816861.184	
0,Device,46730092.0,0.0,46730092.0,1791169459836852.992	
0,Device,46730092.0,0.0,46730092.0,1791169459856852.992	
0,Device,46730092.0,0.0,46730092.0,1791169459876852.992	
0,Device,46730092.0,0.0,46730092.0,1791169459896852.224	
0,Device,46730092.0,0.0,46730092.0,1791169459916857.088	
0,Device,46730092.0,0.0,46730092.0,1791169459936866.048	
0,Device,46730092.0,0.0,46730092.0,1791169459956855.040	
0,Device,46730092.0,0.0,46730092.0,1791169459976863.232	
0,Device,46730092.0,0.0,46730092.0,1791169459996860.160	
0,Device,46730092.0,0.0,46730092.0,1791169460017009.152	
0,Device,46730092.0,0.0,46730092.0,1791169460036862.208	
0,Device,46730092.0,0.0,46730092.0,1791169460056856.064	
0,Device,46730092.0,0.0,46730092.0,1791169460076851.200	
0,Device,46730092.0,0.0,46730092.0,1791169460096855.040	
0,Device,46730092.0,0.0,46730092.0,1791169460116852.992	
0,Device,46730092.0,0.0,46730092.0,1791169460136854.016	
0,Device,46729840.0,0.0,46729840.0,1791169460156870.144	
0,Device,46729840.0,0.0,46729840.0,1791169460176858.112	
0,Device,46729840.0,0.0,46729840.0,1791169460196851.200	
0,Device,46729840.0,0.0,46729840.0,1791169460216846.080	
0,Device,46729840.0,0.0,46729840.0,1791169460237028.096	
0,Device,46729840.0,0.0,46729840.0,1791169460256856.064	
0,Device,46729840.0,0.0,46729840.0,1791169460276847.104	
0,Device,46729840.0,0.0,46729840.0,1791169460296851.200	
0,Device,46729840.0,0.0,46729840.0,1791169460316915.200	
0,Device,46729840.0,0.0,46729840.0,1791169460336858.112	
0,Device,46729840.0,0.0,46729840.0,1791169460356868.096	
0,Device,46729840.0,0.0,46729840.0,1791169460376851.200	
0,Device,46729840.0,0.0,46729840.0,1791169460396858.112	
0,Device,46729840.0,0.0,46729840.0,1791169460416864.000	
0,Device,46729840.0,0.0,46729840.0,1791169460436860.160	
0,Device,46729840.0,0.0,46729840.0,1791169460456855.040	
0,Device,46729840.0,0.0,46729840.0,1791169460476859.136	
0,Device,46729840.0,0.0,46729840.0,1791169460496851.200	
0,Device,46729840.0,0.0,46729840.0,1791169460516865.024	
0,Device,46729840.0,0.0,46729840.0,1791169460536937.984	
0,Device,46729840.0,0.0,46729840.0,1791169460556859.136	
0,Device,46729840.0,0.0,46729840.0,1791169460576857.088	
0,Device,46729840.0,0.0,46729840.0,1791169460596864.000	
0,Device,46729840.0,0.0,46729840.0,1791169460616873.984	
0,Device,46729840.0,0.0,46729840.0,1791169460636861.184	
0,Device,46729840.0,0.0,46729840.0,1791169460656859.136	
0,Device,46729840.0,0.0,46729840.0,1791169460676869.120	
0,Device,46729840.0,0.0,46729840.0,1791169460696872.192	
0,Device,46729840.0,0.0,46729840.0,1791169460716857.088	
0,Device,46729840.0,0.0,46729840.0,1791169460736855.040	
0,Device,46729840.0,0.0,46729840.0,1791169460756990.208	
0,Device,46729840.0,0.0,46729840.0,1791169460776849.152	
0,Device,46729840.0,0.0,46729840.0,1791169460796852.992	
0,Device,46729840.0,0.0,46729840.0,1791169460816864.000	
0,Device,46729840.0,0.0,46729840.0,1791169460836856.064	
0,Device,46729840.0,0.0,46729840.0,1791169460856847.104	
0,Device,46729840.0,0.0,46729840.0,1791169460876858.112	
0,Device,46729840.0,0.0,46729840.0,1791169460896855.040	
0,Device,46729840.0,0.0,46729840.0,1791169460916848.128	
0,Device,46729840.0,0.0,46729840.0,1791169460936866.048	
0,Device,46729840.0,0.0,46729840.0,1791169460956855.040	
0,Device,46729840.0,0.0,46729840.0,1791169460977007.104	
0,Device,46729840.0,0.0,46729840.0,1791169460996864.000	
0,Device,46729840.0,0.0,46729840.0,1791169461016873.984	
0,Device,46729840.0,0.0,46729840.0,1791169461036849.152	
0,Device,46729840.0,0.0,46729840.0,1791169461056899.072	
0,Device,46729840.0,0.0,46729840.0,1791169461076851.200	
0,Device,46729840.0,0.0,46729840.0,1791169461096858.112	
0,Device,46729840.0,0.0,46729840.0,1791169461116849.152	
0,Device,46729840.0,0.0,46729840.0,1791169461136859.136	
0,Device,46729840.0,0.0,46729840.0,1791169461156863.232	
0,Device,46729840.0,0.0,46729840.0,1791169461176852.992	
0,Device,46729840.0,0.0,46729840.0,1791169461197032.192	
0,Device,46729840.0,0.0,46729840.0,1791169461216857.088	
0,Device,46729840.0,0.0,46729840.0,1791169461236849.152	
0,Device,46730092.0,0.0,46730092.0,1791169461256849.152	
0,Device,46730092.0,0.0,46730092.0,1791169461276955.136	
0,Device,46730092.0,0.0,46730092.0,1791169461296854.016	
0,Device,46730092.0,0.0,46730092.0,1791169461316854.016	
0,Device,46730092.0,0.0,46730092.0,1791169461336847.104	
0,Device,46730092.0,0.0,46730092.0,1791169461356857.088	
0,Device,46730092.0,0.0,46730092.0,1791169461376851.200	
0,Device,46730092.0,0.0,46730092.0,1791169461396848.128	
0,Device,46730092.0,0.0,46730092.0,1791169461416862.208	
0,Device,46730092.0,0.0,46730092.0,1791169461436860.160	
0,Device,46730092.0,0.0,46730092.0,1791169461456858.112	
0,Device,46730092.0,0.0,46730092.0,1791169461476869.120	
0,Device,46730092.0,0.0,46730092.0,1791169461496988.160	
0,Device,46730092.0,0.0,46730092.0,1791169461516851.200	
0,Device,46730092.0,0.0,46730092.0,1791169461536864.000	
0,Device,46730092.0,0.0,46730092.0,1791169461556850.176	
0,Device,46730092.0,0.0,46730092.0,1791169461576856.064	
0,Device,46730092.0,0.0,46730092.0,1791169461596865.024	
0,Device,46730092.0,0.0,46730092.0,1791169461616852.992	
0,Device,46730092.0,0.0,46730092.0,1791169461636854.016	
0,Device,46730092.0,0.0,46730092.0,1791169461656866.048	
0,Device,46730092.0,0.0,46730092.0,1791169461676849.152	
0,Device,46730092.0,0.0,46730092.0,1791169461696850.176	
0,Device,46730092.0,0.0,46730092.0,1791169461717036.032	
0,Device,46730092.0,0.0,46730092.0,1791169461736857.088	
0,Device,46730092.0,0.0,46730092.0,1791169461756855.040	
0,Device,46730092.0,0.0,46730092.0,1791169461776854.016	
0,Device,46730092.0,0.0,46730092.0,1791169461796864.000	
0,Device,46730092.0,0.0,46730092.0,1791169461816847.104	
0,Device,46730092.0,0.0,46730092.0,1791169461836858.112	
0,Device,46730092.0,0.0,46730092.0,1791169461856864.000	
0,Device,46730092.0,0.0,46730092.0,1791169461876851.200	
0,Device,46730092.0,0.0,46730092.0,1791169461896867.072	
0,Device,46730092.0,0.0,46730092.0,1791169461916860.160	
0,Device,46730092.0,0.0,46730092.0,1791169461937011.200	
0,Device,46730092.0,0.0,46730092.0,1791169461956850.176	
0,Device,46730092.0,0.0,46730092.0,1791169461976858.112	
0,Device,46730092.0,0.0,46730092.0,1791169461996875.008	
0,Device,46730092.0,0.0,46730092.0,1791169462016900.096	
0,Device,46730092.0,0.0,46730092.0,1791169462036852.992	
0,Device,46730092.0,0.0,46730092.0,1791169462056849.152	
0,Device,46730092.0,0.0,46730092.0,1791169462076861.184	
0,Device,46730092.0,0.0,46730092.0,1791169462096865.024	
0,Device,46730092.0,0.0,46730092.0,1791169462116856.064	
0,Device,46730092.0,0.0,46730092.0,1791169462136871.168	
0,Device,46730092.0,0.0,46730092.0,1791169462156848.128	
0,Device,46730092.0,0.0,46730092.0,1791169462176861.184	
0,Device,46730092.0,0.0,46730092.0,1791169462196852.992	
0,Device,46730092.0,0.0,46730092.0,1791169462216868.096	
0,Device,46730092.0,0.0,46730092.0,1791169462236984.064	
0,Device,46730092.0,0.0,46730092.0,1791169462256854.016	
0,Device,46730092.0,0.0,46730092.0,1791169462276849.152	
0,Device,46730092.0,0.0,46730092.0,1791169462296863.232	
0,Device,46730092.0,0.0,46730092.0,1791169462316864.000	
0,Device,46730092.0,0.0,46730092.0,1791169462336863.232	
0,Device,46730092.0,0.0,46730092.0,1791169462356856.064	
0,Device,46730092.0,0.0,46730092.0,1791169462376868.096	
0,Device,46730092.0,0.0,46730092.0,1791169462396856.064	
0,Device,46730092.0,0.0,46730092.0,1791169462416861.184	
0,Device,46730092.0,0.0,46730092.0,1791169462436866.048	
0,Device,46730092.0,0.0,46730092.0,1791169462456980.992	
0,Device,46730092.0,0.0,46730092.0,1791169462476854.016	
0,Device,46730092.0,0.0,46730092.0,1791169462496868.096	
0,Device,46730092.0,0.0,46730092.0,1791169462516869.120	
0,Device,46730092.0,0.0,46730092.0,1791169462536855.040	
0,Device,46730092.0,0.0,46730092.0,1791169462556863.232	
0,Device,46730092.0,0.0,46730092.0,1791169462576858.112	
0,Device,46730092.0,0.0,46730092.0,1791169462596852.992	
0,Device,46730092.0,0.0,46730092.0,1791169462616852.224	
0,Device,46730092.0,0.0,46730092.0,1791169462636858.112	
0,Device,46730092.0,0.0,46730092.0,1791169462656868.096	
0,Device,46730092.0,0.0,46730092.0,1791169462677017.088	
0,Device,46730092.0,0.0,46730092.0,1791169462696858.112	
0,Device,46730092.0,0.0,46730092.0,1791169462716855.040	
0,Device,46730092.0,0.0,46730092.0,1791169462736863.232	
0,Device,46730092.0,0.0,46730092.0,1791169462756857.088	
0,Device,46730092.0,0.0,46730092.0,1791169462776851.200	
0,Device,46730092.0,0.0,46730092.0,1791169462796862.208	
0,Device,46730092.0,0.0,46730092.0,1791169462816857.088	
0,Device,46730092.0,0.0,46730092.0,1791169462836867.072	
0,Device,46730092.0,0.0,46730092.0,1791169462856863.232	
0,Device,46730092.0,0.0,46730092.0,1791169462876861.184	
0,Device,46730092.0,0.0,46730092.0,1791169462897025.024	
0,Device,46730092.0,0.0,46730092.0,1791169462916859.136	
0,Device,46730092.0,0.0,46730092.0,1791169462936861.184	
0,Device,46730092.0,0.0,46730092.0,1791169462956857.088	
0,Device,46730092.0,0.0,46730092.0,1791169462976908.032	
0,Device,46730092.0,0.0,46730092.0,1791169462996875.008	
0,Device,46730092.0,0.0,46730092.0,1791169463016852.224	
0,Device,46730092.0,0.0,46730092.0,1791169463036857.088	
0,Device,46730092.0,0.0,46730092.0,1791169463056852.992	
0,Device,46730092.0,0.0,46730092.0,1791169463076850.176	
0,Device,46730092.0,0.0,46730092.0,1791169463096854.016	
0,Device,46730092.0,0.0,46730092.0,1791169463117014.016	
0,Device,46729840.0,0.0,46729840.0,1791169463136858.112	
0,Device,46729840.0,0.0,46729840.0,1791169463156858.112	
0,Device,46729840.0,0.0,46729840.0,1791169463176855.040	
0,Device,46729840.0,0.0,46729840.0,1791169463196911.104	
0,Device,46729840.0,0.0,46729840.0,1791169463216861.184	
0,Device,46729840.0,0.0,46729840.0,1791169463236865.024	
0,Device,46729840.0,0.0,46729840.0,1791169463256854.016	
0,Device,46729840.0,0.0,46729840.0,1791169463276850.176	
0,Device,46729840.0,0.0,46729840.0,1791169463296866.048	
0,Device,46729840.0,0.0,46729840.0,1791169463316851.200	
0,Device,46729840.0,0.0,46729840.0,1791169463336852.992	
0,Device,46729840.0,0.0,46729840.0,1791169463356864.000	
0,Device,46729840.0,0.0,46729840.0,1791169463376855.040	
0,Device,46729840.0,0.0,46729840.0,1791169463396865.024	
0,Device,46729840.0,0.0,46729840.0,1791169463416969.984	
0,Device,46729840.0,0.0,46729840.0,1791169463436844.032	
0,Device,46729840.0,0.0,46729840.0,1791169463456858.112	
0,Device,46729840.0,0.0,46729840.0,1791169463476857.088	
0,Device,46729840.0,0.0,46729840.0,1791169463496859.136	
0,Device,46729840.0,0.0,46729840.0,1791169463516851.200	
0,Device,46729840.0,0.0,46729840.0,1791169463536852.992	
0,Device,46729840.0,0.0,46729840.0,1791169463556865.024	
0,Device,46729840.0,0.0,46729840.0,1791169463576851.200	
0,Device,46729840.0,0.0,46729840.0,1791169463596867.072	
0,Device,46729840.0,0.0,46729840.0,1791169463616890.112	
0,Device,46729840.0,0.0,46729840.0,1791169463636998.144	
0,Device,46729840.0,0.0,46729840.0,1791169463656847.104	
0,Device,46729840.0,0.0,46729840.0,1791169463676864.000	
0,Device,46729840.0,0.0,46729840.0,1791169463696865.024	
0,Device,46729840.0,0.0,46729840.0,1791169463716856.064	
0,Device,46729840.0,0.0,46729840.0,1791169463736851.200	
0,Device,46729840.0,0.0,46729840.0,1791169463756865.024	
0,Device,46729840.0,0.0,46729840.0,1791169463776850.176	
0,Device,46729840.0,0.0,46729840.0,1791169463796851.200	
0,Device,46729840.0,0.0,46729840.0,1791169463816858.112	
0,Device,46729840.0,0.0,46729840.0,1791169463836862.208	
0,Device,46729840.0,0.0,46729840.0,1791169463857014.016	
0,Device,46729840.0,0.0,46729840.0,1791169463876864.000	
0,Device,46729840.0,0.0,46729840.0,1791169463896869.120	
0,Device,46729840.0,0.0,46729840.0,1791169463916855.040	
0,Device,46729840.0,0.0,46729840.0,1791169463936878.080	
0,Device,46729840.0,0.0,46729840.0,1791169463956864.000	
0,Device,46729840.0,0.0,46729840.0,1791169463976863.232	
0,Device,46729840.0,0.0,46729840.0,1791169463996868.096	
0,Device,46729840.0,0.0,46729840.0,1791169464016856.064	
0,Device,46729840.0,0.0,46729840.0,1791169464036860.160	
0,Device,46729840.0,0.0,46729840.0,1791169464056863.232	
0,Device,46729840.0,0.0,46729840.0,1791169464077015.040	
0,Device,46729840.0,0.0,46729840.0,1791169464096863.232	
0,Device,46729840.0,0.0,46729840.0,1791169464116849.152	
0,Device,46729840.0,0.0,46729840.0,1791169464136859.136	
0,Device,46729840.0,0.0,46729840.0,1791169464156916.224	
0,Device,46729840.0,0.0,46729840.0,1791169464176857.088	
0,Device,46729840.0,0.0,46729840.0,1791169464196866.048	
0,Device,46729840.0,0.0,46729840.0,1791169464216854.016	
0,Device,46729840.0,0.0,46729840.0,1791169464236856.064	
0,Device,46730092.0,0.0,46730092.0,1791169464256851.200	
0,Device,46730092.0,0.0,46730092.0,1791169464276852.992	
0,Device,46730092.0,0.0,46730092.0,1791169464296856.064	
0,Device,46730092.0,0.0,46730092.0,1791169464316865.024	
0,Device,46730092.0,0.0,46730092.0,1791169464336855.040	
0,Device,46730092.0,0.0,46730092.0,1791169464356858.112	
0,Device,46730092.0,0.0,46730092.0,1791169464376977.152	
0,Device,46730092.0,0.0,46730092.0,1791169464396860.160	
0,Device,46730092.0,0.0,46730092.0,1791169464416855.040	
0,Device,46730092.0,0.0,46730092.0,1791169464436850.176	
0,Device,46730092.0,0.0,46730092.0,1791169464456861.184	
0,Device,46730092.0,0.0,46730092.0,1791169464476862.208	
0,Device,46730092.0,0.0,46730092.0,1791169464496855.040	
0,Device,46730092.0,0.0,46730092.0,1791169464516858.112	
0,Device,46730092.0,0.0,46730092.0,1791169464536862.208	
0,Device,46730092.0,0.0,46730092.0,1791169464556850.176	
0,Device,46730092.0,0.0,46730092.0,1791169464576848.128	
0,Device,46730092.0,0.0,46730092.0,1791169464597017.088	
0,Device,46730092.0,0.0,46730092.0,1791169464616855.040	
0,Device,46730092.0,0.0,46730092.0,1791169464636873.216	
0,Device,46730092.0,0.0,46730092.0,1791169464656869.120	
0,Device,46730092.0,0.0,46730092.0,1791169464676871.168	
0,Device,46730092.0,0.0,46730092.0,1791169464696852.992	
0,Device,46730092.0,0.0,46730092.0,1791169464716852.224	
0,Device,46730092.0,0.0,46730092.0,1791169464736852.992	
0,Device,46730092.0,0.0,46730092.0,1791169464756845.056	
0,Device,46730092.0,0.0,46730092.0,1791169464776843.008	
0,Device,46730092.0,0.0,46730092.0,1791169464796849.152	
0,Device,46728044.0,0.0,46728044.0,1791169464816852.224	
0,Device,46727020.0,0.0,46727020.0,1791169464826313.984	
1,Device,46224716.0,0.0,46224716.0,1791169434399382.528	
1,Device,46225740.0,0.0,46225740.0,1791169434419231.488	
1,Device,46225740.0,0.0,46225740.0,1791169434439213.568	
1,Device,46225740.0,0.0,46225740.0,1791169434459370.496	
1,Device,46225740.0,0.0,46225740.0,1791169434479231.488	
1,Device,46225740.0,0.0,46225740.0,1791169434499211.520	
1,Device,46225740.0,0.0,46225740.0,1791169434519218.432	
1,Device,46225740.0,0.0,46225740.0,1791169434539292.416	
1,Device,46225740.0,0.0,46225740.0,1791169434559208.448	
1,Device,46225740.0,0.0,46225740.0,1791169434579205.632	
1,Device,46225740.0,0.0,46225740.0,1791169434599209.472	
1,Device,46225740.0,0.0,46225740.0,1791169434619211.520	
1,Device,46225740.0,0.0,46225740.0,1791169434639213.568	
1,Device,46225740.0,0.0,46225740.0,1791169434659211.520	
1,Device,46225740.0,0.0,46225740.0,1791169434679222.528	
1,Device,46225740.0,0.0,46225740.0,1791169434699213.568	
1,Device,46225740.0,0.0,46225740.0,1791169434719214.592	
1,Device,46225740.0,0.0,46225740.0,1791169434739213.568	
1,Device,46225740.0,0.0,46225740.0,1791169434759202.560	
1,Device,46225740.0,0.0,46225740.0,1791169434779216.384	
1,Device,46225740.0,0.0,46225740.0,1791169434799214.592	
1,Device,46225740.0,0.0,46225740.0,1791169434819210.496	
1,Device,46225740.0,0.0,46225740.0,1791169434839217.408	
1,Device,46225740.0,0.0,46225740.0,1791169434859217.408	
1,Device,46225740.0,0.0,46225740.0,1791169434879212.544	
1,Device,46225740.0,0.0,46225740.0,1791169434899215.616	
1,Device,46225740.0,0.0,46225740.0,1791169434919215.616	
1,Device,46225740.0,0.0,46225740.0,1791169434939220.480	
1,Device,46225740.0,0.0,46225740.0,1791169434959212.544	
1,Device,46225740.0,0.0,46225740.0,1791169434979216.384	
1,Device,46225740.0,0.0,46225740.0,1791169434999217.408	
1,Device,46225740.0,0.0,46225740.0,1791169435019210.496	
1,Device,46225740.0,0.0,46225740.0,1791169435039212.544	
1,Device,46225740.0,0.0,46225740.0,1791169435059205.632	
1,Device,46225740.0,0.0,46225740.0,1791169435079388.416	
1,Device,46225740.0,0.0,46225740.0,1791169435099224.576	
1,Device,46225740.0,0.0,46225740.0,1791169435119210.496	
1,Device,46225740.0,0.0,46225740.0,1791169435139216.384	
1,Device,46225740.0,0.0,46225740.0,1791169435159266.560	
1,Device,46225740.0,0.0,46225740.0,1791169435179211.520	
1,Device,46225740.0,0.0,46225740.0,1791169435199214.592	
1,Device,46225740.0,0.0,46225740.0,1791169435219206.400	
1,Device,46225740.0,0.0,46225740.0,1791169435239218.432	
1,Device,46225740.0,0.0,46225740.0,1791169435259211.520	
1,Device,46225740.0,0.0,46225740.0,1791169435279217.408	
1,Device,46225740.0,0.0,46225740.0,1791169435299234.560	
1,Device,46225740.0,0.0,46225740.0,1791169435319281.408	
1,Device,46225740.0,0.0,46225740.0,1791169435339211.520	
1,Device,46225740.0,0.0,46225740.0,1791169435359216.384	
1,Device,46225740.0,0.0,46225740.0,1791169435379215.616	
1,Device,46225740.0,0.0,46225740.0,1791169435399365.632	
1,Device,46225740.0,0.0,46225740.0,1791169435419216.384	
1,Device,46225740.0,0.0,46225740.0,1791169435439233.536	
1,Device,46225740.0,0.0,46225740.0,1791169435459212.544	
1,Device,46225740.0,0.0,46225740.0,1791169435479289.600	
1,Device,46225740.0,0.0,46225740.0,1791169435499209.472	
1,Device,46225740.0,0.0,46225740.0,1791169435519212.544	
1,Device,46225740.0,0.0,46225740.0,1791169435539215.616	
1,Device,46225740.0,0.0,46225740.0,1791169435559214.592	
1,Device,46225740.0,0.0,46225740.0,1791169435579211.520	
1,Device,46225740.0,0.0,46225740.0,1791169435599215.616	
1,Device,46225740.0,0.0,46225740.0,1791169435619214.592	
1,Device,46225740.0,0.0,46225740.0,1791169435639216.384	
1,Device,46225740.0,0.0,46225740.0,1791169435659208.448	
1,Device,46225740.0,0.0,46225740.0,1791169435679216.384	
1,Device,46225740.0,0.0,46225740.0,1791169435699379.456	
1,Device,46225740.0,0.0,46225740.0,1791169435719204.608	
1,Device,46225740.0,0.0,46225740.0,1791169435739215.616	
1,Device,46225740.0,0.0,46225740.0,1791169435759212.544	
1,Device,46225740.0,0.0,46225740.0,1791169435779345.408	
1,Device,46225740.0,0.0,46225740.0,1791169435799206.400	
1,Device,46225740.0,0.0,46225740.0,1791169435819224.576	
1,Device,46225740.0,0.0,46225740.0,1791169435839224.576	
1,Device,46225740.0,0.0,46225740.0,1791169435859254.528	
1,Device,46225740.0,0.0,46225740.0,1791169435879214.592	
1,Device,46225740.0,0.0,46225740.0,1791169435899210.496	
1,Device,46225740.0,0.0,46225740.0,1791169435919209.472	
1,Device,46225740.0,0.0,46225740.0,1791169435939235.584	
1,Device,46225740.0,0.0,46225740.0,1791169435959219.456	
1,Device,46225740.0,0.0,46225740.0,1791169435979210.496	
1,Device,46225740.0,0.0,46225740.0,1791169435999239.424	
1,Device,46225740.0,0.0,46225740.0,1791169436019215.616	
1,Device,46225740.0,0.0,46225740.0,1791169436039219.456	
1,Device,46225740.0,0.0,46225740.0,1791169436059221.504	
1,Device,46225740.0,0.0,46225740.0,1791169436079208.448	
1,Device,46225740.0,0.0,46225740.0,1791169436099229.440	
1,Device,46225740.0,0.0,46225740.0,1791169436119218.432	
1,Device,46225740.0,0.0,46225740.0,1791169436139218.432	
1,Device,46225740.0,0.0,46225740.0,1791169436159211.520	
1,Device,46225740.0,0.0,46225740.0,1791169436179214.592	
1,Device,46225740.0,0.0,46225740.0,1791169436199223.552	
1,Device,46225740.0,0.0,46225740.0,1791169436219216.384	
1,Device,46225740.0,0.0,46225740.0,1791169436239214.592	
1,Device,46225740.0,0.0,46225740.0,1791169436259213.568	
1,Device,46225740.0,0.0,46225740.0,1791169436279207.424	
1,Device,46225740.0,0.0,46225740.0,1791169436299220.480	
1,Device,46225740.0,0.0,46225740.0,1791169436319379.456	
1,Device,46225740.0,0.0,46225740.0,1791169436339223.552	
1,Device,46225740.0,0.0,46225740.0,1791169436359222.528	
1,Device,46225740.0,0.0,46225740.0,1791169436379210.496	
1,Device,46225740.0,0.0,46225740.0,1791169436399320.576	
1,Device,46225740.0,0.0,46225740.0,1791169436419219.456	
1,Device,46225740.0,0.0,46225740.0,1791169436439224.576	
1,Device,46225740.0,0.0,46225740.0,1791169436459206.400	
1,Device,46225740.0,0.0,46225740.0,1791169436479215.616	
1,Device,46225740.0,0.0,46225740.0,1791169436499256.576	
1,Device,46225740.0,0.0,46225740.0,1791169436519212.544	
1,Device,46225740.0,0.0,46225740.0,1791169436539203.584	
1,Device,46225740.0,0.0,46225740.0,1791169436559205.632	
1,Device,46225740.0,0.0,46225740.0,1791169436579228.416	
1,Device,46225740.0,0.0,46225740.0,1791169436599203.584	
1,Device,46225740.0,0.0,46225740.0,1791169436619396.608	
1,Device,46225740.0,0.0,46225740.0,1791169436639203.584	
1,Device,46225740.0,0.0,46225740.0,1791169436659202.560	
1,Device,46225740.0,0.0,46225740.0,1791169436679200.512	
1,Device,46225740.0,0.0,46225740.0,1791169436699220.480	
1,Device,46225740.0,0.0,46225740.0,1791169436719267.584	
1,Device,46225740.0,0.0,46225740.0,1791169436739258.624	
1,Device,46225740.0,0.0,46225740.0,1791169436759252.480	
1,Device,46225740.0,0.0,46225740.0,1791169436779201.536	
1,Device,46225740.0,0.0,46225740.0,1791169436799277.568	
1,Device,46225740.0,0.0,46225740.0,1791169436819223.552	
1,Device,46225740.0,0.0,46225740.0,1791169436839373.568	
1,Device,46225740.0,0.0,46225740.0,1791169436859219.456	
1,Device,46225740.0,0.0,46225740.0,1791169436879199.488	
1,Device,46225740.0,0.0,46225740.0,1791169436899212.544	
1,Device,46225740.0,0.0,46225740.0,1791169436919265.536	
1,Device,46225740.0,0.0,46225740.0,1791169436939202.560	
1,Device,46225740.0,0.0,46225740.0,1791169436959253.504	
1,Device,46225740.0,0.0,46225740.0,1791169436979201.536	
1,Device,46225740.0,0.0,46225740.0,1791169436999203.584	
1,Device,46225740.0,0.0,46225740.0,1791169437019238.400	
1,Device,46225740.0,0.0,46225740.0,1791169437039267.584	
1,Device,46225740.0,0.0,46225740.0,1791169437059429.632	
1,Device,46225740.0,0.0,46225740.0,1791169437079199.488	
1,Device,46225740.0,0.0,46225740.0,1791169437099210.496	
1,Device,46225740.0,0.0,46225740.0,1791169437119281.408	
1,Device,46225740.0,0.0,46225740.0,1791169437139307.520	
1,Device,46225740.0,0.0,46225740.0,1791169437159305.472	
1,Device,46225740.0,0.0,46225740.0,1791169437179205.632	
1,Device,46225740.0,0.0,46225740.0,1791169437199211.520	
1,Device,46225740.0,0.0,46225740.0,1791169437219210.496	
1,Device,46225740.0,0.0,46225740.0,1791169437239203.584	
1,Device,46225740.0,0.0,46225740.0,1791169437259202.560	
1,Device,46225740.0,0.0,46225740.0,1791169437279249.408	
1,Device,46225740.0,0.0,46225740.0,1791169437299210.496	
1,Device,46225740.0,0.0,46225740.0,1791169437319209.472	
1,Device,46225740.0,0.0,46225740.0,1791169437339208.448	
1,Device,46225740.0,0.0,46225740.0,1791169437359589.632	
1,Device,46227356.0,0.0,46227356.0,1791169437379280.384	
1,Device,46226952.0,0.0,46226952.0,1791169437399257.600	
1,Device,46226952.0,0.0,46226952.0,1791169437419210.496	
1,Device,46226952.0,0.0,46226952.0,1791169437439265.536	
1,Device,46226952.0,0.0,46226952.0,1791169437459202.560	
1,Device,46226952.0,0.0,46226952.0,1791169437479204.608	
1,Device,46226952.0,0.0,46226952.0,1791169437499252.480	
1,Device,46226952.0,0.0,46226952.0,1791169437519203.584	
1,Device,46226952.0,0.0,46226952.0,1791169437539210.496	
1,Device,46226952.0,0.0,46226952.0,1791169437559209.472	
1,Device,46226952.0,0.0,46226952.0,1791169437579437.568	
1,Device,46226952.0,0.0,46226952.0,1791169437599268.608	
1,Device,46226952.0,0.0,46226952.0,1791169437619201.536	
1,Device,46226952.0,0.0,46226952.0,1791169437639209.472	
1,Device,46226952.0,0.0,46226952.0,1791169437659283.456	
1,Device,46226952.0,0.0,46226952.0,1791169437679200.512	
1,Device,46226952.0,0.0,46226952.0,1791169437699206.400	
1,Device,46226952.0,0.0,46226952.0,1791169437719202.560	
1,Device,46226952.0,0.0,46226952.0,1791169437739208.448	
1,Device,46226952.0,0.0,46226952.0,1791169437759208.448	
1,Device,46226952.0,0.0,46226952.0,1791169437779206.400	
1,Device,46226952.0,0.0,46226952.0,1791169437799211.520	
1,Device,46226952.0,0.0,46226952.0,1791169437819208.448	
1,Device,46226952.0,0.0,46226952.0,1791169437839202.560	
1,Device,46226952.0,0.0,46226952.0,1791169437859207.424	
1,Device,46226952.0,0.0,46226952.0,1791169437879292.416	
1,Device,46226952.0,0.0,46226952.0,1791169437899200.512	
1,Device,46226952.0,0.0,46226952.0,1791169437919204.608	
1,Device,46226952.0,0.0,46226952.0,1791169437939201.536	
1,Device,46226952.0,0.0,46226952.0,1791169437959216.384	
1,Device,46226952.0,0.0,46226952.0,1791169437979204.608	
1,Device,46226952.0,0.0,46226952.0,1791169437999207.424	
1,Device,46226952.0,0.0,46226952.0,1791169438019202.560	
1,Device,46226952.0,0.0,46226952.0,1791169438039202.560	
1,Device,46226952.0,0.0,46226952.0,1791169438059209.472	
1,Device,46226952.0,0.0,46226952.0,1791169438079207.424	
1,Device,46226952.0,0.0,46226952.0,1791169438099326.464	
1,Device,46226952.0,0.0,46226952.0,1791169438119207.424	
1,Device,46226556.0,0.0,46226556.0,1791169438139207.424	
1,Device,46226556.0,0.0,46226556.0,1791169438159211.520	
1,Device,46226556.0,0.0,46226556.0,1791169438179205.632	
1,Device,46226556.0,0.0,46226556.0,1791169438199206.400	
1,Device,46226556.0,0.0,46226556.0,1791169438219200.512	
1,Device,46226556.0,0.0,46226556.0,1791169438239197.440	
1,Device,46226556.0,0.0,46226556.0,1791169438259212.544	
1,Device,46226556.0,0.0,46226556.0,1791169438279209.472	
1,Device,46226556.0,0.0,46226556.0,1791169438299209.472	
1,Device,46226556.0,0.0,46226556.0,1791169438319343.616	
1,Device,46226556.0,0.0,46226556.0,1791169438339207.424	
1,Device,46226556.0,0.0,46226556.0,1791169438359205.632	
1,Device,46226556.0,0.0,46226556.0,1791169438379202.560	
1,Device,46226556.0,0.0,46226556.0,1791169438399205.632	
1,Device,46226556.0,0.0,46226556.0,1791169438419206.400	
1,Device,46226556.0,0.0,46226556.0,1791169438439203.584	
1,Device,46226556.0,0.0,46226556.0,1791169438459208.448	
1,Device,46226556.0,0.0,46226556.0,1791169438479200.512	
1,Device,46226556.0,0.0,46226556.0,1791169438499206.400	
1,Device,46226556.0,0.0,46226556.0,1791169438519202.560	
1,Device,46226556.0,0.0,46226556.0,1791169438539354.624	
1,Device,46226556.0,0.0,46226556.0,1791169438559209.472	
1,Device,46226556.0,0.0,46226556.0,1791169438579204.608	
1,Device,46226556.0,0.0,46226556.0,1791169438599209.472	
1,Device,46226556.0,0.0,46226556.0,1791169438619207.424	
1,Device,46226556.0,0.0,46226556.0,1791169438639204.608	
1,Device,46226556.0,0.0,46226556.0,1791169438659197.440	
1,Device,46226556.0,0.0,46226556.0,1791169438679201.536	
1,Device,46226556.0,0.0,46226556.0,1791169438699214.592	
1,Device,46226556.0,0.0,46226556.0,1791169438719265.536	
1,Device,46226556.0,0.0,46226556.0,1791169438739205.632	
1,Device,46226556.0,0.0,46226556.0,1791169438759399.424	
1,Device,46226556.0,0.0,46226556.0,1791169438779219.456	
1,Device,46226556.0,0.0,46226556.0,1791169438799197.440	
1,Device,46226556.0,0.0,46226556.0,1791169438819201.536	
1,Device,46226556.0,0.0,46226556.0,1791169438839293.440	
1,Device,46226556.0,0.0,46226556.0,1791169438859211.520	
1,Device,46226556.0,0.0,46226556.0,1791169438879216.384	
1,Device,46226556.0,0.0,46226556.0,1791169438899213.568	
1,Device,46226556.0,0.0,46226556.0,1791169438919214.592	
1,Device,46226556.0,0.0,46226556.0,1791169438939207.424	
1,Device,46226556.0,0.0,46226556.0,1791169438959288.576	
1,Device,46226556.0,0.0,46226556.0,1791169438979208.448	
1,Device,46226556.0,0.0,46226556.0,1791169438999231.488	
1,Device,46226556.0,0.0,46226556.0,1791169439019197.440	
1,Device,46226556.0,0.0,46226556.0,1791169439039200.512	
1,Device,46226556.0,0.0,46226556.0,1791169439059372.544	
1,Device,46226556.0,0.0,46226556.0,1791169439079205.632	
1,Device,46226556.0,0.0,46226556.0,1791169439099887.616	
1,Device,46226556.0,0.0,46226556.0,1791169439119278.592	
1,Device,46226556.0,0.0,46226556.0,1791169439139321.600	
1,Device,46226556.0,0.0,46226556.0,1791169439159211.520	
1,Device,46226556.0,0.0,46226556.0,1791169439179199.488	
1,Device,46226556.0,0.0,46226556.0,1791169439199208.448	
1,Device,46226556.0,0.0,46226556.0,1791169439219201.536	
1,Device,46226556.0,0.0,46226556.0,1791169439239199.488	
1,Device,46226556.0,0.0,46226556.0,1791169439259206.400	
1,Device,46226556.0,0.0,46226556.0,1791169439279249.408	
1,Device,46226556.0,0.0,46226556.0,1791169439299245.568	
1,Device,46226556.0,0.0,46226556.0,1791169439319198.464	
1,Device,46226556.0,0.0,46226556.0,1791169439339203.584	
1,Device,46226556.0,0.0,46226556.0,1791169439359380.480	
1,Device,46226556.0,0.0,46226556.0,1791169439379255.552	
1,Device,46226556.0,0.0,46226556.0,1791169439399246.592	
1,Device,46226556.0,0.0,46226556.0,1791169439419214.592	
1,Device,46226556.0,0.0,46226556.0,1791169439439261.440	
1,Device,46226556.0,0.0,46226556.0,1791169439459210.496	
1,Device,46226556.0,0.0,46226556.0,1791169439479207.424	
1,Device,46226556.0,0.0,46226556.0,1791169439499258.624	
1,Device,46226556.0,0.0,46226556.0,1791169439519287.552	
1,Device,46226556.0,0.0,46226556.0,1791169439539197.440	
1,Device,46226556.0,0.0,46226556.0,1791169439559211.520	
1,Device,46226556.0,0.0,46226556.0,1791169439579247.616	
1,Device,46226556.0,0.0,46226556.0,1791169439599284.480	
1,Device,46226556.0,0.0,46226556.0,1791169439619239.424	
1,Device,46226556.0,0.0,46226556.0,1791169439639272.448	
1,Device,46226556.0,0.0,46226556.0,1791169439659370.496	
1,Device,46226556.0,0.0,46226556.0,1791169439679203.584	
1,Device,46226556.0,0.0,46226556.0,1791169439699246.592	
1,Device,46226556.0,0.0,46226556.0,1791169439719204.608	
1,Device,46226556.0,0.0,46226556.0,1791169439739247.616	
1,Device,46226556.0,0.0,46226556.0,1791169439759299.584	
1,Device,46226556.0,0.0,46226556.0,1791169439779203.584	
1,Device,46226556.0,0.0,46226556.0,1791169439799291.392	
1,Device,46226556.0,0.0,46226556.0,1791169439819211.520	
1,Device,46226556.0,0.0,46226556.0,1791169439839196.416	
1,Device,46226556.0,0.0,46226556.0,1791169439859212.544	
1,Device,46226556.0,0.0,46226556.0,1791169439879244.544	
1,Device,46226556.0,0.0,46226556.0,1791169439899268.608	
1,Device,46226556.0,0.0,46226556.0,1791169439919212.544	
1,Device,46226556.0,0.0,46226556.0,1791169439939307.520	
1,Device,46226556.0,0.0,46226556.0,1791169439959378.432	
1,Device,46226556.0,0.0,46226556.0,1791169439979210.496	
1,Device,46226556.0,0.0,46226556.0,1791169439999262.464	
1,Device,46226556.0,0.0,46226556.0,1791169440019246.592	
1,Device,46226556.0,0.0,46226556.0,1791169440039214.592	
1,Device,46226556.0,0.0,46226556.0,1791169440059280.384	
1,Device,46226556.0,0.0,46226556.0,1791169440079204.608	
1,Device,46226556.0,0.0,46226556.0,1791169440099218.432	
1,Device,46226556.0,0.0,46226556.0,1791169440119246.592	
1,Device,46226556.0,0.0,46226556.0,1791169440139209.472	
1,Device,46226556.0,0.0,46226556.0,1791169440159202.560	
1,Device,46226556.0,0.0,46226556.0,1791169440179208.448	
1,Device,46226556.0,0.0,46226556.0,1791169440199308.544	
1,Device,46226960.0,0.0,46226960.0,1791169440219432.448	
1,Device,46227616.0,0.0,46227616.0,1791169440239331.584	
1,Device,46227212.0,0.0,46227212.0,1791169440259405.568	
1,Device,46227212.0,0.0,46227212.0,1791169440279228.416	
1,Device,46227212.0,0.0,46227212.0,1791169440299205.632	
1,Device,46227212.0,0.0,46227212.0,1791169440319205.632	
1,Device,46227212.0,0.0,46227212.0,1791169440339301.632	
1,Device,46227212.0,0.0,46227212.0,1791169440359265.536	
1,Device,46227212.0,0.0,46227212.0,1791169440379270.400	
1,Device,46227212.0,0.0,46227212.0,1791169440399262.464	
1,Device,46227212.0,0.0,46227212.0,1791169440419203.584	
1,Device,46227212.0,0.0,46227212.0,1791169440439244.544	
1,Device,46227212.0,0.0,46227212.0,1791169440459202.560	
1,Device,46227212.0,0.0,46227212.0,1791169440479271.424	
1,Device,46227212.0,0.0,46227212.0,1791169440499208.448	
1,Device,46227212.0,0.0,46227212.0,1791169440519202.560	
1,Device,46227212.0,0.0,46227212.0,1791169440539271.424	
1,Device,46227212.0,0.0,46227212.0,1791169440559396.608	
1,Device,46227212.0,0.0,46227212.0,1791169440579200.512	
1,Device,46227212.0,0.0,46227212.0,1791169440599209.472	
1,Device,46227212.0,0.0,46227212.0,1791169440619267.584	
1,Device,46227212.0,0.0,46227212.0,1791169440639266.560	
1,Device,46227212.0,0.0,46227212.0,1791169440659207.424	
1,Device,46227212.0,0.0,46227212.0,1791169440679209.472	
1,Device,46227212.0,0.0,46227212.0,1791169440699243.520	
1,Device,46227212.0,0.0,46227212.0,1791169440719271.424	
1,Device,46227212.0,0.0,46227212.0,1791169440739232.512	
1,Device,46227212.0,0.0,46227212.0,1791169440759202.560	
1,Device,46227212.0,0.0,46227212.0,1791169440779202.560	
1,Device,46227212.0,0.0,46227212.0,1791169440799194.624	
1,Device,46227212.0,0.0,46227212.0,1791169440819234.560	
1,Device,46227212.0,0.0,46227212.0,1791169440839209.472	
1,Device,46227212.0,0.0,46227212.0,1791169440859322.624	
1,Device,46227212.0,0.0,46227212.0,1791169440879204.608	
1,Device,46227212.0,0.0,46227212.0,1791169440899270.400	
1,Device,46227212.0,0.0,46227212.0,1791169440919230.464	
1,Device,46227212.0,0.0,46227212.0,1791169440939200.512	
1,Device,46227212.0,0.0,46227212.0,1791169440959209.472	
1,Device,46227212.0,0.0,46227212.0,1791169440979233.536	
1,Device,46227212.0,0.0,46227212.0,1791169440999213.568	
1,Device,46227212.0,0.0,46227212.0,1791169441019257.600	
1,Device,46227212.0,0.0,46227212.0,1791169441039202.560	
1,Device,46227212.0,0.0,46227212.0,1791169441059203.584	
1,Device,46227212.0,0.0,46227212.0,1791169441079370.496	
1,Device,46227212.0,0.0,46227212.0,1791169441099307.520	
1,Device,46227212.0,0.0,46227212.0,1791169441119207.424	
1,Device,46226996.0,0.0,46226996.0,1791169441139203.584	
1,Device,46226996.0,0.0,46226996.0,1791169441159258.624	
1,Device,46226996.0,0.0,46226996.0,1791169441179204.608	
1,Device,46226996.0,0.0,46226996.0,1791169441199204.608	
1,Device,46226996.0,0.0,46226996.0,1791169441219196.416	
1,Device,46226996.0,0.0,46226996.0,1791169441239202.560	
1,Device,46226996.0,0.0,46226996.0,1791169441259278.592	
1,Device,46226996.0,0.0,46226996.0,1791169441279249.408	
1,Device,46226996.0,0.0,46226996.0,1791169441299201.536	
1,Device,46226996.0,0.0,46226996.0,1791169441319203.584	
1,Device,46226996.0,0.0,46226996.0,1791169441339203.584	
1,Device,46226996.0,0.0,46226996.0,1791169441359216.384	
1,Device,46226996.0,0.0,46226996.0,1791169441379360.512	
1,Device,46226996.0,0.0,46226996.0,1791169441399276.544	
1,Device,46226996.0,0.0,46226996.0,1791169441419205.632	
1,Device,46226996.0,0.0,46226996.0,1791169441439207.424	
1,Device,46226996.0,0.0,46226996.0,1791169441459273.472	
1,Device,46226996.0,0.0,46226996.0,1791169441479199.488	
1,Device,46226996.0,0.0,46226996.0,1791169441499228.416	
1,Device,46226996.0,0.0,46226996.0,1791169441519274.496	
1,Device,46226996.0,0.0,46226996.0,1791169441539202.560	
1,Device,46226996.0,0.0,46226996.0,1791169441559206.400	
1,Device,46226996.0,0.0,46226996.0,1791169441579198.464	
1,Device,46226996.0,0.0,46226996.0,1791169441599202.560	
1,Device,46226996.0,0.0,46226996.0,1791169441619213.568	
1,Device,46226996.0,0.0,46226996.0,1791169441639205.632	
1,Device,46226996.0,0.0,46226996.0,1791169441659266.560	
1,Device,46226996.0,0.0,46226996.0,1791169441679422.464	
1,Device,46226996.0,0.0,46226996.0,1791169441699226.624	
1,Device,46226996.0,0.0,46226996.0,1791169441719304.448	
1,Device,46226996.0,0.0,46226996.0,1791169441739238.400	
1,Device,46226996.0,0.0,46226996.0,1791169441759322.624	
1,Device,46226996.0,0.0,46226996.0,1791169441779196.416	
1,Device,46226996.0,0.0,46226996.0,1791169441799202.560	
1,Device,46226996.0,0.0,46226996.0,1791169441819197.440	
1,Device,46226996.0,0.0,46226996.0,1791169441839257.600	
1,Device,46226996.0,0.0,46226996.0,1791169441859212.544	
1,Device,46226996.0,0.0,46226996.0,1791169441879201.536	
1,Device,46226996.0,0.0,46226996.0,1791169441899205.632	
1,Device,46226996.0,0.0,46226996.0,1791169441919251.456	
1,Device,46226996.0,0.0,46226996.0,1791169441939204.608	
1,Device,46226996.0,0.0,46226996.0,1791169441959259.392	
1,Device,46226996.0,0.0,46226996.0,1791169441979367.424	
1,Device,46226996.0,0.0,46226996.0,1791169441999205.632	
1,Device,46226996.0,0.0,46226996.0,1791169442019226.624	
1,Device,46226996.0,0.0,46226996.0,1791169442039203.584	
1,Device,46226996.0,0.0,46226996.0,1791169442059318.528	
1,Device,46226996.0,0.0,46226996.0,1791169442079205.632	
1,Device,46226996.0,0.0,46226996.0,1791169442099251.456	
1,Device,46226996.0,0.0,46226996.0,1791169442119252.480	
1,Device,46226996.0,0.0,46226996.0,1791169442139248.384	
1,Device,46226996.0,0.0,46226996.0,1791169442159204.608	
1,Device,46226996.0,0.0,46226996.0,1791169442179236.608	
1,Device,46226996.0,0.0,46226996.0,1791169442199210.496	
1,Device,46226996.0,0.0,46226996.0,1791169442219244.544	
1,Device,46226744.0,0.0,46226744.0,1791169442239284.480	
1,Device,46226744.0,0.0,46226744.0,1791169442259211.520	
1,Device,46226744.0,0.0,46226744.0,1791169442279202.560	
1,Device,46226744.0,0.0,46226744.0,1791169442299212.544	
1,Device,46226744.0,0.0,46226744.0,1791169442319214.592	
1,Device,46226744.0,0.0,46226744.0,1791169442339206.400	
1,Device,46226744.0,0.0,46226744.0,1791169442359367.424	
1,Device,46226744.0,0.0,46226744.0,1791169442379209.472	
1,Device,46226744.0,0.0,46226744.0,1791169442399308.544	
1,Device,46226744.0,0.0,46226744.0,1791169442419230.464	
1,Device,46226744.0,0.0,46226744.0,1791169442439259.392	
1,Device,46226744.0,0.0,46226744.0,1791169442459202.560	
1,Device,46226744.0,0.0,46226744.0,1791169442479212.544	
1,Device,46226744.0,0.0,46226744.0,1791169442499214.592	
1,Device,46226744.0,0.0,46226744.0,1791169442519215.616	
1,Device,46226744.0,0.0,46226744.0,1791169442539202.560	
1,Device,46226744.0,0.0,46226744.0,1791169442559204.608	
1,Device,46226744.0,0.0,46226744.0,1791169442579362.560	
1,Device,46226744.0,0.0,46226744.0,1791169442599235.584	
1,Device,46226744.0,0.0,46226744.0,1791169442619204.608	
1,Device,46226744.0,0.0,46226744.0,1791169442639204.608	
1,Device,46226744.0,0.0,46226744.0,1791169442659359.488	
1,Device,46226744.0,0.0,46226744.0,1791169442679199.488	
1,Device,46226744.0,0.0,46226744.0,1791169442699201.536	
1,Device,46226744.0,0.0,46226744.0,1791169442719209.472	
1,Device,46226744.0,0.0,46226744.0,1791169442739222.528	
1,Device,46226744.0,0.0,46226744.0,1791169442759204.608	
1,Device,46226744.0,0.0,46226744.0,1791169442779250.432	
1,Device,46226744.0,0.0,46226744.0,1791169442799237.632	
1,Device,46226744.0,0.0,46226744.0,1791169442819234.560	
1,Device,46226744.0,0.0,46226744.0,1791169442839203.584	
1,Device,46226744.0,0.0,46226744.0,1791169442859210.496	
1,Device,46226744.0,0.0,46226744.0,1791169442879370.496	
1,Device,46226744.0,0.0,46226744.0,1791169442899203.584	
1,Device,46226744.0,0.0,46226744.0,1791169442919225.600	
1,Device,46226744.0,0.0,46226744.0,1791169442939204.608	
1,Device,46226744.0,0.0,46226744.0,1791169442959314.432	
1,Device,46226744.0,0.0,46226744.0,1791169442979206.400	
1,Device,46226744.0,0.0,46226744.0,1791169442999203.584	
1,Device,46226744.0,0.0,46226744.0,1791169443019202.560	
1,Device,46226744.0,0.0,46226744.0,1791169443039246.592	
1,Device,46226744.0,0.0,46226744.0,1791169443059214.592	
1,Device,46226744.0,0.0,46226744.0,1791169443079242.496	
1,Device,46226744.0,0.0,46226744.0,1791169443099207.424	
1,Device,46226744.0,0.0,46226744.0,1791169443119210.496	
1,Device,46226744.0,0.0,46226744.0,1791169443139210.496	
1,Device,46226744.0,0.0,46226744.0,1791169443159293.440	
1,Device,46226744.0,0.0,46226744.0,1791169443179357.440	
1,Device,46226744.0,0.0,46226744.0,1791169443199302.400	
1,Device,46226744.0,0.0,46226744.0,1791169443219208.448	
1,Device,46226744.0,0.0,46226744.0,1791169443239204.608	
1,Device,46226744.0,0.0,46226744.0,1791169443259271.424	
1,Device,46226744.0,0.0,46226744.0,1791169443279211.520	
1,Device,46226744.0,0.0,46226744.0,1791169443299196.416	
1,Device,46226744.0,0.0,46226744.0,1791169443319195.392	
1,Device,46226744.0,0.0,46226744.0,1791169443339203.584	
1,Device,46226744.0,0.0,46226744.0,1791169443359209.472	
1,Device,46226744.0,0.0,46226744.0,1791169443379201.536	
1,Device,46226744.0,0.0,46226744.0,1791169443399205.632	
1,Device,46226744.0,0.0,46226744.0,1791169443419205.632	
1,Device,46226744.0,0.0,46226744.0,1791169443439269.632	
1,Device,46226744.0,0.0,46226744.0,1791169443459235.584	
1,Device,46226744.0,0.0,46226744.0,1791169443479368.448	
1,Device,46226744.0,0.0,46226744.0,1791169443499212.544	
1,Device,46226744.0,0.0,46226744.0,1791169443519210.496	
1,Device,46226744.0,0.0,46226744.0,1791169443539205.632	
1,Device,46226744.0,0.0,46226744.0,1791169443559273.472	
1,Device,46226744.0,0.0,46226744.0,1791169443579221.504	
1,Device,46226744.0,0.0,46226744.0,1791169443599207.424	
1,Device,46226996.0,0.0,46226996.0,1791169443619204.608	
1,Device,46226996.0,0.0,46226996.0,1791169443639299.584	
1,Device,46226996.0,0.0,46226996.0,1791169443659246.592	
1,Device,46226996.0,0.0,46226996.0,1791169443679205.632	
1,Device,46226996.0,0.0,46226996.0,1791169443699204.608	
1,Device,46226996.0,0.0,46226996.0,1791169443719207.424	
1,Device,46226996.0,0.0,46226996.0,1791169443739228.416	
1,Device,46226996.0,0.0,46226996.0,1791169443759225.600	
1,Device,46226996.0,0.0,46226996.0,1791169443779364.608	
1,Device,46226996.0,0.0,46226996.0,1791169443799211.520	
1,Device,46226996.0,0.0,46226996.0,1791169443819208.448	
1,Device,46226996.0,0.0,46226996.0,1791169443839215.616	
1,Device,46226996.0,0.0,46226996.0,1791169443859255.552	
1,Device,46226996.0,0.0,46226996.0,1791169443879209.472	
1,Device,46226996.0,0.0,46226996.0,1791169443899201.536	
1,Device,46226996.0,0.0,46226996.0,1791169443919200.512	
1,Device,46226996.0,0.0,46226996.0,1791169443939243.520	
1,Device,46226996.0,0.0,46226996.0,1791169443959264.512	
1,Device,46226996.0,0.0,46226996.0,1791169443979227.392	
1,Device,46226996.0,0.0,46226996.0,1791169443999210.496	
1,Device,46226996.0,0.0,46226996.0,1791169444019204.608	
1,Device,46226996.0,0.0,46226996.0,1791169444039207.424	
1,Device,46226996.0,0.0,46226996.0,1791169444059210.496	
1,Device,46226996.0,0.0,46226996.0,1791169444079363.584	
1,Device,46226996.0,0.0,46226996.0,1791169444099201.536	
1,Device,46226996.0,0.0,46226996.0,1791169444119233.536	
1,Device,46226996.0,0.0,46226996.0,1791169444139204.608	
1,Device,46226996.0,0.0,46226996.0,1791169444159265.536	
1,Device,46226996.0,0.0,46226996.0,1791169444179208.448	
1,Device,46226996.0,0.0,46226996.0,1791169444199240.448	
1,Device,46226996.0,0.0,46226996.0,1791169444219206.400	
1,Device,46226996.0,0.0,46226996.0,1791169444239210.496	
1,Device,46226996.0,0.0,46226996.0,1791169444259211.520	
1,Device,46226996.0,0.0,46226996.0,1791169444279206.400	
1,Device,46226996.0,0.0,46226996.0,1791169444299368.448	
1,Device,46226996.0,0.0,46226996.0,1791169444319204.608	
1,Device,46226996.0,0.0,46226996.0,1791169444339241.472	
1,Device,46226996.0,0.0,46226996.0,1791169444359280.384	
1,Device,46226996.0,0.0,46226996.0,1791169444379297.536	
1,Device,46226996.0,0.0,46226996.0,1791169444399206.400	
1,Device,46226996.0,0.0,46226996.0,1791169444419249.408	
1,Device,46226996.0,0.0,46226996.0,1791169444439286.528	
1,Device,46226996.0,0.0,46226996.0,1791169444459205.632	
1,Device,46226996.0,0.0,46226996.0,1791169444479208.448	
1,Device,46226996.0,0.0,46226996.0,1791169444499206.400	
1,Device,46226996.0,0.0,46226996.0,1791169444519240.448	
1,Device,46226996.0,0.0,46226996.0,1791169444539245.568	
1,Device,46226996.0,0.0,46226996.0,1791169444559202.560	
1,Device,46226996.0,0.0,46226996.0,1791169444579203.584	
1,Device,46226996.0,0.0,46226996.0,1791169444599383.552	
1,Device,46226996.0,0.0,46226996.0,1791169444619232.512	
1,Device,46226996.0,0.0,46226996.0,1791169444639209.472	
1,Device,46226996.0,0.0,46226996.0,1791169444659198.464	
1,Device,46226996.0,0.0,46226996.0,1791169444679249.408	
1,Device,46226996.0,0.0,46226996.0,1791169444699206.400	
1,Device,46226996.0,0.0,46226996.0,1791169444719199.488	
1,Device,46226996.0,0.0,46226996.0,1791169444739205.632	
1,Device,46226996.0,0.0,46226996.0,1791169444759209.472	
1,Device,46226996.0,0.0,46226996.0,1791169444779216.384	
1,Device,46226996.0,0.0,46226996.0,1791169444799230.464	
1,Device,46226996.0,0.0,46226996.0,1791169444819209.472	
1,Device,46226996.0,0.0,46226996.0,1791169444839211.520	
1,Device,46226996.0,0.0,46226996.0,1791169444859198.464	
1,Device,46226996.0,0.0,46226996.0,1791169444879203.584	
1,Device,46226996.0,0.0,46226996.0,1791169444899409.408	
1,Device,46226996.0,0.0,46226996.0,1791169444919209.472	
1,Device,46226996.0,0.0,46226996.0,1791169444939204.608	
1,Device,46226996.0,0.0,46226996.0,1791169444959245.568	
1,Device,46226996.0,0.0,46226996.0,1791169444979318.528	
1,Device,46226996.0,0.0,46226996.0,1791169444999210.496	
1,Device,46226996.0,0.0,46226996.0,1791169445019219.456	
1,Device,46226996.0,0.0,46226996.0,1791169445039208.448	
1,Device,46226996.0,0.0,46226996.0,1791169445059248.384	
1,Device,46226996.0,0.0,46226996.0,1791169445079203.584	
1,Device,46226996.0,0.0,46226996.0,1791169445099205.632	
1,Device,46226996.0,0.0,46226996.0,1791169445119195.392	
1,Device,46226996.0,0.0,46226996.0,1791169445139272.448	
1,Device,46226996.0,0.0,46226996.0,1791169445159216.384	
1,Device,46226996.0,0.0,46226996.0,1791169445179207.424	
1,Device,46226996.0,0.0,46226996.0,1791169445199391.488	
1,Device,46226996.0,0.0,46226996.0,1791169445219200.512	
1,Device,46226996.0,0.0,46226996.0,1791169445239267.584	
1,Device,46226996.0,0.0,46226996.0,1791169445259209.472	
1,Device,46226996.0,0.0,46226996.0,1791169445279306.496	
1,Device,46226996.0,0.0,46226996.0,1791169445299214.592	
1,Device,46226996.0,0.0,46226996.0,1791169445319202.560	
1,Device,46226744.0,0.0,46226744.0,1791169445339218.432	
1,Device,46226744.0,0.0,46226744.0,1791169445359224.576	
1,Device,46226744.0,0.0,46226744.0,1791169445379208.448	
1,Device,46226744.0,0.0,46226744.0,1791169445399214.592	
1,Device,46226744.0,0.0,46226744.0,1791169445419456.512	
1,Device,46226744.0,0.0,46226744.0,1791169445439255.552	
1,Device,46226744.0,0.0,46226744.0,1791169445459215.616	
1,Device,46226744.0,0.0,46226744.0,1791169445479272.448	
1,Device,46226744.0,0.0,46226744.0,1791169445499468.544	
1,Device,46226744.0,0.0,46226744.0,1791169445519208.448	
1,Device,46226744.0,0.0,46226744.0,1791169445539211.520	
1,Device,46226744.0,0.0,46226744.0,1791169445559200.512	
1,Device,46226744.0,0.0,46226744.0,1791169445579357.440	
1,Device,46226744.0,0.0,46226744.0,1791169445599201.536	
1,Device,46226744.0,0.0,46226744.0,1791169445619206.400	
1,Device,46226744.0,0.0,46226744.0,1791169445639230.464	
1,Device,46226744.0,0.0,46226744.0,1791169445659211.520	
1,Device,46226744.0,0.0,46226744.0,1791169445679206.400	
1,Device,46226744.0,0.0,46226744.0,1791169445699239.424	
1,Device,46226744.0,0.0,46226744.0,1791169445719202.560	
1,Device,46226744.0,0.0,46226744.0,1791169445739197.440	
1,Device,46226744.0,0.0,46226744.0,1791169445759204.608	
1,Device,46226744.0,0.0,46226744.0,1791169445779211.520	
1,Device,46226744.0,0.0,46226744.0,1791169445799385.600	
1,Device,46226744.0,0.0,46226744.0,1791169445819203.584	
1,Device,46226744.0,0.0,46226744.0,1791169445839203.584	
1,Device,46226744.0,0.0,46226744.0,1791169445859203.584	
1,Device,46226744.0,0.0,46226744.0,1791169445879249.408	
1,Device,46226744.0,0.0,46226744.0,1791169445899201.536	
1,Device,46226744.0,0.0,46226744.0,1791169445919252.480	
1,Device,46226744.0,0.0,46226744.0,1791169445939204.608	
1,Device,46226744.0,0.0,46226744.0,1791169445959211.520	
1,Device,46226744.0,0.0,46226744.0,1791169445979219.456	
1,Device,46226744.0,0.0,46226744.0,1791169445999216.384	
1,Device,46226744.0,0.0,46226744.0,1791169446019221.504	
1,Device,46226744.0,0.0,46226744.0,1791169446039206.400	
1,Device,46226744.0,0.0,46226744.0,1791169446059218.432	
1,Device,46226744.0,0.0,46226744.0,1791169446079238.400	
1,Device,46226744.0,0.0,46226744.0,1791169446099368.448	
1,Device,46226744.0,0.0,46226744.0,1791169446119214.592	
1,Device,46226744.0,0.0,46226744.0,1791169446139261.440	
1,Device,46226744.0,0.0,46226744.0,1791169446159240.448	
1,Device,46226744.0,0.0,46226744.0,1791169446179277.568	
1,Device,46226744.0,0.0,46226744.0,1791169446199215.616	
1,Device,46226744.0,0.0,46226744.0,1791169446219279.616	
1,Device,46226744.0,0.0,46226744.0,1791169446239223.552	
1,Device,46226744.0,0.0,46226744.0,1791169446259205.632	
1,Device,46226744.0,0.0,46226744.0,1791169446279240.448	
1,Device,46226744.0,0.0,46226744.0,1791169446299202.560	
1,Device,46226744.0,0.0,46226744.0,1791169446319200.512	
1,Device,46226744.0,0.0,46226744.0,1791169446339204.608	
1,Device,46226744.0,0.0,46226744.0,1791169446359202.560	
1,Device,46226744.0,0.0,46226744.0,1791169446379208.448	
1,Device,46226744.0,0.0,46226744.0,1791169446399422.464	
1,Device,46226744.0,0.0,46226744.0,1791169446419220.480	
1,Device,46226744.0,0.0,46226744.0,1791169446439256.576	
1,Device,46226744.0,0.0,46226744.0,1791169446459206.400	
1,Device,46226744.0,0.0,46226744.0,1791169446479226.624	
1,Device,46226744.0,0.0,46226744.0,1791169446499207.424	
1,Device,46226744.0,0.0,46226744.0,1791169446519253.504	
1,Device,46226744.0,0.0,46226744.0,1791169446539218.432	
1,Device,46226744.0,0.0,46226744.0,1791169446559206.400	
1,Device,46226744.0,0.0,46226744.0,1791169446579205.632	
1,Device,46226744.0,0.0,46226744.0,1791169446599195.392	
1,Device,46226744.0,0.0,46226744.0,1791169446619203.584	
1,Device,46226744.0,0.0,46226744.0,1791169446639216.384	
1,Device,46226744.0,0.0,46226744.0,1791169446659205.632	
1,Device,46226744.0,0.0,46226744.0,1791169446679237.632	
1,Device,46226744.0,0.0,46226744.0,1791169446699440.384	
1,Device,46226744.0,0.0,46226744.0,1791169446719292.416	
1,Device,46226744.0,0.0,46226744.0,1791169446739276.544	
1,Device,46226744.0,0.0,46226744.0,1791169446759209.472	
1,Device,46226744.0,0.0,46226744.0,1791169446779344.384	
1,Device,46226744.0,0.0,46226744.0,1791169446799200.512	
1,Device,46226744.0,0.0,46226744.0,1791169446819215.616	
1,Device,46226744.0,0.0,46226744.0,1791169446839293.440	
1,Device,46226744.0,0.0,46226744.0,1791169446859238.400	
1,Device,46226744.0,0.0,46226744.0,1791169446879206.400	
1,Device,46226744.0,0.0,46226744.0,1791169446899198.464	
1,Device,46226744.0,0.0,46226744.0,1791169446919250.432	
1,Device,46226744.0,0.0,46226744.0,1791169446939211.520	
1,Device,46226744.0,0.0,46226744.0,1791169446959249.408	
1,Device,46226744.0,0.0,46226744.0,1791169446979322.624	
1,Device,46226744.0,0.0,46226744.0,1791169446999363.584	
1,Device,46226744.0,0.0,46226744.0,1791169447019268.608	
1,Device,46226744.0,0.0,46226744.0,1791169447039205.632	
1,Device,46226744.0,0.0,46226744.0,1791169447059207.424	
1,Device,46226744.0,0.0,46226744.0,1791169447079271.424	
1,Device,46226744.0,0.0,46226744.0,1791169447099206.400	
1,Device,46226744.0,0.0,46226744.0,1791169447119238.400	
1,Device,46226744.0,0.0,46226744.0,1791169447139202.560	
1,Device,46226744.0,0.0,46226744.0,1791169447159214.592	
1,Device,46226744.0,0.0,46226744.0,1791169447179207.424	
1,Device,46226744.0,0.0,46226744.0,1791169447199240.448	
1,Device,46226744.0,0.0,46226744.0,1791169447219207.424	
1,Device,46226744.0,0.0,46226744.0,1791169447239221.504	
1,Device,46226744.0,0.0,46226744.0,1791169447259204.608	
1,Device,46226744.0,0.0,46226744.0,1791169447279209.472	
1,Device,46226744.0,0.0,46226744.0,1791169447299375.616	
1,Device,46226744.0,0.0,46226744.0,1791169447319252.480	
1,Device,46226744.0,0.0,46226744.0,1791169447339211.520	
1,Device,46226744.0,0.0,46226744.0,1791169447359455.488	
1,Device,46227956.0,0.0,46227956.0,1791169447379553.536	
1,Device,46227956.0,0.0,46227956.0,1791169447399230.464	
1,Device,46227552.0,0.0,46227552.0,1791169447419285.504	
1,Device,46227552.0,0.0,46227552.0,1791169447439209.472	
1,Device,46227552.0,0.0,46227552.0,1791169447459258.624	
1,Device,46227552.0,0.0,46227552.0,1791169447479234.560	
1,Device,46227552.0,0.0,46227552.0,1791169447499207.424	
1,Device,46227552.0,0.0,46227552.0,1791169447519211.520	
1,Device,46227552.0,0.0,46227552.0,1791169447539224.576	
1,Device,46227552.0,0.0,46227552.0,1791169447559206.400	
1,Device,46227552.0,0.0,46227552.0,1791169447579200.512	
1,Device,46227552.0,0.0,46227552.0,1791169447599207.424	
1,Device,46227552.0,0.0,46227552.0,1791169447619207.424	
1,Device,46227552.0,0.0,46227552.0,1791169447639220.480	
1,Device,46227552.0,0.0,46227552.0,1791169447659203.584	
1,Device,46227552.0,0.0,46227552.0,1791169447679409.408	
1,Device,46227552.0,0.0,46227552.0,1791169447699243.520	
1,Device,46227552.0,0.0,46227552.0,1791169447719231.488	
1,Device,46227552.0,0.0,46227552.0,1791169447739209.472	
1,Device,46227552.0,0.0,46227552.0,1791169447759326.464	
1,Device,46227552.0,0.0,46227552.0,1791169447779283.456	
1,Device,46227552.0,0.0,46227552.0,1791169447799222.528	
1,Device,46227552.0,0.0,46227552.0,1791169447819274.496	
1,Device,46227552.0,0.0,46227552.0,1791169447839203.584	
1,Device,46227552.0,0.0,46227552.0,1791169447859212.544	
1,Device,46227552.0,0.0,46227552.0,1791169447879208.448	
1,Device,46227552.0,0.0,46227552.0,1791169447899206.400	
1,Device,46227552.0,0.0,46227552.0,1791169447919282.432	
1,Device,46227552.0,0.0,46227552.0,1791169447939204.608	
1,Device,46227552.0,0.0,46227552.0,1791169447959199.488	
1,Device,46227552.0,0.0,46227552.0,1791169447979416.576	
1,Device,46227552.0,0.0,46227552.0,1791169447999204.608	
1,Device,46227552.0,0.0,46227552.0,1791169448019205.632	
1,Device,46227552.0,0.0,46227552.0,1791169448039207.424	
1,Device,46227552.0,0.0,46227552.0,1791169448059207.424	
1,Device,46227552.0,0.0,46227552.0,1791169448079202.560	
1,Device,46227552.0,0.0,46227552.0,1791169448099206.400	
1,Device,46227552.0,0.0,46227552.0,1791169448119206.400	
1,Device,46227412.0,0.0,46227412.0,1791169448139310.592	
1,Device,46227412.0,0.0,46227412.0,1791169448159223.552	
1,Device,46227412.0,0.0,46227412.0,1791169448179210.496	
1,Device,46227412.0,0.0,46227412.0,1791169448199380.480	
1,Device,46227412.0,0.0,46227412.0,1791169448219201.536	
1,Device,46227412.0,0.0,46227412.0,1791169448239215.616	
1,Device,46227412.0,0.0,46227412.0,1791169448259281.408	
1,Device,46227412.0,0.0,46227412.0,1791169448279251.456	
1,Device,46227412.0,0.0,46227412.0,1791169448299379.456	
1,Device,46227412.0,0.0,46227412.0,1791169448319203.584	
1,Device,46227412.0,0.0,46227412.0,1791169448339242.496	
1,Device,46227412.0,0.0,46227412.0,1791169448359214.592	
1,Device,46227412.0,0.0,46227412.0,1791169448379206.400	
1,Device,46227412.0,0.0,46227412.0,1791169448399214.592	
1,Device,46227412.0,0.0,46227412.0,1791169448419423.488	
1,Device,46227412.0,0.0,46227412.0,1791169448439201.536	
1,Device,46227412.0,0.0,46227412.0,1791169448459241.472	
1,Device,46227412.0,0.0,46227412.0,1791169448479206.400	
1,Device,46227412.0,0.0,46227412.0,1791169448499386.624	
1,Device,46227412.0,0.0,46227412.0,1791169448519204.608	
1,Device,46227412.0,0.0,46227412.0,1791169448539206.400	
1,Device,46227412.0,0.0,46227412.0,1791169448559264.512	
1,Device,46227412.0,0.0,46227412.0,1791169448579243.520	
1,Device,46227412.0,0.0,46227412.0,1791169448599276.544	
1,Device,46227412.0,0.0,46227412.0,1791169448619202.560	
1,Device,46227412.0,0.0,46227412.0,1791169448639270.400	
1,Device,46227412.0,0.0,46227412.0,1791169448659204.608	
1,Device,46227412.0,0.0,46227412.0,1791169448679242.496	
1,Device,46227412.0,0.0,46227412.0,1791169448699210.496	
1,Device,46227412.0,0.0,46227412.0,1791169448719385.600	
1,Device,46227412.0,0.0,46227412.0,1791169448739254.528	
1,Device,46227412.0,0.0,46227412.0,1791169448759221.504	
1,Device,46227412.0,0.0,46227412.0,1791169448779205.632	
1,Device,46227412.0,0.0,46227412.0,1791169448799239.424	
1,Device,46227412.0,0.0,46227412.0,1791169448819258.624	
1,Device,46227412.0,0.0,46227412.0,1791169448839261.440	
1,Device,46227412.0,0.0,46227412.0,1791169448859211.520	
1,Device,46227412.0,0.0,46227412.0,1791169448879207.424	
1,Device,46227412.0,0.0,46227412.0,1791169448899266.560	
1,Device,46227412.0,0.0,46227412.0,1791169448919200.512	
1,Device,46227412.0,0.0,46227412.0,1791169448939226.624	
1,Device,46227412.0,0.0,46227412.0,1791169448959209.472	
1,Device,46227412.0,0.0,46227412.0,1791169448979205.632	
1,Device,46227412.0,0.0,46227412.0,1791169448999253.504	
1,Device,46227412.0,0.0,46227412.0,1791169449019345.408	
1,Device,46227412.0,0.0,46227412.0,1791169449039251.456	
1,Device,46227412.0,0.0,46227412.0,1791169449059201.536	
1,Device,46227412.0,0.0,46227412.0,1791169449079210.496	
1,Device,46227412.0,0.0,46227412.0,1791169449099209.472	
1,Device,46227412.0,0.0,46227412.0,1791169449119254.528	
1,Device,46227664.0,0.0,46227664.0,1791169449139213.568	
1,Device,46227664.0,0.0,46227664.0,1791169449159244.544	
1,Device,46227664.0,0.0,46227664.0,1791169449179226.624	
1,Device,46227664.0,0.0,46227664.0,1791169449199203.584	
1,Device,46227664.0,0.0,46227664.0,1791169449219213.568	
1,Device,46227664.0,0.0,46227664.0,1791169449239354.624	
1,Device,46227664.0,0.0,46227664.0,1791169449259213.568	
1,Device,46227664.0,0.0,46227664.0,1791169449279212.544	
1,Device,46227664.0,0.0,46227664.0,1791169449299214.592	
1,Device,46227664.0,0.0,46227664.0,1791169449319215.616	
1,Device,46227664.0,0.0,46227664.0,1791169449339204.608	
1,Device,46227664.0,0.0,46227664.0,1791169449359208.448	
1,Device,46227664.0,0.0,46227664.0,1791169449379207.424	
1,Device,46227664.0,0.0,46227664.0,1791169449399216.384	
1,Device,46227664.0,0.0,46227664.0,1791169449419260.416	
1,Device,46227664.0,0.0,46227664.0,1791169449439265.536	
1,Device,46227664.0,0.0,46227664.0,1791169449459404.544	
1,Device,46227664.0,0.0,46227664.0,1791169449479273.472	
1,Device,46227664.0,0.0,46227664.0,1791169449499212.544	
1,Device,46227664.0,0.0,46227664.0,1791169449519242.496	
1,Device,46227664.0,0.0,46227664.0,1791169449539233.536	
1,Device,46227664.0,0.0,46227664.0,1791169449559265.536	
1,Device,46227664.0,0.0,46227664.0,1791169449579207.424	
1,Device,46227664.0,0.0,46227664.0,1791169449599271.424	
1,Device,46227664.0,0.0,46227664.0,1791169449619236.608	
1,Device,46227664.0,0.0,46227664.0,1791169449639202.560	
1,Device,46227664.0,0.0,46227664.0,1791169449659268.608	
1,Device,46227664.0,0.0,46227664.0,1791169449679356.416	
1,Device,46227664.0,0.0,46227664.0,1791169449699207.424	
1,Device,46227664.0,0.0,46227664.0,1791169449719281.408	
1,Device,46227664.0,0.0,46227664.0,1791169449739204.608	
1,Device,46227664.0,0.0,46227664.0,1791169449759202.560	
1,Device,46227664.0,0.0,46227664.0,1791169449779216.384	
1,Device,46227664.0,0.0,46227664.0,1791169449799214.592	
1,Device,46227664.0,0.0,46227664.0,1791169449819264.512	
1,Device,46227664.0,0.0,46227664.0,1791169449839304.448	
1,Device,46227664.0,0.0,46227664.0,1791169449859206.400	
1,Device,46227664.0,0.0,46227664.0,1791169449879265.536	
1,Device,46227664.0,0.0,46227664.0,1791169449899413.504	
1,Device,46227664.0,0.0,46227664.0,1791169449919214.592	
1,Device,46227664.0,0.0,46227664.0,1791169449939206.400	
1,Device,46227664.0,0.0,46227664.0,1791169449959208.448	
1,Device,46227664.0,0.0,46227664.0,1791169449979304.448	
1,Device,46227664.0,0.0,46227664.0,1791169449999241.472	
1,Device,46227664.0,0.0,46227664.0,1791169450019199.488	
1,Device,46227664.0,0.0,46227664.0,1791169450039233.536	
1,Device,46227664.0,0.0,46227664.0,1791169450060267.520	
1,Device,46227664.0,0.0,46227664.0,1791169450079234.560	
1,Device,46227664.0,0.0,46227664.0,1791169450099214.592	
1,Device,46227664.0,0.0,46227664.0,1791169450119206.400	
1,Device,46227664.0,0.0,46227664.0,1791169450139286.528	
1,Device,46227664.0,0.0,46227664.0,1791169450159202.560	
1,Device,46227664.0,0.0,46227664.0,1791169450179209.472	
1,Device,46227664.0,0.0,46227664.0,1791169450199414.528	
1,Device,46227664.0,0.0,46227664.0,1791169450219216.384	
1,Device,46227664.0,0.0,46227664.0,1791169450239260.416	
1,Device,46227664.0,0.0,46227664.0,1791169450259200.512	
1,Device,46227664.0,0.0,46227664.0,1791169450279263.488	
1,Device,46227412.0,0.0,46227412.0,1791169450299203.584	
1,Device,46227412.0,0.0,46227412.0,1791169450319203.584	
1,Device,46227412.0,0.0,46227412.0,1791169450339209.472	
1,Device,46227412.0,0.0,46227412.0,1791169450359222.528	
1,Device,46227412.0,0.0,46227412.0,1791169450379204.608	
1,Device,46227412.0,0.0,46227412.0,1791169450399203.584	
1,Device,46227412.0,0.0,46227412.0,1791169450419209.472	
1,Device,46227412.0,0.0,46227412.0,1791169450439197.440	
1,Device,46227412.0,0.0,46227412.0,1791169450459282.432	
1,Device,46227412.0,0.0,46227412.0,1791169450479253.504	
1,Device,46227412.0,0.0,46227412.0,1791169450499367.424	
1,Device,46227412.0,0.0,46227412.0,1791169450519206.400	
1,Device,46227412.0,0.0,46227412.0,1791169450539209.472	
1,Device,46227412.0,0.0,46227412.0,1791169450559196.416	
1,Device,46227412.0,0.0,46227412.0,1791169450579269.632	
1,Device,46227412.0,0.0,46227412.0,1791169450599211.520	
1,Device,46227412.0,0.0,46227412.0,1791169450619212.544	
1,Device,46227412.0,0.0,46227412.0,1791169450639243.520	
1,Device,46227412.0,0.0,46227412.0,1791169450659211.520	
1,Device,46227412.0,0.0,46227412.0,1791169450679205.632	
1,Device,46227412.0,0.0,46227412.0,1791169450699264.512	
1,Device,46227412.0,0.0,46227412.0,1791169450719208.448	
1,Device,46227412.0,0.0,46227412.0,1791169450739249.408	
1,Device,46227412.0,0.0,46227412.0,1791169450759218.432	
1,Device,46227412.0,0.0,46227412.0,1791169450779201.536	
1,Device,46227412.0,0.0,46227412.0,1791169450799360.512	
1,Device,46227412.0,0.0,46227412.0,1791169450819246.592	
1,Device,46227412.0,0.0,46227412.0,1791169450839203.584	
1,Device,46227412.0,0.0,46227412.0,1791169450859217.408	
1,Device,46227412.0,0.0,46227412.0,1791169450879219.456	
1,Device,46227412.0,0.0,46227412.0,1791169450899209.472	
1,Device,46227412.0,0.0,46227412.0,1791169450919199.488	
1,Device,46227412.0,0.0,46227412.0,1791169450939274.496	
1,Device,46227412.0,0.0,46227412.0,1791169450959206.400	
1,Device,46227412.0,0.0,46227412.0,1791169450979209.472	
1,Device,46227412.0,0.0,46227412.0,1791169450999199.488	
1,Device,46227412.0,0.0,46227412.0,1791169451019200.512	
1,Device,46227412.0,0.0,46227412.0,1791169451039211.520	
1,Device,46227412.0,0.0,46227412.0,1791169451059281.408	
1,Device,46227412.0,0.0,46227412.0,1791169451079221.504	
1,Device,46227412.0,0.0,46227412.0,1791169451099312.384	
1,Device,46227412.0,0.0,46227412.0,1791169451119217.408	
1,Device,46227412.0,0.0,46227412.0,1791169451139204.608	
1,Device,46227412.0,0.0,46227412.0,1791169451159201.536	
1,Device,46227412.0,0.0,46227412.0,1791169451179231.488	
1,Device,46227412.0,0.0,46227412.0,1791169451199208.448	
1,Device,46227412.0,0.0,46227412.0,1791169451219202.560	
1,Device,46227412.0,0.0,46227412.0,1791169451239251.456	
1,Device,46227412.0,0.0,46227412.0,1791169451259304.448	
1,Device,46227412.0,0.0,46227412.0,1791169451279258.624	
1,Device,46227412.0,0.0,46227412.0,1791169451299204.608	
1,Device,46227412.0,0.0,46227412.0,1791169451319365.632	
1,Device,46227412.0,0.0,46227412.0,1791169451339266.560	
1,Device,46227412.0,0.0,46227412.0,1791169451359238.400	
1,Device,46227412.0,0.0,46227412.0,1791169451379280.384	
1,Device,46227412.0,0.0,46227412.0,1791169451399248.384	
1,Device,46227412.0,0.0,46227412.0,1791169451419206.400	
1,Device,46227412.0,0.0,46227412.0,1791169451439288.576	
1,Device,46227412.0,0.0,46227412.0,1791169451459211.520	
1,Device,46227412.0,0.0,46227412.0,1791169451479208.448	
1,Device,46227412.0,0.0,46227412.0,1791169451499269.632	
1,Device,46227412.0,0.0,46227412.0,1791169451519215.616	
1,Device,46227412.0,0.0,46227412.0,1791169451540068.608	
1,Device,46227412.0,0.0,46227412.0,1791169451559212.544	
1,Device,46227412.0,0.0,46227412.0,1791169451579222.528	
1,Device,46227412.0,0.0,46227412.0,1791169451599273.472	
1,Device,46227412.0,0.0,46227412.0,1791169451619390.464	
1,Device,46227412.0,0.0,46227412.0,1791169451639206.400	
1,Device,46227412.0,0.0,46227412.0,1791169451659275.520	
1,Device,46227412.0,0.0,46227412.0,1791169451679227.392	
1,Device,46227412.0,0.0,46227412.0,1791169451699265.536	
1,Device,46227412.0,0.0,46227412.0,1791169451719212.544	
1,Device,46227412.0,0.0,46227412.0,1791169451739212.544	
1,Device,46227412.0,0.0,46227412.0,1791169451759199.488	
1,Device,46227412.0,0.0,46227412.0,1791169451779225.600	
1,Device,46227412.0,0.0,46227412.0,1791169451799212.544	
1,Device,46227412.0,0.0,46227412.0,1791169451819196.416	
1,Device,46227412.0,0.0,46227412.0,1791169451839217.408	
1,Device,46227412.0,0.0,46227412.0,1791169451859264.512	
1,Device,46227412.0,0.0,46227412.0,1791169451879209.472	
1,Device,46227412.0,0.0,46227412.0,1791169451899276.544	
1,Device,46227412.0,0.0,46227412.0,1791169451919419.392	
1,Device,46227412.0,0.0,46227412.0,1791169451939235.584	
1,Device,46227412.0,0.0,46227412.0,1791169451959202.560	
1,Device,46227412.0,0.0,46227412.0,1791169451979207.424	
1,Device,46227412.0,0.0,46227412.0,1791169451999300.608	
1,Device,46227412.0,0.0,46227412.0,1791169452019206.400	
1,Device,46227412.0,0.0,46227412.0,1791169452039256.576	
1,Device,46227412.0,0.0,46227412.0,1791169452059265.536	
1,Device,46227412.0,0.0,46227412.0,1791169452079207.424	
1,Device,46227412.0,0.0,46227412.0,1791169452099219.456	
1,Device,46227412.0,0.0,46227412.0,1791169452119249.408	
1,Device,46227412.0,0.0,46227412.0,1791169452139202.560	
1,Device,46227412.0,0.0,46227412.0,1791169452159210.496	
1,Device,46227412.0,0.0,46227412.0,1791169452179200.512	
1,Device,46227412.0,0.0,46227412.0,1791169452199206.400	
1,Device,46227412.0,0.0,46227412.0,1791169452219406.592	
1,Device,46227412.0,0.0,46227412.0,1791169452239204.608	
1,Device,46227412.0,0.0,46227412.0,1791169452259203.584	
1,Device,46227412.0,0.0,46227412.0,1791169452279278.592	
1,Device,46227412.0,0.0,46227412.0,1791169452299263.488	
1,Device,46227412.0,0.0,46227412.0,1791169452319231.488	
1,Device,46227412.0,0.0,46227412.0,1791169452339214.592	
1,Device,46227412.0,0.0,46227412.0,1791169452359207.424	
1,Device,46227412.0,0.0,46227412.0,1791169452379200.512	
1,Device,46227412.0,0.0,46227412.0,1791169452399200.512	
1,Device,46227412.0,0.0,46227412.0,1791169452419200.512	
1,Device,46227412.0,0.0,46227412.0,1791169452439204.608	
1,Device,46227412.0,0.0,46227412.0,1791169452459222.528	
1,Device,46227412.0,0.0,46227412.0,1791169452479310.592	
1,Device,46227412.0,0.0,46227412.0,1791169452499199.488	
1,Device,46227412.0,0.0,46227412.0,1791169452519421.440	
1,Device,46227412.0,0.0,46227412.0,1791169452539209.472	
1,Device,46227412.0,0.0,46227412.0,1791169452559209.472	
1,Device,46227412.0,0.0,46227412.0,1791169452579203.584	
1,Device,46227412.0,0.0,46227412.0,1791169452599274.496	
1,Device,46227412.0,0.0,46227412.0,1791169452619220.480	
1,Device,46227412.0,0.0,46227412.0,1791169452639281.408	
1,Device,46227412.0,0.0,46227412.0,1791169452659208.448	
1,Device,46227412.0,0.0,46227412.0,1791169452679254.528	
1,Device,46227412.0,0.0,46227412.0,1791169452699200.512	
1,Device,46227412.0,0.0,46227412.0,1791169452719213.568	
1,Device,46227412.0,0.0,46227412.0,1791169452739207.424	
1,Device,46227412.0,0.0,46227412.0,1791169452759209.472	
1,Device,46227412.0,0.0,46227412.0,1791169452779250.432	
1,Device,46227412.0,0.0,46227412.0,1791169452799225.600	
1,Device,46227412.0,0.0,46227412.0,1791169452819327.488	
1,Device,46227412.0,0.0,46227412.0,1791169452839199.488	
1,Device,46227412.0,0.0,46227412.0,1791169452859289.600	
1,Device,46227412.0,0.0,46227412.0,1791169452879213.568	
1,Device,46227412.0,0.0,46227412.0,1791169452899220.480	
1,Device,46227412.0,0.0,46227412.0,1791169452919207.424	
1,Device,46227412.0,0.0,46227412.0,1791169452939206.400	
1,Device,46227412.0,0.0,46227412.0,1791169452959249.408	
1,Device,46227412.0,0.0,46227412.0,1791169452979202.560	
1,Device,46227412.0,0.0,46227412.0,1791169452999199.488	
1,Device,46227412.0,0.0,46227412.0,1791169453019204.608	
1,Device,46227412.0,0.0,46227412.0,1791169453039381.504	
1,Device,46227412.0,0.0,46227412.0,1791169453059288.576	
1,Device,46227412.0,0.0,46227412.0,1791169453079200.512	
1,Device,46227412.0,0.0,46227412.0,1791169453099200.512	
1,Device,46227412.0,0.0,46227412.0,1791169453119296.512	
1,Device,46227412.0,0.0,46227412.0,1791169453139206.400	
1,Device,46227412.0,0.0,46227412.0,1791169453159209.472	
1,Device,46227412.0,0.0,46227412.0,1791169453179217.408	
1,Device,46227412.0,0.0,46227412.0,1791169453199212.544	
1,Device,46227412.0,0.0,46227412.0,1791169453219208.448	
1,Device,46227412.0,0.0,46227412.0,1791169453239224.576	
1,Device,46227412.0,0.0,46227412.0,1791169453259204.608	
1,Device,46227412.0,0.0,46227412.0,1791169453279226.624	
1,Device,46227160.0,0.0,46227160.0,1791169453299259.392	
1,Device,46227160.0,0.0,46227160.0,1791169453319222.528	
1,Device,46227160.0,0.0,46227160.0,1791169453339364.608	
1,Device,46227160.0,0.0,46227160.0,1791169453359243.520	
1,Device,46227160.0,0.0,46227160.0,1791169453379244.544	
1,Device,46227160.0,0.0,46227160.0,1791169453399201.536	
1,Device,46227160.0,0.0,46227160.0,1791169453419333.632	
1,Device,46227160.0,0.0,46227160.0,1791169453439203.584	
1,Device,46227160.0,0.0,46227160.0,1791169453459242.496	
1,Device,46227160.0,0.0,46227160.0,1791169453479212.544	
1,Device,46227160.0,0.0,46227160.0,1791169453499205.632	
1,Device,46227160.0,0.0,46227160.0,1791169453519216.384	
1,Device,46227160.0,0.0,46227160.0,1791169453539207.424	
1,Device,46227160.0,0.0,46227160.0,1791169453559208.448	
1,Device,46227160.0,0.0,46227160.0,1791169453579203.584	
1,Device,46227160.0,0.0,46227160.0,1791169453599202.560	
1,Device,46227160.0,0.0,46227160.0,1791169453619206.400	
1,Device,46227160.0,0.0,46227160.0,1791169453639414.528	
1,Device,46227160.0,0.0,46227160.0,1791169453660412.416	
1,Device,46227160.0,0.0,46227160.0,1791169453679203.584	
1,Device,46227160.0,0.0,46227160.0,1791169453699198.464	
1,Device,46227160.0,0.0,46227160.0,1791169453719258.624	
1,Device,46227160.0,0.0,46227160.0,1791169453739215.616	
1,Device,46227160.0,0.0,46227160.0,1791169453759205.632	
1,Device,46227160.0,0.0,46227160.0,1791169453779206.400	
1,Device,46227160.0,0.0,46227160.0,1791169453799203.584	
1,Device,46227160.0,0.0,46227160.0,1791169453819237.632	
1,Device,46227160.0,0.0,46227160.0,1791169453839214.592	
1,Device,46227160.0,0.0,46227160.0,1791169453859209.472	
1,Device,46227160.0,0.0,46227160.0,1791169453879234.560	
1,Device,46227160.0,0.0,46227160.0,1791169453899215.616	
1,Device,46227160.0,0.0,46227160.0,1791169453919215.616	
1,Device,46227160.0,0.0,46227160.0,1791169453939385.600	
1,Device,46227160.0,0.0,46227160.0,1791169453959208.448	
1,Device,46227160.0,0.0,46227160.0,1791169453979202.560	
1,Device,46227160.0,0.0,46227160.0,1791169453999204.608	
1,Device,46227160.0,0.0,46227160.0,1791169454019343.616	
1,Device,46227160.0,0.0,46227160.0,1791169454039204.608	
1,Device,46227160.0,0.0,46227160.0,1791169454059283.456	
1,Device,46227160.0,0.0,46227160.0,1791169454079260.416	
1,Device,46227160.0,0.0,46227160.0,1791169454099278.592	
1,Device,46227160.0,0.0,46227160.0,1791169454119217.408	
1,Device,46227160.0,0.0,46227160.0,1791169454139216.384	
1,Device,46227160.0,0.0,46227160.0,1791169454159272.448	
1,Device,46227160.0,0.0,46227160.0,1791169454179269.632	
1,Device,46227160.0,0.0,46227160.0,1791169454199208.448	
1,Device,46227160.0,0.0,46227160.0,1791169454219206.400	
1,Device,46227160.0,0.0,46227160.0,1791169454239203.584	
1,Device,46227160.0,0.0,46227160.0,1791169454259235.584	
1,Device,46227160.0,0.0,46227160.0,1791169454279208.448	
1,Device,46227160.0,0.0,46227160.0,1791169454299204.608	
1,Device,46227160.0,0.0,46227160.0,1791169454319364.608	
1,Device,46227160.0,0.0,46227160.0,1791169454339239.424	
1,Device,46227160.0,0.0,46227160.0,1791169454359250.432	
1,Device,46227160.0,0.0,46227160.0,1791169454379252.480	
1,Device,46227160.0,0.0,46227160.0,1791169454399337.472	
1,Device,46227160.0,0.0,46227160.0,1791169454419238.400	
1,Device,46227160.0,0.0,46227160.0,1791169454439202.560	
1,Device,46227160.0,0.0,46227160.0,1791169454459227.392	
1,Device,46227160.0,0.0,46227160.0,1791169454479205.632	
1,Device,46227160.0,0.0,46227160.0,1791169454499207.424	
1,Device,46227160.0,0.0,46227160.0,1791169454519285.504	
1,Device,46227160.0,0.0,46227160.0,1791169454539202.560	
1,Device,46227160.0,0.0,46227160.0,1791169454559210.496	
1,Device,46227160.0,0.0,46227160.0,1791169454579204.608	
1,Device,46227160.0,0.0,46227160.0,1791169454599247.616	
1,Device,46227160.0,0.0,46227160.0,1791169454619396.608	
1,Device,46227160.0,0.0,46227160.0,1791169454639208.448	
1,Device,46227160.0,0.0,46227160.0,1791169454659210.496	
1,Device,46227160.0,0.0,46227160.0,1791169454679212.544	
1,Device,46227160.0,0.0,46227160.0,1791169454699297.536	
1,Device,46227160.0,0.0,46227160.0,1791169454719217.408	
1,Device,46227160.0,0.0,46227160.0,1791169454739274.496	
1,Device,46227160.0,0.0,46227160.0,1791169454759246.592	
1,Device,46227160.0,0.0,46227160.0,1791169454779203.584	
1,Device,46227160.0,0.0,46227160.0,1791169454799202.560	
1,Device,46227160.0,0.0,46227160.0,1791169454819266.560	
1,Device,46227160.0,0.0,46227160.0,1791169454839206.400	
1,Device,46227160.0,0.0,46227160.0,1791169454859212.544	
1,Device,46227160.0,0.0,46227160.0,1791169454879203.584	
1,Device,46227160.0,0.0,46227160.0,1791169454899257.600	
1,Device,46227160.0,0.0,46227160.0,1791169454919365.632	
1,Device,46227160.0,0.0,46227160.0,1791169454939217.408	
1,Device,46227160.0,0.0,46227160.0,1791169454959217.408	
1,Device,46227160.0,0.0,46227160.0,1791169454979237.632	
1,Device,46227160.0,0.0,46227160.0,1791169454999291.392	
1,Device,46227160.0,0.0,46227160.0,1791169455019264.512	
1,Device,46227160.0,0.0,46227160.0,1791169455039201.536	
1,Device,46227160.0,0.0,46227160.0,1791169455059287.552	
1,Device,46227160.0,0.0,46227160.0,1791169455079283.456	
1,Device,46227160.0,0.0,46227160.0,1791169455099263.488	
1,Device,46227160.0,0.0,46227160.0,1791169455119290.624	
1,Device,46227160.0,0.0,46227160.0,1791169455139200.512	
1,Device,46227160.0,0.0,46227160.0,1791169455159267.584	
1,Device,46227160.0,0.0,46227160.0,1791169455179205.632	
1,Device,46227160.0,0.0,46227160.0,1791169455199249.408	
1,Device,46227160.0,0.0,46227160.0,1791169455219374.592	
1,Device,46227160.0,0.0,46227160.0,1791169455239200.512	
1,Device,46227160.0,0.0,46227160.0,1791169455259197.440	
1,Device,46227160.0,0.0,46227160.0,1791169455279204.608	
1,Device,46227160.0,0.0,46227160.0,1791169455299324.416	
1,Device,46227160.0,0.0,46227160.0,1791169455319308.544	
1,Device,46227160.0,0.0,46227160.0,1791169455339216.384	
1,Device,46227160.0,0.0,46227160.0,1791169455359218.432	
1,Device,46227160.0,0.0,46227160.0,1791169455379296.512	
1,Device,46227160.0,0.0,46227160.0,1791169455399206.400	
1,Device,46227160.0,0.0,46227160.0,1791169455419206.400	
1,Device,46227160.0,0.0,46227160.0,1791169455439207.424	
1,Device,46227160.0,0.0,46227160.0,1791169455459253.504	
1,Device,46227160.0,0.0,46227160.0,1791169455479213.568	
1,Device,46227160.0,0.0,46227160.0,1791169455499202.560	
1,Device,46227160.0,0.0,46227160.0,1791169455519210.496	
1,Device,46227160.0,0.0,46227160.0,1791169455539212.544	
1,Device,46227160.0,0.0,46227160.0,1791169455559202.560	
1,Device,46227160.0,0.0,46227160.0,1791169455579207.424	
1,Device,46227160.0,0.0,46227160.0,1791169455599362.560	
1,Device,46227160.0,0.0,46227160.0,1791169455619211.520	
1,Device,46227160.0,0.0,46227160.0,1791169455639210.496	
1,Device,46227160.0,0.0,46227160.0,1791169455659204.608	
1,Device,46227160.0,0.0,46227160.0,1791169455679201.536	
1,Device,46227160.0,0.0,46227160.0,1791169455699204.608	
1,Device,46227160.0,0.0,46227160.0,1791169455719458.560	
1,Device,46227160.0,0.0,46227160.0,1791169455739202.560	
1,Device,46227160.0,0.0,46227160.0,1791169455759203.584	
1,Device,46227160.0,0.0,46227160.0,1791169455779205.632	
1,Device,46227160.0,0.0,46227160.0,1791169455799212.544	
1,Device,46227160.0,0.0,46227160.0,1791169455819365.632	
1,Device,46227160.0,0.0,46227160.0,1791169455839210.496	
1,Device,46227160.0,0.0,46227160.0,1791169455859211.520	
1,Device,46227160.0,0.0,46227160.0,1791169455879206.400	
1,Device,46227160.0,0.0,46227160.0,1791169455899223.552	
1,Device,46227160.0,0.0,46227160.0,1791169455919208.448	
1,Device,46227160.0,0.0,46227160.0,1791169455939200.512	
1,Device,46227160.0,0.0,46227160.0,1791169455959199.488	
1,Device,46227160.0,0.0,46227160.0,1791169455979204.608	
1,Device,46227160.0,0.0,46227160.0,1791169455999221.504	
1,Device,46227160.0,0.0,46227160.0,1791169456019212.544	
1,Device,46227160.0,0.0,46227160.0,1791169456039374.592	
1,Device,46227160.0,0.0,46227160.0,1791169456059206.400	
1,Device,46227160.0,0.0,46227160.0,1791169456079206.400	
1,Device,46227160.0,0.0,46227160.0,1791169456099206.400	
1,Device,46227160.0,0.0,46227160.0,1791169456119268.608	
1,Device,46227160.0,0.0,46227160.0,1791169456139209.472	
1,Device,46227160.0,0.0,46227160.0,1791169456159391.488	
1,Device,46227160.0,0.0,46227160.0,1791169456179211.520	
1,Device,46227160.0,0.0,46227160.0,1791169456199206.400	
1,Device,46227160.0,0.0,46227160.0,1791169456219213.568	
1,Device,46227160.0,0.0,46227160.0,1791169456239215.616	
1,Device,46227160.0,0.0,46227160.0,1791169456259204.608	
1,Device,46227160.0,0.0,46227160.0,1791169456279200.512	
1,Device,46227160.0,0.0,46227160.0,1791169456299205.632	
1,Device,46227160.0,0.0,46227160.0,1791169456319214.592	
1,Device,46227160.0,0.0,46227160.0,1791169456339296.512	
1,Device,46227160.0,0.0,46227160.0,1791169456359222.528	
1,Device,46227160.0,0.0,46227160.0,1791169456379205.632	
1,Device,46226908.0,0.0,46226908.0,1791169456399202.560	
1,Device,46226908.0,0.0,46226908.0,1791169456419211.520	
1,Device,46226908.0,0.0,46226908.0,1791169456439206.400	
1,Device,46226908.0,0.0,46226908.0,1791169456459199.488	
1,Device,46226908.0,0.0,46226908.0,1791169456479205.632	
1,Device,46226908.0,0.0,46226908.0,1791169456499197.440	
1,Device,46226908.0,0.0,46226908.0,1791169456519211.520	
1,Device,46226908.0,0.0,46226908.0,1791169456539207.424	
1,Device,46226908.0,0.0,46226908.0,1791169456559336.448	
1,Device,46226908.0,0.0,46226908.0,1791169456579209.472	
1,Device,46226908.0,0.0,46226908.0,1791169456599203.584	
1,Device,46226908.0,0.0,46226908.0,1791169456619205.632	
1,Device,46226908.0,0.0,46226908.0,1791169456639201.536	
1,Device,46226908.0,0.0,46226908.0,1791169456659208.448	
1,Device,46226908.0,0.0,46226908.0,1791169456679216.384	
1,Device,46226908.0,0.0,46226908.0,1791169456699206.400	
1,Device,46226908.0,0.0,46226908.0,1791169456719212.544	
1,Device,46226908.0,0.0,46226908.0,1791169456739201.536	
1,Device,46226908.0,0.0,46226908.0,1791169456759208.448	
1,Device,46226908.0,0.0,46226908.0,1791169456779367.424	
1,Device,46226908.0,0.0,46226908.0,1791169456799205.632	
1,Device,46226908.0,0.0,46226908.0,1791169456819207.424	
1,Device,46226908.0,0.0,46226908.0,1791169456839202.560	
1,Device,46226908.0,0.0,46226908.0,1791169456859212.544	
1,Device,46226908.0,0.0,46226908.0,1791169456879208.448	
1,Device,46226908.0,0.0,46226908.0,1791169456899209.472	
1,Device,46226908.0,0.0,46226908.0,1791169456919212.544	
1,Device,46226908.0,0.0,46226908.0,1791169456939200.512	
1,Device,46226908.0,0.0,46226908.0,1791169456959209.472	
1,Device,46226908.0,0.0,46226908.0,1791169456979208.448	
1,Device,46226908.0,0.0,46226908.0,1791169456999205.632	
1,Device,46226908.0,0.0,46226908.0,1791169457019203.584	
1,Device,46226908.0,0.0,46226908.0,1791169457039203.584	
1,Device,46226908.0,0.0,46226908.0,1791169457059201.536	
1,Device,46226908.0,0.0,46226908.0,1791169457079311.616	
1,Device,46226908.0,0.0,46226908.0,1791169457099200.512	
1,Device,46226908.0,0.0,46226908.0,1791169457119204.608	
1,Device,46226908.0,0.0,46226908.0,1791169457139208.448	
1,Device,46226908.0,0.0,46226908.0,1791169457159204.608	
1,Device,46226908.0,0.0,46226908.0,1791169457179200.512	
1,Device,46226908.0,0.0,46226908.0,1791169457199203.584	
1,Device,46226908.0,0.0,46226908.0,1791169457219203.584	
1,Device,46226908.0,0.0,46226908.0,1791169457239204.608	
1,Device,46226908.0,0.0,46226908.0,1791169457259212.544	
1,Device,46226908.0,0.0,46226908.0,1791169457279216.384	
1,Device,46226908.0,0.0,46226908.0,1791169457299341.568	
1,Device,46226908.0,0.0,46226908.0,1791169457319199.488	
1,Device,46226908.0,0.0,46226908.0,1791169457339207.424	
1,Device,46226908.0,0.0,46226908.0,1791169457359792.384	
1,Device,46227716.0,0.0,46227716.0,1791169457379255.552	
1,Device,46227716.0,0.0,46227716.0,1791169457399213.568	
1,Device,46227716.0,0.0,46227716.0,1791169457419212.544	
1,Device,46227716.0,0.0,46227716.0,1791169457439207.424	
1,Device,46227716.0,0.0,46227716.0,1791169457459201.536	
1,Device,46227716.0,0.0,46227716.0,1791169457479202.560	
1,Device,46227716.0,0.0,46227716.0,1791169457499198.464	
1,Device,46227716.0,0.0,46227716.0,1791169457519361.536	
1,Device,46227716.0,0.0,46227716.0,1791169457539208.448	
1,Device,46227716.0,0.0,46227716.0,1791169457559211.520	
1,Device,46227716.0,0.0,46227716.0,1791169457579208.448	
1,Device,46227716.0,0.0,46227716.0,1791169457599208.448	
1,Device,46227716.0,0.0,46227716.0,1791169457619208.448	
1,Device,46227716.0,0.0,46227716.0,1791169457639201.536	
1,Device,46227716.0,0.0,46227716.0,1791169457659199.488	
1,Device,46227716.0,0.0,46227716.0,1791169457679203.584	
1,Device,46227716.0,0.0,46227716.0,1791169457699201.536	
1,Device,46227716.0,0.0,46227716.0,1791169457719211.520	
1,Device,46227716.0,0.0,46227716.0,1791169457739363.584	
1,Device,46227716.0,0.0,46227716.0,1791169457759199.488	
1,Device,46227716.0,0.0,46227716.0,1791169457779200.512	
1,Device,46227716.0,0.0,46227716.0,1791169457799202.560	
1,Device,46227716.0,0.0,46227716.0,1791169457819251.456	
1,Device,46227716.0,0.0,46227716.0,1791169457839214.592	
1,Device,46227716.0,0.0,46227716.0,1791169457859206.400	
1,Device,46227716.0,0.0,46227716.0,1791169457879205.632	
1,Device,46227716.0,0.0,46227716.0,1791169457899204.608	
1,Device,46227716.0,0.0,46227716.0,1791169457919209.472	
1,Device,46227716.0,0.0,46227716.0,1791169457939204.608	
1,Device,46227716.0,0.0,46227716.0,1791169457959199.488	
1,Device,46227716.0,0.0,46227716.0,1791169457979204.608	
1,Device,46227716.0,0.0,46227716.0,1791169457999205.632	
1,Device,46227716.0,0.0,46227716.0,1791169458019213.568	
1,Device,46227716.0,0.0,46227716.0,1791169458039296.512	
1,Device,46227716.0,0.0,46227716.0,1791169458059202.560	
1,Device,46227716.0,0.0,46227716.0,1791169458079203.584	
1,Device,46227716.0,0.0,46227716.0,1791169458099207.424	
1,Device,46227716.0,0.0,46227716.0,1791169458119204.608	
1,Device,46227448.0,0.0,46227448.0,1791169458139203.584	
1,Device,46227448.0,0.0,46227448.0,1791169458159201.536	
1,Device,46227448.0,0.0,46227448.0,1791169458179205.632	
1,Device,46227448.0,0.0,46227448.0,1791169458199203.584	
1,Device,46227448.0,0.0,46227448.0,1791169458219206.400	
1,Device,46227448.0,0.0,46227448.0,1791169458239206.400	
1,Device,46227448.0,0.0,46227448.0,1791169458259317.504	
1,Device,46227448.0,0.0,46227448.0,1791169458279200.512	
1,Device,46227448.0,0.0,46227448.0,1791169458299204.608	
1,Device,46227448.0,0.0,46227448.0,1791169458319199.488	
1,Device,46227448.0,0.0,46227448.0,1791169458339210.496	
1,Device,46227448.0,0.0,46227448.0,1791169458359258.624	
1,Device,46227448.0,0.0,46227448.0,1791169458379212.544	
1,Device,46227448.0,0.0,46227448.0,1791169458399209.472	
1,Device,46227448.0,0.0,46227448.0,1791169458419209.472	
1,Device,46227448.0,0.0,46227448.0,1791169458439213.568	
1,Device,46227448.0,0.0,46227448.0,1791169458459208.448	
1,Device,46227448.0,0.0,46227448.0,1791169458479325.440	
1,Device,46227448.0,0.0,46227448.0,1791169458499203.584	
1,Device,46227448.0,0.0,46227448.0,1791169458519205.632	
1,Device,46227448.0,0.0,46227448.0,1791169458539202.560	
1,Device,46227448.0,0.0,46227448.0,1791169458559204.608	
1,Device,46227448.0,0.0,46227448.0,1791169458579207.424	
1,Device,46227448.0,0.0,46227448.0,1791169458599209.472	
1,Device,46227448.0,0.0,46227448.0,1791169458619201.536	
1,Device,46227448.0,0.0,46227448.0,1791169458639197.440	
1,Device,46227448.0,0.0,46227448.0,1791169458659196.416	
1,Device,46227448.0,0.0,46227448.0,1791169458679202.560	
1,Device,46227448.0,0.0,46227448.0,1791169458699289.600	
1,Device,46227448.0,0.0,46227448.0,1791169458719204.608	
1,Device,46227448.0,0.0,46227448.0,1791169458739206.400	
1,Device,46227448.0,0.0,46227448.0,1791169458759202.560	
1,Device,46227448.0,0.0,46227448.0,1791169458779206.400	
1,Device,46227448.0,0.0,46227448.0,1791169458799205.632	
1,Device,46227448.0,0.0,46227448.0,1791169458819208.448	
1,Device,46227448.0,0.0,46227448.0,1791169458839211.520	
1,Device,46227448.0,0.0,46227448.0,1791169458859200.512	
1,Device,46227448.0,0.0,46227448.0,1791169458879205.632	
1,Device,46227448.0,0.0,46227448.0,1791169458899205.632	
1,Device,46227448.0,0.0,46227448.0,1791169458919277.568	
1,Device,46227448.0,0.0,46227448.0,1791169458939206.400	
1,Device,46227448.0,0.0,46227448.0,1791169458959203.584	
1,Device,46227448.0,0.0,46227448.0,1791169458979205.632	
1,Device,46227448.0,0.0,46227448.0,1791169458999208.448	
1,Device,46227448.0,0.0,46227448.0,1791169459019210.496	
1,Device,46227448.0,0.0,46227448.0,1791169459039209.472	
1,Device,46227448.0,0.0,46227448.0,1791169459059366.400	
1,Device,46227448.0,0.0,46227448.0,1791169459079205.632	
1,Device,46227448.0,0.0,46227448.0,1791169459099210.496	
1,Device,46227448.0,0.0,46227448.0,1791169459119200.512	
1,Device,46227448.0,0.0,46227448.0,1791169459139255.552	
1,Device,46227448.0,0.0,46227448.0,1791169459159202.560	
1,Device,46227448.0,0.0,46227448.0,1791169459179212.544	
1,Device,46227448.0,0.0,46227448.0,1791169459199214.592	
1,Device,46227448.0,0.0,46227448.0,1791169459219206.400	
1,Device,46227448.0,0.0,46227448.0,1791169459239207.424	
1,Device,46227448.0,0.0,46227448.0,1791169459259198.464	
1,Device,46227448.0,0.0,46227448.0,1791169459279371.520	
1,Device,46227448.0,0.0,46227448.0,1791169459299210.496	
1,Device,46227448.0,0.0,46227448.0,1791169459319213.568	
1,Device,46227448.0,0.0,46227448.0,1791169459339211.520	
1,Device,46227448.0,0.0,46227448.0,1791169459359229.440	
1,Device,46227448.0,0.0,46227448.0,1791169459379206.400	
1,Device,46227448.0,0.0,46227448.0,1791169459399199.488	
1,Device,46227448.0,0.0,46227448.0,1791169459419212.544	
1,Device,46227448.0,0.0,46227448.0,1791169459439201.536	
1,Device,46227448.0,0.0,46227448.0,1791169459459211.520	
1,Device,46227448.0,0.0,46227448.0,1791169459479205.632	
1,Device,46227448.0,0.0,46227448.0,1791169459499358.464	
1,Device,46227448.0,0.0,46227448.0,1791169459519207.424	
1,Device,46227448.0,0.0,46227448.0,1791169459539215.616	
1,Device,46227448.0,0.0,46227448.0,1791169459559207.424	
1,Device,46227448.0,0.0,46227448.0,1791169459579199.488	
1,Device,46227448.0,0.0,46227448.0,1791169459599210.496	
1,Device,46227448.0,0.0,46227448.0,1791169459619201.536	
1,Device,46227448.0,0.0,46227448.0,1791169459639211.520	
1,Device,46227448.0,0.0,46227448.0,1791169459659202.560	
1,Device,46227448.0,0.0,46227448.0,1791169459679208.448	
1,Device,46227448.0,0.0,46227448.0,1791169459699201.536	
1,Device,46227448.0,0.0,46227448.0,1791169459719358.464	
1,Device,46227448.0,0.0,46227448.0,1791169459739209.472	
1,Device,46227448.0,0.0,46227448.0,1791169459759208.448	
1,Device,46227448.0,0.0,46227448.0,1791169459779208.448	
1,Device,46227448.0,0.0,46227448.0,1791169459799201.536	
1,Device,46227448.0,0.0,46227448.0,1791169459819203.584	
1,Device,46227448.0,0.0,46227448.0,1791169459839216.384	
1,Device,46227448.0,0.0,46227448.0,1791169459859197.440	
1,Device,46227448.0,0.0,46227448.0,1791169459879202.560	
1,Device,46227448.0,0.0,46227448.0,1791169459899203.584	
1,Device,46227448.0,0.0,46227448.0,1791169459919210.496	
1,Device,46227448.0,0.0,46227448.0,1791169459939316.480	
1,Device,46227448.0,0.0,46227448.0,1791169459959199.488	
1,Device,46227448.0,0.0,46227448.0,1791169459979208.448	
1,Device,46227448.0,0.0,46227448.0,1791169459999206.400	
1,Device,46227448.0,0.0,46227448.0,1791169460019208.448	
1,Device,46227448.0,0.0,46227448.0,1791169460039215.616	
1,Device,46227448.0,0.0,46227448.0,1791169460059213.568	
1,Device,46227448.0,0.0,46227448.0,1791169460079211.520	
1,Device,46227448.0,0.0,46227448.0,1791169460099210.496	
1,Device,46227448.0,0.0,46227448.0,1791169460119205.632	
1,Device,46227448.0,0.0,46227448.0,1791169460139208.448	
1,Device,46227448.0,0.0,46227448.0,1791169460159283.456	
1,Device,46227448.0,0.0,46227448.0,1791169460179204.608	
1,Device,46227448.0,0.0,46227448.0,1791169460199201.536	
1,Device,46227448.0,0.0,46227448.0,1791169460219201.536	
1,Device,46227448.0,0.0,46227448.0,1791169460239198.464	
1,Device,46227448.0,0.0,46227448.0,1791169460259218.432	
1,Device,46227448.0,0.0,46227448.0,1791169460279213.568	
1,Device,46227448.0,0.0,46227448.0,1791169460299367.424	
1,Device,46227448.0,0.0,46227448.0,1791169460319201.536	
1,Device,46227196.0,0.0,46227196.0,1791169460340432.384	
1,Device,46227196.0,0.0,46227196.0,1791169460359217.408	
1,Device,46227196.0,0.0,46227196.0,1791169460379250.432	
1,Device,46227196.0,0.0,46227196.0,1791169460399207.424	
1,Device,46227196.0,0.0,46227196.0,1791169460419208.448	
1,Device,46227196.0,0.0,46227196.0,1791169460439213.568	
1,Device,46227196.0,0.0,46227196.0,1791169460459206.400	
1,Device,46227196.0,0.0,46227196.0,1791169460479204.608	
1,Device,46227196.0,0.0,46227196.0,1791169460499202.560	
1,Device,46227196.0,0.0,46227196.0,1791169460519360.512	
1,Device,46227196.0,0.0,46227196.0,1791169460539204.608	
1,Device,46227196.0,0.0,46227196.0,1791169460559199.488	
1,Device,46227196.0,0.0,46227196.0,1791169460579207.424	
1,Device,46227196.0,0.0,46227196.0,1791169460599242.496	
1,Device,46227196.0,0.0,46227196.0,1791169460619204.608	
1,Device,46227196.0,0.0,46227196.0,1791169460639203.584	
1,Device,46227196.0,0.0,46227196.0,1791169460659195.392	
1,Device,46227196.0,0.0,46227196.0,1791169460679203.584	
1,Device,46227196.0,0.0,46227196.0,1791169460699199.488	
1,Device,46227196.0,0.0,46227196.0,1791169460719213.568	
1,Device,46227196.0,0.0,46227196.0,1791169460739372.544	
1,Device,46227196.0,0.0,46227196.0,1791169460759203.584	
1,Device,46227196.0,0.0,46227196.0,1791169460779201.536	
1,Device,46227196.0,0.0,46227196.0,1791169460799200.512	
1,Device,46227196.0,0.0,46227196.0,1791169460819238.400	
1,Device,46227196.0,0.0,46227196.0,1791169460839213.568	
1,Device,46227196.0,0.0,46227196.0,1791169460859213.568	
1,Device,46227196.0,0.0,46227196.0,1791169460879211.520	
1,Device,46227196.0,0.0,46227196.0,1791169460899205.632	
1,Device,46227196.0,0.0,46227196.0,1791169460919205.632	
1,Device,46227196.0,0.0,46227196.0,1791169460939205.632	
1,Device,46227196.0,0.0,46227196.0,1791169460959371.520	
1,Device,46227196.0,0.0,46227196.0,1791169460979205.632	
1,Device,46227196.0,0.0,46227196.0,1791169460999208.448	
1,Device,46227196.0,0.0,46227196.0,1791169461019206.400	
1,Device,46227196.0,0.0,46227196.0,1791169461039252.480	
1,Device,46227196.0,0.0,46227196.0,1791169461059206.400	
1,Device,46227196.0,0.0,46227196.0,1791169461079203.584	
1,Device,46227196.0,0.0,46227196.0,1791169461099209.472	
1,Device,46227196.0,0.0,46227196.0,1791169461119202.560	
1,Device,46227196.0,0.0,46227196.0,1791169461139215.616	
1,Device,46227196.0,0.0,46227196.0,1791169461159204.608	
1,Device,46227196.0,0.0,46227196.0,1791169461179205.632	
1,Device,46227196.0,0.0,46227196.0,1791169461199201.536	
1,Device,46227196.0,0.0,46227196.0,1791169461219203.584	
1,Device,46227196.0,0.0,46227196.0,1791169461239210.496	
1,Device,46227196.0,0.0,46227196.0,1791169461259315.456	
1,Device,46227196.0,0.0,46227196.0,1791169461279208.448	
1,Device,46227196.0,0.0,46227196.0,1791169461299206.400	
1,Device,46227196.0,0.0,46227196.0,1791169461319207.424	
1,Device,46227196.0,0.0,46227196.0,1791169461339211.520	
1,Device,46227196.0,0.0,46227196.0,1791169461359203.584	
1,Device,46227196.0,0.0,46227196.0,1791169461379200.512	
1,Device,46227196.0,0.0,46227196.0,1791169461399197.440	
1,Device,46227196.0,0.0,46227196.0,1791169461419213.568	
1,Device,46227196.0,0.0,46227196.0,1791169461439214.592	
1,Device,46227196.0,0.0,46227196.0,1791169461459204.608	
1,Device,46227196.0,0.0,46227196.0,1791169461479366.400	
1,Device,46227196.0,0.0,46227196.0,1791169461499209.472	
1,Device,46227196.0,0.0,46227196.0,1791169461519209.472	
1,Device,46227196.0,0.0,46227196.0,1791169461539210.496	
1,Device,46227196.0,0.0,46227196.0,1791169461559201.536	
1,Device,46227196.0,0.0,46227196.0,1791169461579198.464	
1,Device,46227196.0,0.0,46227196.0,1791169461599210.496	
1,Device,46227196.0,0.0,46227196.0,1791169461619206.400	
1,Device,46227196.0,0.0,46227196.0,1791169461639206.400	
1,Device,46227196.0,0.0,46227196.0,1791169461659201.536	
1,Device,46227196.0,0.0,46227196.0,1791169461679206.400	
1,Device,46227196.0,0.0,46227196.0,1791169461699365.632	
1,Device,46227196.0,0.0,46227196.0,1791169461719209.472	
1,Device,46227196.0,0.0,46227196.0,1791169461739213.568	
1,Device,46227196.0,0.0,46227196.0,1791169461759204.608	
1,Device,46227196.0,0.0,46227196.0,1791169461779219.456	
1,Device,46227196.0,0.0,46227196.0,1791169461799209.472	
1,Device,46227196.0,0.0,46227196.0,1791169461819202.560	
1,Device,46227196.0,0.0,46227196.0,1791169461839206.400	
1,Device,46227196.0,0.0,46227196.0,1791169461859203.584	
1,Device,46227196.0,0.0,46227196.0,1791169461879204.608	
1,Device,46227196.0,0.0,46227196.0,1791169461899207.424	
1,Device,46227196.0,0.0,46227196.0,1791169461919373.568	
1,Device,46227196.0,0.0,46227196.0,1791169461939205.632	
1,Device,46227196.0,0.0,46227196.0,1791169461959205.632	
1,Device,46227196.0,0.0,46227196.0,1791169461979200.512	
1,Device,46227196.0,0.0,46227196.0,1791169461999271.424	
1,Device,46227196.0,0.0,46227196.0,1791169462019205.632	
1,Device,46227196.0,0.0,46227196.0,1791169462039204.608	
1,Device,46227196.0,0.0,46227196.0,1791169462059203.584	
1,Device,46227196.0,0.0,46227196.0,1791169462079203.584	
1,Device,46227196.0,0.0,46227196.0,1791169462099215.616	
1,Device,46227196.0,0.0,46227196.0,1791169462119199.488	
1,Device,46227196.0,0.0,46227196.0,1791169462139203.584	
1,Device,46227196.0,0.0,46227196.0,1791169462159204.608	
1,Device,46227196.0,0.0,46227196.0,1791169462179212.544	
1,Device,46227196.0,0.0,46227196.0,1791169462199203.584	
1,Device,46227196.0,0.0,46227196.0,1791169462219341.568	
1,Device,46227196.0,0.0,46227196.0,1791169462239204.608	
1,Device,46227196.0,0.0,46227196.0,1791169462259209.472	
1,Device,46227196.0,0.0,46227196.0,1791169462279208.448	
1,Device,46227196.0,0.0,46227196.0,1791169462299198.464	
1,Device,46227196.0,0.0,46227196.0,1791169462319201.536	
1,Device,46227196.0,0.0,46227196.0,1791169462339207.424	
1,Device,46227196.0,0.0,46227196.0,1791169462359207.424	
1,Device,46227196.0,0.0,46227196.0,1791169462379203.584	
1,Device,46227196.0,0.0,46227196.0,1791169462399198.464	
1,Device,46227196.0,0.0,46227196.0,1791169462419201.536	
1,Device,46227196.0,0.0,46227196.0,1791169462439365.632	
1,Device,46227196.0,0.0,46227196.0,1791169462459211.520	
1,Device,46227196.0,0.0,46227196.0,1791169462479212.544	
1,Device,46227196.0,0.0,46227196.0,1791169462499200.512	
1,Device,46227196.0,0.0,46227196.0,1791169462519204.608	
1,Device,46227196.0,0.0,46227196.0,1791169462539204.608	
1,Device,46227196.0,0.0,46227196.0,1791169462559199.488	
1,Device,46227196.0,0.0,46227196.0,1791169462579204.608	
1,Device,46227196.0,0.0,46227196.0,1791169462599207.424	
1,Device,46227196.0,0.0,46227196.0,1791169462619202.560	
1,Device,46227196.0,0.0,46227196.0,1791169462639206.400	
1,Device,46227196.0,0.0,46227196.0,1791169462659368.448	
1,Device,46227196.0,0.0,46227196.0,1791169462679201.536	
1,Device,46227196.0,0.0,46227196.0,1791169462699209.472	
1,Device,46227196.0,0.0,46227196.0,1791169462719199.488	
1,Device,46227196.0,0.0,46227196.0,1791169462739228.416	
1,Device,46227196.0,0.0,46227196.0,1791169462759201.536	
1,Device,46227196.0,0.0,46227196.0,1791169462779206.400	
1,Device,46227196.0,0.0,46227196.0,1791169462799208.448	
1,Device,46227196.0,0.0,46227196.0,1791169462819202.560	
1,Device,46227196.0,0.0,46227196.0,1791169462839206.400	
1,Device,46227196.0,0.0,46227196.0,1791169462859202.560	
1,Device,46227196.0,0.0,46227196.0,1791169462879372.544	
1,Device,46227196.0,0.0,46227196.0,1791169462899207.424	
1,Device,46227196.0,0.0,46227196.0,1791169462919202.560	
1,Device,46227196.0,0.0,46227196.0,1791169462939203.584	
1,Device,46227196.0,0.0,46227196.0,1791169462959233.536	
1,Device,46227196.0,0.0,46227196.0,1791169462979208.448	
1,Device,46227196.0,0.0,46227196.0,1791169462999214.592	
1,Device,46227196.0,0.0,46227196.0,1791169463019207.424	
1,Device,46227196.0,0.0,46227196.0,1791169463039202.560	
1,Device,46227196.0,0.0,46227196.0,1791169463059209.472	
1,Device,46227196.0,0.0,46227196.0,1791169463079204.608	
1,Device,46227196.0,0.0,46227196.0,1791169463099207.424	
1,Device,46227196.0,0.0,46227196.0,1791169463119201.536	
1,Device,46227196.0,0.0,46227196.0,1791169463139211.520	
1,Device,46227196.0,0.0,46227196.0,1791169463159204.608	
1,Device,46227196.0,0.0,46227196.0,1791169463179316.480	
1,Device,46227196.0,0.0,46227196.0,1791169463199198.464	
1,Device,46226944.0,0.0,46226944.0,1791169463219204.608	
1,Device,46226944.0,0.0,46226944.0,1791169463239205.632	
1,Device,46226944.0,0.0,46226944.0,1791169463259212.544	
1,Device,46226944.0,0.0,46226944.0,1791169463279208.448	
1,Device,46226944.0,0.0,46226944.0,1791169463299211.520	
1,Device,46226944.0,0.0,46226944.0,1791169463319208.448	
1,Device,46226944.0,0.0,46226944.0,1791169463339203.584	
1,Device,46226944.0,0.0,46226944.0,1791169463359220.480	
1,Device,46226944.0,0.0,46226944.0,1791169463379214.592	
1,Device,46226944.0,0.0,46226944.0,1791169463399334.400	
1,Device,46226944.0,0.0,46226944.0,1791169463419212.544	
1,Device,46226944.0,0.0,46226944.0,1791169463439207.424	
1,Device,46226944.0,0.0,46226944.0,1791169463459211.520	
1,Device,46226944.0,0.0,46226944.0,1791169463479208.448	
1,Device,46226944.0,0.0,46226944.0,1791169463499208.448	
1,Device,46226944.0,0.0,46226944.0,1791169463519202.560	
1,Device,46226944.0,0.0,46226944.0,1791169463539207.424	
1,Device,46226944.0,0.0,46226944.0,1791169463559211.520	
1,Device,46226944.0,0.0,46226944.0,1791169463579208.448	
1,Device,46226944.0,0.0,46226944.0,1791169463599202.560	
1,Device,46226944.0,0.0,46226944.0,1791169463619366.400	
1,Device,46226944.0,0.0,46226944.0,1791169463639207.424	
1,Device,46226944.0,0.0,46226944.0,1791169463659206.400	
1,Device,46226944.0,0.0,46226944.0,1791169463679203.584	
1,Device,46226944.0,0.0,46226944.0,1791169463699222.528	
1,Device,46226944.0,0.0,46226944.0,1791169463719204.608	
1,Device,46226944.0,0.0,46226944.0,1791169463739205.632	
1,Device,46226944.0,0.0,46226944.0,1791169463759206.400	
1,Device,46226944.0,0.0,46226944.0,1791169463779210.496	
1,Device,46226944.0,0.0,46226944.0,1791169463799204.608	
1,Device,46226944.0,0.0,46226944.0,1791169463819197.440	
1,Device,46226944.0,0.0,46226944.0,1791169463839369.472	
1,Device,46226944.0,0.0,46226944.0,1791169463859201.536	
1,Device,46226944.0,0.0,46226944.0,1791169463879200.512	
1,Device,46226944.0,0.0,46226944.0,1791169463899206.400	
1,Device,46226944.0,0.0,46226944.0,1791169463919247.616	
1,Device,46226944.0,0.0,46226944.0,1791169463939202.560	
1,Device,46226944.0,0.0,46226944.0,1791169463959200.512	
1,Device,46226944.0,0.0,46226944.0,1791169463979198.464	
1,Device,46226944.0,0.0,46226944.0,1791169463999207.424	
1,Device,46226944.0,0.0,46226944.0,1791169464019204.608	
1,Device,46226944.0,0.0,46226944.0,1791169464039208.448	
1,Device,46226944.0,0.0,46226944.0,1791169464059206.400	
1,Device,46226944.0,0.0,46226944.0,1791169464079203.584	
1,Device,46226944.0,0.0,46226944.0,1791169464099212.544	
1,Device,46226944.0,0.0,46226944.0,1791169464119201.536	
1,Device,46226944.0,0.0,46226944.0,1791169464139327.488	
1,Device,46226944.0,0.0,46226944.0,1791169464159208.448	
1,Device,46226944.0,0.0,46226944.0,1791169464179208.448	
1,Device,46226944.0,0.0,46226944.0,1791169464199206.400	
1,Device,46226944.0,0.0,46226944.0,1791169464219208.448	
1,Device,46226944.0,0.0,46226944.0,1791169464239201.536	
1,Device,46226944.0,0.0,46226944.0,1791169464259200.512	
1,Device,46226944.0,0.0,46226944.0,1791169464279202.560	
1,Device,46226944.0,0.0,46226944.0,1791169464299209.472	
1,Device,46226944.0,0.0,46226944.0,1791169464319208.448	
1,Device,46226944.0,0.0,46226944.0,1791169464339206.400	
1,Device,46226944.0,0.0,46226944.0,1791169464359359.488	
1,Device,46226944.0,0.0,46226944.0,1791169464379203.584	
1,Device,46226944.0,0.0,46226944.0,1791169464399225.600	
1,Device,46226944.0,0.0,46226944.0,1791169464419207.424	
1,Device,46226944.0,0.0,46226944.0,1791169464439199.488	
1,Device,46226944.0,0.0,46226944.0,1791169464459204.608	
1,Device,46226944.0,0.0,46226944.0,1791169464479201.536	
1,Device,46226944.0,0.0,46226944.0,1791169464499205.632	
1,Device,46226944.0,0.0,46226944.0,1791169464519216.384	
1,Device,46226944.0,0.0,46226944.0,1791169464539204.608	
1,Device,46226944.0,0.0,46226944.0,1791169464559207.424	
1,Device,46226944.0,0.0,46226944.0,1791169464579364.608	
1,Device,46226944.0,0.0,46226944.0,1791169464599210.496	
1,Device,46226944.0,0.0,46226944.0,1791169464619248.384	
1,Device,46224896.0,0.0,46224896.0,1791169464639212.544	
1,Device,46223872.0,0.0,46223872.0,1791169464651419.392	
2,Device,46749772.0,0.0,46749772.0,1791169434400776.704	
2,Device,46750796.0,0.0,46750796.0,1791169434420633.856	
2,Device,46750796.0,0.0,46750796.0,1791169434440608.768	
2,Device,46750796.0,0.0,46750796.0,1791169434460610.816	
2,Device,46750796.0,0.0,46750796.0,1791169434480616.704	
2,Device,46750796.0,0.0,46750796.0,1791169434500620.800	
2,Device,46750796.0,0.0,46750796.0,1791169434520625.664	
2,Device,46750796.0,0.0,46750796.0,1791169434540606.720	
2,Device,46750796.0,0.0,46750796.0,1791169434560631.808	
2,Device,46750796.0,0.0,46750796.0,1791169434580605.696	
2,Device,46750796.0,0.0,46750796.0,1791169434600621.824	
2,Device,46750796.0,0.0,46750796.0,1791169434620607.744	
2,Device,46750796.0,0.0,46750796.0,1791169434640627.712	
2,Device,46750796.0,0.0,46750796.0,1791169434660633.856	
2,Device,46750796.0,0.0,46750796.0,1791169434680609.792	
2,Device,46750796.0,0.0,46750796.0,1791169434700618.752	
2,Device,46750796.0,0.0,46750796.0,1791169434720611.840	
2,Device,46750796.0,0.0,46750796.0,1791169434740620.800	
2,Device,46750796.0,0.0,46750796.0,1791169434760623.872	
2,Device,46750796.0,0.0,46750796.0,1791169434780625.664	
2,Device,46750796.0,0.0,46750796.0,1791169434800616.704	
2,Device,46750796.0,0.0,46750796.0,1791169434820629.760	
2,Device,46750796.0,0.0,46750796.0,1791169434840621.824	
2,Device,46750796.0,0.0,46750796.0,1791169434860613.888	
2,Device,46750796.0,0.0,46750796.0,1791169434880632.832	
2,Device,46750796.0,0.0,46750796.0,1791169434900613.888	
2,Device,46750796.0,0.0,46750796.0,1791169434920617.728	
2,Device,46750796.0,0.0,46750796.0,1791169434940619.776	
2,Device,46750796.0,0.0,46750796.0,1791169434960634.880	
2,Device,46750796.0,0.0,46750796.0,1791169434980606.720	
2,Device,46750796.0,0.0,46750796.0,1791169435000627.712	
2,Device,46750796.0,0.0,46750796.0,1791169435020624.640	
2,Device,46750796.0,0.0,46750796.0,1791169435040628.736	
2,Device,46750796.0,0.0,46750796.0,1791169435060630.784	
2,Device,46750796.0,0.0,46750796.0,1791169435080614.656	
2,Device,46750796.0,0.0,46750796.0,1791169435100609.792	
2,Device,46750796.0,0.0,46750796.0,1791169435120632.832	
2,Device,46750796.0,0.0,46750796.0,1791169435140619.776	
2,Device,46750796.0,0.0,46750796.0,1791169435160612.864	
2,Device,46750796.0,0.0,46750796.0,1791169435180611.840	
2,Device,46750796.0,0.0,46750796.0,1791169435200622.848	
2,Device,46750796.0,0.0,46750796.0,1791169435220624.640	
2,Device,46751048.0,0.0,46751048.0,1791169435240784.640	
2,Device,46751048.0,0.0,46751048.0,1791169435260627.712	
2,Device,46751048.0,0.0,46751048.0,1791169435280620.800	
2,Device,46751048.0,0.0,46751048.0,1791169435300643.840	
2,Device,46751048.0,0.0,46751048.0,1791169435320767.744	
2,Device,46751048.0,0.0,46751048.0,1791169435340630.784	
2,Device,46751048.0,0.0,46751048.0,1791169435360616.704	
2,Device,46751048.0,0.0,46751048.0,1791169435380635.648	
2,Device,46751048.0,0.0,46751048.0,1791169435400774.656	
2,Device,46751048.0,0.0,46751048.0,1791169435420626.688	
2,Device,46751048.0,0.0,46751048.0,1791169435440609.792	
2,Device,46751048.0,0.0,46751048.0,1791169435460609.792	
2,Device,46751048.0,0.0,46751048.0,1791169435480760.832	
2,Device,46751048.0,0.0,46751048.0,1791169435500619.776	
2,Device,46751048.0,0.0,46751048.0,1791169435520617.728	
2,Device,46751048.0,0.0,46751048.0,1791169435540625.664	
2,Device,46751048.0,0.0,46751048.0,1791169435560769.792	
2,Device,46751048.0,0.0,46751048.0,1791169435580621.824	
2,Device,46751048.0,0.0,46751048.0,1791169435600625.664	
2,Device,46751048.0,0.0,46751048.0,1791169435620614.656	
2,Device,46751048.0,0.0,46751048.0,1791169435640769.792	
2,Device,46751048.0,0.0,46751048.0,1791169435660626.688	
2,Device,46751048.0,0.0,46751048.0,1791169435680623.872	
2,Device,46751048.0,0.0,46751048.0,1791169435700628.736	
2,Device,46751048.0,0.0,46751048.0,1791169435720634.880	
2,Device,46751048.0,0.0,46751048.0,1791169435740612.864	
2,Device,46751048.0,0.0,46751048.0,1791169435760618.752	
2,Device,46751048.0,0.0,46751048.0,1791169435780618.752	
2,Device,46751048.0,0.0,46751048.0,1791169435800631.808	
2,Device,46751048.0,0.0,46751048.0,1791169435820618.752	
2,Device,46751048.0,0.0,46751048.0,1791169435840617.728	
2,Device,46751048.0,0.0,46751048.0,1791169435860621.824	
2,Device,46751048.0,0.0,46751048.0,1791169435880633.856	
2,Device,46751048.0,0.0,46751048.0,1791169435900620.800	
2,Device,46751048.0,0.0,46751048.0,1791169435920620.800	
2,Device,46751048.0,0.0,46751048.0,1791169435940604.672	
2,Device,46751048.0,0.0,46751048.0,1791169435960630.784	
2,Device,46751048.0,0.0,46751048.0,1791169435980638.720	
2,Device,46751048.0,0.0,46751048.0,1791169436000630.784	
2,Device,46751048.0,0.0,46751048.0,1791169436020634.880	
2,Device,46751048.0,0.0,46751048.0,1791169436040605.696	
2,Device,46751048.0,0.0,46751048.0,1791169436060614.656	
2,Device,46751048.0,0.0,46751048.0,1791169436080623.872	
2,Device,46751048.0,0.0,46751048.0,1791169436100623.872	
2,Device,46751048.0,0.0,46751048.0,1791169436120616.704	
2,Device,46751048.0,0.0,46751048.0,1791169436140622.848	
2,Device,46751048.0,0.0,46751048.0,1791169436160630.784	
2,Device,46751048.0,0.0,46751048.0,1791169436180616.704	
2,Device,46751048.0,0.0,46751048.0,1791169436200610.816	
2,Device,46751048.0,0.0,46751048.0,1791169436220634.880	
2,Device,46751048.0,0.0,46751048.0,1791169436240613.888	
2,Device,46751048.0,0.0,46751048.0,1791169436260618.752	
2,Device,46751048.0,0.0,46751048.0,1791169436280618.752	
2,Device,46751048.0,0.0,46751048.0,1791169436300607.744	
2,Device,46751048.0,0.0,46751048.0,1791169436320615.680	
2,Device,46751048.0,0.0,46751048.0,1791169436340631.808	
2,Device,46751048.0,0.0,46751048.0,1791169436360774.656	
2,Device,46750796.0,0.0,46750796.0,1791169436380621.824	
2,Device,46750796.0,0.0,46750796.0,1791169436400630.784	
2,Device,46750796.0,0.0,46750796.0,1791169436420602.880	
2,Device,46750796.0,0.0,46750796.0,1791169436440668.672	
2,Device,46750796.0,0.0,46750796.0,1791169436460686.848	
2,Device,46750796.0,0.0,46750796.0,1791169436480601.856	
2,Device,46750796.0,0.0,46750796.0,1791169436500620.800	
2,Device,46750796.0,0.0,46750796.0,1791169436520625.664	
2,Device,46750796.0,0.0,46750796.0,1791169436540619.776	
2,Device,46750796.0,0.0,46750796.0,1791169436560620.800	
2,Device,46750796.0,0.0,46750796.0,1791169436580635.648	
2,Device,46750796.0,0.0,46750796.0,1791169436600613.888	
2,Device,46750796.0,0.0,46750796.0,1791169436620612.864	
2,Device,46750796.0,0.0,46750796.0,1791169436640613.888	
2,Device,46750796.0,0.0,46750796.0,1791169436660610.816	
2,Device,46750796.0,0.0,46750796.0,1791169436680625.664	
2,Device,46750796.0,0.0,46750796.0,1791169436700626.688	
2,Device,46750796.0,0.0,46750796.0,1791169436720640.768	
2,Device,46750796.0,0.0,46750796.0,1791169436740787.712	
2,Device,46750796.0,0.0,46750796.0,1791169436760613.888	
2,Device,46750796.0,0.0,46750796.0,1791169436780607.744	
2,Device,46750796.0,0.0,46750796.0,1791169436800666.880	
2,Device,46750796.0,0.0,46750796.0,1791169436820662.784	
2,Device,46750796.0,0.0,46750796.0,1791169436840656.640	
2,Device,46750796.0,0.0,46750796.0,1791169436860612.864	
2,Device,46750796.0,0.0,46750796.0,1791169436880617.728	
2,Device,46750796.0,0.0,46750796.0,1791169436900614.656	
2,Device,46750796.0,0.0,46750796.0,1791169436920601.856	
2,Device,46750796.0,0.0,46750796.0,1791169436940662.784	
2,Device,46750796.0,0.0,46750796.0,1791169436960618.752	
2,Device,46750796.0,0.0,46750796.0,1791169436980602.880	
2,Device,46750796.0,0.0,46750796.0,1791169437000613.888	
2,Device,46750796.0,0.0,46750796.0,1791169437020614.656	
2,Device,46750796.0,0.0,46750796.0,1791169437040783.872	
2,Device,46750796.0,0.0,46750796.0,1791169437060605.696	
2,Device,46750796.0,0.0,46750796.0,1791169437080605.696	
2,Device,46750796.0,0.0,46750796.0,1791169437100612.864	
2,Device,46750796.0,0.0,46750796.0,1791169437120745.728	
2,Device,46750796.0,0.0,46750796.0,1791169437140678.656	
2,Device,46750392.0,0.0,46750392.0,1791169437160606.720	
2,Device,46750392.0,0.0,46750392.0,1791169437180661.760	
2,Device,46750392.0,0.0,46750392.0,1791169437200654.848	
2,Device,46750392.0,0.0,46750392.0,1791169437220635.648	
2,Device,46750392.0,0.0,46750392.0,1791169437240611.840	
2,Device,46750392.0,0.0,46750392.0,1791169437260612.864	
2,Device,46750392.0,0.0,46750392.0,1791169437280673.792	
2,Device,46750392.0,0.0,46750392.0,1791169437300653.824	
2,Device,46750392.0,0.0,46750392.0,1791169437320605.696	
2,Device,46750392.0,0.0,46750392.0,1791169437340602.880	
2,Device,46750392.0,0.0,46750392.0,1791169437360610.816	
2,Device,46750796.0,0.0,46750796.0,1791169437380619.776	
2,Device,46750444.0,0.0,46750444.0,1791169437400717.824	
2,Device,46750444.0,0.0,46750444.0,1791169437421077.760	
2,Device,46750444.0,0.0,46750444.0,1791169437440616.704	
2,Device,46750444.0,0.0,46750444.0,1791169437460614.656	
2,Device,46750444.0,0.0,46750444.0,1791169437480624.640	
2,Device,46750544.0,0.0,46750544.0,1791169437500898.816	
2,Device,46750544.0,0.0,46750544.0,1791169437520610.816	
2,Device,46750544.0,0.0,46750544.0,1791169437540668.672	
2,Device,46750544.0,0.0,46750544.0,1791169437560617.728	
2,Device,46750544.0,0.0,46750544.0,1791169437580612.864	
2,Device,46750544.0,0.0,46750544.0,1791169437600604.672	
2,Device,46750544.0,0.0,46750544.0,1791169437620614.656	
2,Device,46750544.0,0.0,46750544.0,1791169437640601.856	
2,Device,46750544.0,0.0,46750544.0,1791169437660605.696	
2,Device,46750544.0,0.0,46750544.0,1791169437680602.880	
2,Device,46750544.0,0.0,46750544.0,1791169437700599.808	
2,Device,46750544.0,0.0,46750544.0,1791169437720769.792	
2,Device,46750544.0,0.0,46750544.0,1791169437740614.656	
2,Device,46750544.0,0.0,46750544.0,1791169437760608.768	
2,Device,46750544.0,0.0,46750544.0,1791169437780600.832	
2,Device,46750544.0,0.0,46750544.0,1791169437800609.792	
2,Device,46750544.0,0.0,46750544.0,1791169437820611.840	
2,Device,46750544.0,0.0,46750544.0,1791169437840602.880	
2,Device,46750544.0,0.0,46750544.0,1791169437860609.792	
2,Device,46750544.0,0.0,46750544.0,1791169437880611.840	
2,Device,46750544.0,0.0,46750544.0,1791169437900603.648	
2,Device,46750544.0,0.0,46750544.0,1791169437920605.696	
2,Device,46750544.0,0.0,46750544.0,1791169437940766.720	
2,Device,46750544.0,0.0,46750544.0,1791169437960603.648	
2,Device,46750544.0,0.0,46750544.0,1791169437980604.672	
2,Device,46750544.0,0.0,46750544.0,1791169438000600.832	
2,Device,46750544.0,0.0,46750544.0,1791169438020630.784	
2,Device,46750544.0,0.0,46750544.0,1791169438040614.656	
2,Device,46750544.0,0.0,46750544.0,1791169438060609.792	
2,Device,46750796.0,0.0,46750796.0,1791169438080612.864	
2,Device,46750796.0,0.0,46750796.0,1791169438100603.648	
2,Device,46750796.0,0.0,46750796.0,1791169438120610.816	
2,Device,46750796.0,0.0,46750796.0,1791169438140600.832	
2,Device,46750796.0,0.0,46750796.0,1791169438160611.840	
2,Device,46750796.0,0.0,46750796.0,1791169438180610.816	
2,Device,46750796.0,0.0,46750796.0,1791169438200615.680	
2,Device,46750796.0,0.0,46750796.0,1791169438220602.880	
2,Device,46750796.0,0.0,46750796.0,1791169438240714.752	
2,Device,46750796.0,0.0,46750796.0,1791169438260604.672	
2,Device,46750796.0,0.0,46750796.0,1791169438280598.784	
2,Device,46750796.0,0.0,46750796.0,1791169438300601.856	
2,Device,46750796.0,0.0,46750796.0,1791169438320641.792	
2,Device,46750796.0,0.0,46750796.0,1791169438340599.808	
2,Device,46750796.0,0.0,46750796.0,1791169438360603.648	
2,Device,46750796.0,0.0,46750796.0,1791169438380595.712	
2,Device,46750796.0,0.0,46750796.0,1791169438400618.752	
2,Device,46750796.0,0.0,46750796.0,1791169438420604.672	
2,Device,46750796.0,0.0,46750796.0,1791169438440597.760	
2,Device,46750796.0,0.0,46750796.0,1791169438460769.792	
2,Device,46750796.0,0.0,46750796.0,1791169438480606.720	
2,Device,46750796.0,0.0,46750796.0,1791169438500603.648	
2,Device,46750796.0,0.0,46750796.0,1791169438520607.744	
2,Device,46750796.0,0.0,46750796.0,1791169438540602.880	
2,Device,46750796.0,0.0,46750796.0,1791169438560603.648	
2,Device,46750796.0,0.0,46750796.0,1791169438580594.688	
2,Device,46750796.0,0.0,46750796.0,1791169438600612.864	
2,Device,46750796.0,0.0,46750796.0,1791169438620603.648	
2,Device,46750796.0,0.0,46750796.0,1791169438640602.880	
2,Device,46750796.0,0.0,46750796.0,1791169438660654.848	
2,Device,46750796.0,0.0,46750796.0,1791169438680777.728	
2,Device,46750796.0,0.0,46750796.0,1791169438700670.720	
2,Device,46750796.0,0.0,46750796.0,1791169438720605.696	
2,Device,46750796.0,0.0,46750796.0,1791169438740603.648	
2,Device,46750796.0,0.0,46750796.0,1791169438760758.784	
2,Device,46750796.0,0.0,46750796.0,1791169438780620.800	
2,Device,46750796.0,0.0,46750796.0,1791169438800621.824	
2,Device,46750796.0,0.0,46750796.0,1791169438820609.792	
2,Device,46750796.0,0.0,46750796.0,1791169438840628.736	
2,Device,46750796.0,0.0,46750796.0,1791169438860614.656	
2,Device,46750796.0,0.0,46750796.0,1791169438880621.824	
2,Device,46750796.0,0.0,46750796.0,1791169438900603.648	
2,Device,46750796.0,0.0,46750796.0,1791169438920618.752	
2,Device,46750796.0,0.0,46750796.0,1791169438940604.672	
2,Device,46750796.0,0.0,46750796.0,1791169438960679.680	
2,Device,46750796.0,0.0,46750796.0,1791169438980822.784	
2,Device,46750796.0,0.0,46750796.0,1791169439000614.656	
2,Device,46750796.0,0.0,46750796.0,1791169439020775.680	
2,Device,46750796.0,0.0,46750796.0,1791169439040605.696	
2,Device,46750796.0,0.0,46750796.0,1791169439060860.672	
2,Device,46750796.0,0.0,46750796.0,1791169439080660.736	
2,Device,46750796.0,0.0,46750796.0,1791169439100600.832	
2,Device,46750796.0,0.0,46750796.0,1791169439120609.792	
2,Device,46750796.0,0.0,46750796.0,1791169439140651.776	
2,Device,46750796.0,0.0,46750796.0,1791169439160639.744	
2,Device,46750796.0,0.0,46750796.0,1791169439180608.768	
2,Device,46750796.0,0.0,46750796.0,1791169439200656.640	
2,Device,46750796.0,0.0,46750796.0,1791169439220612.864	
2,Device,46750796.0,0.0,46750796.0,1791169439240623.872	
2,Device,46750796.0,0.0,46750796.0,1791169439260601.856	
2,Device,46750796.0,0.0,46750796.0,1791169439280602.880	
2,Device,46750796.0,0.0,46750796.0,1791169439300610.816	
2,Device,46750796.0,0.0,46750796.0,1791169439320623.872	
2,Device,46750796.0,0.0,46750796.0,1791169439340599.808	
2,Device,46750796.0,0.0,46750796.0,1791169439360761.856	
2,Device,46750796.0,0.0,46750796.0,1791169439380679.680	
2,Device,46750796.0,0.0,46750796.0,1791169439400641.792	
2,Device,46750796.0,0.0,46750796.0,1791169439420604.672	
2,Device,46750796.0,0.0,46750796.0,1791169439440606.720	
2,Device,46750796.0,0.0,46750796.0,1791169439460649.728	
2,Device,46750796.0,0.0,46750796.0,1791169439480624.640	
2,Device,46750796.0,0.0,46750796.0,1791169439500687.872	
2,Device,46750796.0,0.0,46750796.0,1791169439520609.792	
2,Device,46750796.0,0.0,46750796.0,1791169439540614.656	
2,Device,46750796.0,0.0,46750796.0,1791169439560654.848	
2,Device,46750796.0,0.0,46750796.0,1791169439580807.680	
2,Device,46750796.0,0.0,46750796.0,1791169439600604.672	
2,Device,46750796.0,0.0,46750796.0,1791169439620616.704	
2,Device,46750796.0,0.0,46750796.0,1791169439640609.792	
2,Device,46750796.0,0.0,46750796.0,1791169439660700.672	
2,Device,46750796.0,0.0,46750796.0,1791169439680655.872	
2,Device,46750796.0,0.0,46750796.0,1791169439700618.752	
2,Device,46750796.0,0.0,46750796.0,1791169439720666.880	
2,Device,46750796.0,0.0,46750796.0,1791169439740602.880	
2,Device,46750796.0,0.0,46750796.0,1791169439760682.752	
2,Device,46750796.0,0.0,46750796.0,1791169439780672.768	
2,Device,46750796.0,0.0,46750796.0,1791169439800667.648	
2,Device,46750796.0,0.0,46750796.0,1791169439820622.848	
2,Device,46750796.0,0.0,46750796.0,1791169439840608.768	
2,Device,46750796.0,0.0,46750796.0,1791169439860613.888	
2,Device,46750796.0,0.0,46750796.0,1791169439880755.712	
2,Device,46750796.0,0.0,46750796.0,1791169439900626.688	
2,Device,46750796.0,0.0,46750796.0,1791169439920706.816	
2,Device,46750796.0,0.0,46750796.0,1791169439940599.808	
2,Device,46750796.0,0.0,46750796.0,1791169439960630.784	
2,Device,46750796.0,0.0,46750796.0,1791169439980617.728	
2,Device,46750796.0,0.0,46750796.0,1791169440000598.784	
2,Device,46750796.0,0.0,46750796.0,1791169440020626.688	
2,Device,46750796.0,0.0,46750796.0,1791169440040667.648	
2,Device,46750796.0,0.0,46750796.0,1791169440060616.704	
2,Device,46750796.0,0.0,46750796.0,1791169440080651.776	
2,Device,46750796.0,0.0,46750796.0,1791169440100615.680	
2,Device,46750796.0,0.0,46750796.0,1791169440120614.656	
2,Device,46750796.0,0.0,46750796.0,1791169440140635.648	
2,Device,46750796.0,0.0,46750796.0,1791169440160599.808	
2,Device,46750796.0,0.0,46750796.0,1791169440180809.728	
2,Device,46750796.0,0.0,46750796.0,1791169440200618.752	
2,Device,46750796.0,0.0,46750796.0,1791169440220595.712	
2,Device,46750796.0,0.0,46750796.0,1791169440240655.872	
2,Device,46750796.0,0.0,46750796.0,1791169440260793.856	
2,Device,46750796.0,0.0,46750796.0,1791169440280627.712	
2,Device,46750796.0,0.0,46750796.0,1791169440300614.656	
2,Device,46750796.0,0.0,46750796.0,1791169440320689.664	
2,Device,46750796.0,0.0,46750796.0,1791169440340614.656	
2,Device,46750544.0,0.0,46750544.0,1791169440360595.712	
2,Device,46750544.0,0.0,46750544.0,1791169440380602.880	
2,Device,46750544.0,0.0,46750544.0,1791169440400644.864	
2,Device,46750948.0,0.0,46750948.0,1791169440420676.864	
2,Device,46751760.0,0.0,46751760.0,1791169440441576.704	
2,Device,46751296.0,0.0,46751296.0,1791169440460612.864	
2,Device,46751296.0,0.0,46751296.0,1791169440480757.760	
2,Device,46751296.0,0.0,46751296.0,1791169440500633.856	
2,Device,46751296.0,0.0,46751296.0,1791169440520610.816	
2,Device,46751296.0,0.0,46751296.0,1791169440540599.808	
2,Device,46751296.0,0.0,46751296.0,1791169440560608.768	
2,Device,46751296.0,0.0,46751296.0,1791169440580601.856	
2,Device,46751296.0,0.0,46751296.0,1791169440600607.744	
2,Device,46751296.0,0.0,46751296.0,1791169440620606.720	
2,Device,46751296.0,0.0,46751296.0,1791169440640597.760	
2,Device,46751044.0,0.0,46751044.0,1791169440660645.888	
2,Device,46751044.0,0.0,46751044.0,1791169440680612.864	
2,Device,46751044.0,0.0,46751044.0,1791169440700603.648	
2,Device,46751044.0,0.0,46751044.0,1791169440720630.784	
2,Device,46751044.0,0.0,46751044.0,1791169440740608.768	
2,Device,46751044.0,0.0,46751044.0,1791169440760669.696	
2,Device,46751044.0,0.0,46751044.0,1791169440780814.848	
2,Device,46751044.0,0.0,46751044.0,1791169440800701.696	
2,Device,46751044.0,0.0,46751044.0,1791169440820606.720	
2,Device,46751044.0,0.0,46751044.0,1791169440840606.720	
2,Device,46751044.0,0.0,46751044.0,1791169440860686.848	
2,Device,46751044.0,0.0,46751044.0,1791169440880681.728	
2,Device,46751044.0,0.0,46751044.0,1791169440900599.808	
2,Device,46751044.0,0.0,46751044.0,1791169440920602.880	
2,Device,46751044.0,0.0,46751044.0,1791169440940619.776	
2,Device,46751044.0,0.0,46751044.0,1791169440960599.808	
2,Device,46751044.0,0.0,46751044.0,1791169440980600.832	
2,Device,46751044.0,0.0,46751044.0,1791169441000616.704	
2,Device,46751044.0,0.0,46751044.0,1791169441020613.888	
2,Device,46751044.0,0.0,46751044.0,1791169441040604.672	
2,Device,46751044.0,0.0,46751044.0,1791169441060606.720	
2,Device,46751044.0,0.0,46751044.0,1791169441080781.824	
2,Device,46751044.0,0.0,46751044.0,1791169441100639.744	
2,Device,46751044.0,0.0,46751044.0,1791169441120668.672	
2,Device,46751044.0,0.0,46751044.0,1791169441140604.672	
2,Device,46751044.0,0.0,46751044.0,1791169441160659.712	
2,Device,46751044.0,0.0,46751044.0,1791169441180659.712	
2,Device,46751044.0,0.0,46751044.0,1791169441200608.768	
2,Device,46751044.0,0.0,46751044.0,1791169441220621.824	
2,Device,46751044.0,0.0,46751044.0,1791169441240602.880	
2,Device,46751044.0,0.0,46751044.0,1791169441260607.744	
2,Device,46751044.0,0.0,46751044.0,1791169441280603.648	
2,Device,46751044.0,0.0,46751044.0,1791169441300600.832	
2,Device,46751044.0,0.0,46751044.0,1791169441320621.824	
2,Device,46751044.0,0.0,46751044.0,1791169441340603.648	
2,Device,46751044.0,0.0,46751044.0,1791169441360610.816	
2,Device,46751044.0,0.0,46751044.0,1791169441380850.688	
2,Device,46751044.0,0.0,46751044.0,1791169441400663.808	
2,Device,46751044.0,0.0,46751044.0,1791169441420607.744	
2,Device,46751044.0,0.0,46751044.0,1791169441440621.824	
2,Device,46751044.0,0.0,46751044.0,1791169441460640.768	
2,Device,46751044.0,0.0,46751044.0,1791169441480654.848	
2,Device,46751044.0,0.0,46751044.0,1791169441500612.864	
2,Device,46751044.0,0.0,46751044.0,1791169441520603.648	
2,Device,46751044.0,0.0,46751044.0,1791169441540641.792	
2,Device,46751044.0,0.0,46751044.0,1791169441560604.672	
2,Device,46751044.0,0.0,46751044.0,1791169441580615.680	
2,Device,46751044.0,0.0,46751044.0,1791169441600811.776	
2,Device,46751044.0,0.0,46751044.0,1791169441620646.656	
2,Device,46751044.0,0.0,46751044.0,1791169441640615.680	
2,Device,46751044.0,0.0,46751044.0,1791169441660616.704	
2,Device,46751044.0,0.0,46751044.0,1791169441680723.712	
2,Device,46751044.0,0.0,46751044.0,1791169441700638.720	
2,Device,46751044.0,0.0,46751044.0,1791169441720601.856	
2,Device,46751044.0,0.0,46751044.0,1791169441740620.800	
2,Device,46751044.0,0.0,46751044.0,1791169441760604.672	
2,Device,46751044.0,0.0,46751044.0,1791169441780634.880	
2,Device,46751044.0,0.0,46751044.0,1791169441800605.696	
2,Device,46751044.0,0.0,46751044.0,1791169441820614.656	
2,Device,46751044.0,0.0,46751044.0,1791169441840764.672	
2,Device,46751044.0,0.0,46751044.0,1791169441860654.848	
2,Device,46751044.0,0.0,46751044.0,1791169441880621.824	
2,Device,46751044.0,0.0,46751044.0,1791169441900629.760	
2,Device,46751044.0,0.0,46751044.0,1791169441920674.816	
2,Device,46751044.0,0.0,46751044.0,1791169441940613.888	
2,Device,46751044.0,0.0,46751044.0,1791169441960634.880	
2,Device,46751296.0,0.0,46751296.0,1791169441980781.824	
2,Device,46751296.0,0.0,46751296.0,1791169442000604.672	
2,Device,46751296.0,0.0,46751296.0,1791169442020610.816	
2,Device,46751296.0,0.0,46751296.0,1791169442040616.704	
2,Device,46751296.0,0.0,46751296.0,1791169442060713.728	
2,Device,46751296.0,0.0,46751296.0,1791169442080608.768	
2,Device,46751296.0,0.0,46751296.0,1791169442100683.776	
2,Device,46751296.0,0.0,46751296.0,1791169442120611.840	
2,Device,46751296.0,0.0,46751296.0,1791169442140601.856	
2,Device,46751296.0,0.0,46751296.0,1791169442160642.816	
2,Device,46751296.0,0.0,46751296.0,1791169442180609.792	
2,Device,46751296.0,0.0,46751296.0,1791169442200611.840	
2,Device,46751296.0,0.0,46751296.0,1791169442220609.792	
2,Device,46751296.0,0.0,46751296.0,1791169442240660.736	
2,Device,46751296.0,0.0,46751296.0,1791169442260607.744	
2,Device,46751296.0,0.0,46751296.0,1791169442280733.696	
2,Device,46751296.0,0.0,46751296.0,1791169442300639.744	
2,Device,46751296.0,0.0,46751296.0,1791169442320605.696	
2,Device,46751296.0,0.0,46751296.0,1791169442340626.688	
2,Device,46751296.0,0.0,46751296.0,1791169442360633.856	
2,Device,46751296.0,0.0,46751296.0,1791169442380609.792	
2,Device,46751296.0,0.0,46751296.0,1791169442400638.720	
2,Device,46751296.0,0.0,46751296.0,1791169442420629.760	
2,Device,46751296.0,0.0,46751296.0,1791169442440609.792	
2,Device,46751296.0,0.0,46751296.0,1791169442460605.696	
2,Device,46751296.0,0.0,46751296.0,1791169442480602.880	
2,Device,46751296.0,0.0,46751296.0,1791169442500615.680	
2,Device,46751296.0,0.0,46751296.0,1791169442520610.816	
2,Device,46751296.0,0.0,46751296.0,1791169442540599.808	
2,Device,46751296.0,0.0,46751296.0,1791169442560610.816	
2,Device,46751296.0,0.0,46751296.0,1791169442580771.840	
2,Device,46751296.0,0.0,46751296.0,1791169442600602.880	
2,Device,46751296.0,0.0,46751296.0,1791169442620609.792	
2,Device,46751296.0,0.0,46751296.0,1791169442640614.656	
2,Device,46751296.0,0.0,46751296.0,1791169442660654.848	
2,Device,46751296.0,0.0,46751296.0,1791169442680691.712	
2,Device,46751296.0,0.0,46751296.0,1791169442700724.736	
2,Device,46751296.0,0.0,46751296.0,1791169442720605.696	
2,Device,46751296.0,0.0,46751296.0,1791169442740644.864	
2,Device,46751296.0,0.0,46751296.0,1791169442760617.728	
2,Device,46751296.0,0.0,46751296.0,1791169442780638.720	
2,Device,46751296.0,0.0,46751296.0,1791169442800619.776	
2,Device,46751296.0,0.0,46751296.0,1791169442820666.880	
2,Device,46751296.0,0.0,46751296.0,1791169442840629.760	
2,Device,46751296.0,0.0,46751296.0,1791169442860611.840	
2,Device,46751296.0,0.0,46751296.0,1791169442880782.848	
2,Device,46751296.0,0.0,46751296.0,1791169442900598.784	
2,Device,46751296.0,0.0,46751296.0,1791169442920656.640	
2,Device,46751296.0,0.0,46751296.0,1791169442940608.768	
2,Device,46751296.0,0.0,46751296.0,1791169442960620.800	
2,Device,46751296.0,0.0,46751296.0,1791169442980613.888	
2,Device,46751296.0,0.0,46751296.0,1791169443000625.664	
2,Device,46751296.0,0.0,46751296.0,1791169443020654.848	
2,Device,46751296.0,0.0,46751296.0,1791169443040663.808	
2,Device,46751296.0,0.0,46751296.0,1791169443060764.672	
2,Device,46751296.0,0.0,46751296.0,1791169443080602.880	
2,Device,46751296.0,0.0,46751296.0,1791169443100816.640	
2,Device,46751296.0,0.0,46751296.0,1791169443120623.872	
2,Device,46751296.0,0.0,46751296.0,1791169443140607.744	
2,Device,46751296.0,0.0,46751296.0,1791169443160602.880	
2,Device,46751296.0,0.0,46751296.0,1791169443180660.736	
2,Device,46751296.0,0.0,46751296.0,1791169443200608.768	
2,Device,46751296.0,0.0,46751296.0,1791169443220661.760	
2,Device,46751296.0,0.0,46751296.0,1791169443240609.792	
2,Device,46751296.0,0.0,46751296.0,1791169443260620.800	
2,Device,46751296.0,0.0,46751296.0,1791169443280665.856	
2,Device,46751296.0,0.0,46751296.0,1791169443300612.864	
2,Device,46751296.0,0.0,46751296.0,1791169443320612.864	
2,Device,46751296.0,0.0,46751296.0,1791169443340615.680	
2,Device,46751296.0,0.0,46751296.0,1791169443360627.712	
2,Device,46751296.0,0.0,46751296.0,1791169443380603.648	
2,Device,46751296.0,0.0,46751296.0,1791169443400774.656	
2,Device,46751296.0,0.0,46751296.0,1791169443420612.864	
2,Device,46751296.0,0.0,46751296.0,1791169443440637.696	
2,Device,46751296.0,0.0,46751296.0,1791169443460604.672	
2,Device,46751296.0,0.0,46751296.0,1791169443480639.744	
2,Device,46751296.0,0.0,46751296.0,1791169443500644.864	
2,Device,46751296.0,0.0,46751296.0,1791169443520644.864	
2,Device,46751296.0,0.0,46751296.0,1791169443540605.696	
2,Device,46751296.0,0.0,46751296.0,1791169443560730.880	
2,Device,46751296.0,0.0,46751296.0,1791169443580647.680	
2,Device,46751296.0,0.0,46751296.0,1791169443600659.712	
2,Device,46751296.0,0.0,46751296.0,1791169443620824.832	
2,Device,46751296.0,0.0,46751296.0,1791169443640653.824	
2,Device,46751296.0,0.0,46751296.0,1791169443660611.840	
2,Device,46751296.0,0.0,46751296.0,1791169443680604.672	
2,Device,46751548.0,0.0,46751548.0,1791169443700816.640	
2,Device,46751548.0,0.0,46751548.0,1791169443720599.808	
2,Device,46751548.0,0.0,46751548.0,1791169443740606.720	
2,Device,46751548.0,0.0,46751548.0,1791169443760595.712	
2,Device,46751548.0,0.0,46751548.0,1791169443780676.864	
2,Device,46751548.0,0.0,46751548.0,1791169443800596.736	
2,Device,46751548.0,0.0,46751548.0,1791169443820636.672	
2,Device,46751548.0,0.0,46751548.0,1791169443840623.872	
2,Device,46751548.0,0.0,46751548.0,1791169443860647.680	
2,Device,46751548.0,0.0,46751548.0,1791169443880656.640	
2,Device,46751548.0,0.0,46751548.0,1791169443900603.648	
2,Device,46751548.0,0.0,46751548.0,1791169443920596.736	
2,Device,46751548.0,0.0,46751548.0,1791169443940601.856	
2,Device,46751548.0,0.0,46751548.0,1791169443960595.712	
2,Device,46751548.0,0.0,46751548.0,1791169443980678.656	
2,Device,46751548.0,0.0,46751548.0,1791169444000725.760	
2,Device,46751548.0,0.0,46751548.0,1791169444020626.688	
2,Device,46751548.0,0.0,46751548.0,1791169444040623.872	
2,Device,46751548.0,0.0,46751548.0,1791169444060614.656	
2,Device,46751548.0,0.0,46751548.0,1791169444080817.664	
2,Device,46751548.0,0.0,46751548.0,1791169444100614.656	
2,Device,46751548.0,0.0,46751548.0,1791169444120603.648	
2,Device,46751548.0,0.0,46751548.0,1791169444140609.792	
2,Device,46751548.0,0.0,46751548.0,1791169444160597.760	
2,Device,46751548.0,0.0,46751548.0,1791169444180625.664	
2,Device,46751548.0,0.0,46751548.0,1791169444200643.840	
2,Device,46751548.0,0.0,46751548.0,1791169444220612.864	
2,Device,46751548.0,0.0,46751548.0,1791169444240605.696	
2,Device,46751548.0,0.0,46751548.0,1791169444260613.888	
2,Device,46751548.0,0.0,46751548.0,1791169444280639.744	
2,Device,46751548.0,0.0,46751548.0,1791169444300772.864	
2,Device,46751548.0,0.0,46751548.0,1791169444320611.840	
2,Device,46751548.0,0.0,46751548.0,1791169444340605.696	
2,Device,46751548.0,0.0,46751548.0,1791169444360618.752	
2,Device,46751296.0,0.0,46751296.0,1791169444380614.656	
2,Device,46751548.0,0.0,46751548.0,1791169444400647.680	
2,Device,46751548.0,0.0,46751548.0,1791169444420611.840	
2,Device,46751548.0,0.0,46751548.0,1791169444440604.672	
2,Device,46751548.0,0.0,46751548.0,1791169444460609.792	
2,Device,46751548.0,0.0,46751548.0,1791169444480599.808	
2,Device,46751548.0,0.0,46751548.0,1791169444500604.672	
2,Device,46751548.0,0.0,46751548.0,1791169444520611.840	
2,Device,46751548.0,0.0,46751548.0,1791169444540604.672	
2,Device,46751548.0,0.0,46751548.0,1791169444560678.656	
2,Device,46751548.0,0.0,46751548.0,1791169444580595.712	
2,Device,46751548.0,0.0,46751548.0,1791169444600764.672	
2,Device,46751548.0,0.0,46751548.0,1791169444620609.792	
2,Device,46751548.0,0.0,46751548.0,1791169444640721.664	
2,Device,46751548.0,0.0,46751548.0,1791169444660692.736	
2,Device,46751548.0,0.0,46751548.0,1791169444680616.704	
2,Device,46751548.0,0.0,46751548.0,1791169444700606.720	
2,Device,46751548.0,0.0,46751548.0,1791169444720638.720	
2,Device,46751548.0,0.0,46751548.0,1791169444740689.664	
2,Device,46751548.0,0.0,46751548.0,1791169444760606.720	
2,Device,46751548.0,0.0,46751548.0,1791169444780603.648	
2,Device,46751548.0,0.0,46751548.0,1791169444800689.664	
2,Device,46751548.0,0.0,46751548.0,1791169444820784.640	
2,Device,46751548.0,0.0,46751548.0,1791169444840600.832	
2,Device,46751548.0,0.0,46751548.0,1791169444860603.648	
2,Device,46751548.0,0.0,46751548.0,1791169444880654.848	
2,Device,46751548.0,0.0,46751548.0,1791169444900655.872	
2,Device,46751548.0,0.0,46751548.0,1791169444920596.736	
2,Device,46751548.0,0.0,46751548.0,1791169444940597.760	
2,Device,46751548.0,0.0,46751548.0,1791169444960606.720	
2,Device,46751548.0,0.0,46751548.0,1791169444980632.832	
2,Device,46751548.0,0.0,46751548.0,1791169445000609.792	
2,Device,46751548.0,0.0,46751548.0,1791169445020614.656	
2,Device,46751548.0,0.0,46751548.0,1791169445040603.648	
2,Device,46751548.0,0.0,46751548.0,1791169445060618.752	
2,Device,46751548.0,0.0,46751548.0,1791169445080695.808	
2,Device,46751548.0,0.0,46751548.0,1791169445100603.648	
2,Device,46751548.0,0.0,46751548.0,1791169445120773.888	
2,Device,46751548.0,0.0,46751548.0,1791169445140611.840	
2,Device,46751548.0,0.0,46751548.0,1791169445160661.760	
2,Device,46751548.0,0.0,46751548.0,1791169445180593.664	
2,Device,46751548.0,0.0,46751548.0,1791169445200757.760	
2,Device,46751548.0,0.0,46751548.0,1791169445220601.856	
2,Device,46751548.0,0.0,46751548.0,1791169445240667.648	
2,Device,46751548.0,0.0,46751548.0,1791169445260682.752	
2,Device,46751548.0,0.0,46751548.0,1791169445280607.744	
2,Device,46751548.0,0.0,46751548.0,1791169445300607.744	
2,Device,46751548.0,0.0,46751548.0,1791169445320639.744	
2,Device,46751548.0,0.0,46751548.0,1791169445340653.824	
2,Device,46751548.0,0.0,46751548.0,1791169445360615.680	
2,Device,46751548.0,0.0,46751548.0,1791169445380608.768	
2,Device,46751548.0,0.0,46751548.0,1791169445400605.696	
2,Device,46751548.0,0.0,46751548.0,1791169445420822.784	
2,Device,46751548.0,0.0,46751548.0,1791169445440603.648	
2,Device,46751548.0,0.0,46751548.0,1791169445460699.648	
2,Device,46751548.0,0.0,46751548.0,1791169445480628.736	
2,Device,46751800.0,0.0,46751800.0,1791169445500735.744	
2,Device,46751800.0,0.0,46751800.0,1791169445520652.800	
2,Device,46751800.0,0.0,46751800.0,1791169445540710.656	
2,Device,46751800.0,0.0,46751800.0,1791169445560638.720	
2,Device,46751800.0,0.0,46751800.0,1791169445580617.728	
2,Device,46751800.0,0.0,46751800.0,1791169445600734.720	
2,Device,46751800.0,0.0,46751800.0,1791169445620608.768	
2,Device,46751800.0,0.0,46751800.0,1791169445640600.832	
2,Device,46751800.0,0.0,46751800.0,1791169445660626.688	
2,Device,46751800.0,0.0,46751800.0,1791169445680633.856	
2,Device,46751800.0,0.0,46751800.0,1791169445700602.880	
2,Device,46751800.0,0.0,46751800.0,1791169445720773.888	
2,Device,46751800.0,0.0,46751800.0,1791169445740617.728	
2,Device,46751800.0,0.0,46751800.0,1791169445760619.776	
2,Device,46751800.0,0.0,46751800.0,1791169445780712.704	
2,Device,46751800.0,0.0,46751800.0,1791169445800633.856	
2,Device,46751800.0,0.0,46751800.0,1791169445820606.720	
2,Device,46751800.0,0.0,46751800.0,1791169445840671.744	
2,Device,46751800.0,0.0,46751800.0,1791169445860604.672	
2,Device,46751800.0,0.0,46751800.0,1791169445880606.720	
2,Device,46751800.0,0.0,46751800.0,1791169445900604.672	
2,Device,46751800.0,0.0,46751800.0,1791169445920712.704	
2,Device,46751800.0,0.0,46751800.0,1791169445940810.752	
2,Device,46751800.0,0.0,46751800.0,1791169445960654.848	
2,Device,46751800.0,0.0,46751800.0,1791169445980685.824	
2,Device,46751800.0,0.0,46751800.0,1791169446000607.744	
2,Device,46751800.0,0.0,46751800.0,1791169446020757.760	
2,Device,46751800.0,0.0,46751800.0,1791169446040596.736	
2,Device,46751800.0,0.0,46751800.0,1791169446060694.784	
2,Device,46751800.0,0.0,46751800.0,1791169446080605.696	
2,Device,46751800.0,0.0,46751800.0,1791169446100606.720	
2,Device,46751800.0,0.0,46751800.0,1791169446120636.672	
2,Device,46751800.0,0.0,46751800.0,1791169446140609.792	
2,Device,46751800.0,0.0,46751800.0,1791169446160611.840	
2,Device,46751800.0,0.0,46751800.0,1791169446180646.656	
2,Device,46751800.0,0.0,46751800.0,1791169446200638.720	
2,Device,46751800.0,0.0,46751800.0,1791169446220645.888	
2,Device,46751800.0,0.0,46751800.0,1791169446240774.656	
2,Device,46751800.0,0.0,46751800.0,1791169446260611.840	
2,Device,46751800.0,0.0,46751800.0,1791169446280606.720	
2,Device,46751800.0,0.0,46751800.0,1791169446300644.864	
2,Device,46751800.0,0.0,46751800.0,1791169446320706.816	
2,Device,46751800.0,0.0,46751800.0,1791169446340685.824	
2,Device,46751800.0,0.0,46751800.0,1791169446360716.800	
2,Device,46751800.0,0.0,46751800.0,1791169446380595.712	
2,Device,46751800.0,0.0,46751800.0,1791169446400612.864	
2,Device,46751800.0,0.0,46751800.0,1791169446420600.832	
2,Device,46751800.0,0.0,46751800.0,1791169446440600.832	
2,Device,46751800.0,0.0,46751800.0,1791169446460631.808	
2,Device,46751800.0,0.0,46751800.0,1791169446480612.864	
2,Device,46751800.0,0.0,46751800.0,1791169446500607.744	
2,Device,46751548.0,0.0,46751548.0,1791169446520605.696	
2,Device,46751548.0,0.0,46751548.0,1791169446540709.888	
2,Device,46751548.0,0.0,46751548.0,1791169446560671.744	
2,Device,46751548.0,0.0,46751548.0,1791169446580604.672	
2,Device,46751548.0,0.0,46751548.0,1791169446600601.856	
2,Device,46751548.0,0.0,46751548.0,1791169446620611.840	
2,Device,46751548.0,0.0,46751548.0,1791169446640609.792	
2,Device,46751548.0,0.0,46751548.0,1791169446660612.864	
2,Device,46751548.0,0.0,46751548.0,1791169446680608.768	
2,Device,46751548.0,0.0,46751548.0,1791169446700648.704	
2,Device,46751548.0,0.0,46751548.0,1791169446720606.720	
2,Device,46751548.0,0.0,46751548.0,1791169446740647.680	
2,Device,46751548.0,0.0,46751548.0,1791169446760850.688	
2,Device,46751548.0,0.0,46751548.0,1791169446780628.736	
2,Device,46751548.0,0.0,46751548.0,1791169446800600.832	
2,Device,46751548.0,0.0,46751548.0,1791169446820603.648	
2,Device,46751548.0,0.0,46751548.0,1791169446840699.648	
2,Device,46751548.0,0.0,46751548.0,1791169446860624.640	
2,Device,46751548.0,0.0,46751548.0,1791169446880624.640	
2,Device,46751548.0,0.0,46751548.0,1791169446900599.808	
2,Device,46751548.0,0.0,46751548.0,1791169446920604.672	
2,Device,46751548.0,0.0,46751548.0,1791169446940605.696	
2,Device,46751548.0,0.0,46751548.0,1791169446960620.800	
2,Device,46751548.0,0.0,46751548.0,1791169446980644.864	
2,Device,46751548.0,0.0,46751548.0,1791169447000614.656	
2,Device,46751548.0,0.0,46751548.0,1791169447020599.808	
2,Device,46751548.0,0.0,46751548.0,1791169447040635.648	
2,Device,46751548.0,0.0,46751548.0,1791169447060758.784	
2,Device,46751548.0,0.0,46751548.0,1791169447080611.840	
2,Device,46751548.0,0.0,46751548.0,1791169447100608.768	
2,Device,46751548.0,0.0,46751548.0,1791169447120656.640	
2,Device,46751548.0,0.0,46751548.0,1791169447140669.696	
2,Device,46751548.0,0.0,46751548.0,1791169447160609.792	
2,Device,46751548.0,0.0,46751548.0,1791169447180668.672	
2,Device,46751548.0,0.0,46751548.0,1791169447200601.856	
2,Device,46751548.0,0.0,46751548.0,1791169447220640.768	
2,Device,46751548.0,0.0,46751548.0,1791169447240606.720	
2,Device,46751548.0,0.0,46751548.0,1791169447260613.888	
2,Device,46751548.0,0.0,46751548.0,1791169447280603.648	
2,Device,46751548.0,0.0,46751548.0,1791169447300617.728	
2,Device,46751548.0,0.0,46751548.0,1791169447320600.832	
2,Device,46751548.0,0.0,46751548.0,1791169447340662.784	
2,Device,46751548.0,0.0,46751548.0,1791169447360766.720	
2,Device,46751548.0,0.0,46751548.0,1791169447380642.816	
2,Device,46751952.0,0.0,46751952.0,1791169447400828.672	
2,Device,46751952.0,0.0,46751952.0,1791169447420654.848	
2,Device,46751544.0,0.0,46751544.0,1791169447440730.880	
2,Device,46751544.0,0.0,46751544.0,1791169447460652.800	
2,Device,46751544.0,0.0,46751544.0,1791169447480604.672	
2,Device,46751544.0,0.0,46751544.0,1791169447500620.800	
2,Device,46751544.0,0.0,46751544.0,1791169447520602.880	
2,Device,46751544.0,0.0,46751544.0,1791169447540616.704	
2,Device,46751544.0,0.0,46751544.0,1791169447560603.648	
2,Device,46751544.0,0.0,46751544.0,1791169447580665.856	
2,Device,46751544.0,0.0,46751544.0,1791169447600599.808	
2,Device,46751544.0,0.0,46751544.0,1791169447620600.832	
2,Device,46751544.0,0.0,46751544.0,1791169447640643.840	
2,Device,46751544.0,0.0,46751544.0,1791169447660791.808	
2,Device,46751544.0,0.0,46751544.0,1791169447680605.696	
2,Device,46751544.0,0.0,46751544.0,1791169447700607.744	
2,Device,46751544.0,0.0,46751544.0,1791169447720599.808	
2,Device,46751544.0,0.0,46751544.0,1791169447740700.672	
2,Device,46751544.0,0.0,46751544.0,1791169447760637.696	
2,Device,46751544.0,0.0,46751544.0,1791169447780615.680	
2,Device,46751544.0,0.0,46751544.0,1791169447800611.840	
2,Device,46751544.0,0.0,46751544.0,1791169447820609.792	
2,Device,46751544.0,0.0,46751544.0,1791169447840662.784	
2,Device,46751544.0,0.0,46751544.0,1791169447860613.888	
2,Device,46751544.0,0.0,46751544.0,1791169447880599.808	
2,Device,46751544.0,0.0,46751544.0,1791169447900652.800	
2,Device,46751544.0,0.0,46751544.0,1791169447920603.648	
2,Device,46751544.0,0.0,46751544.0,1791169447940626.688	
2,Device,46751544.0,0.0,46751544.0,1791169447960774.656	
2,Device,46751544.0,0.0,46751544.0,1791169447980611.840	
2,Device,46751544.0,0.0,46751544.0,1791169448000609.792	
2,Device,46751544.0,0.0,46751544.0,1791169448020598.784	
2,Device,46751544.0,0.0,46751544.0,1791169448040694.784	
2,Device,46751544.0,0.0,46751544.0,1791169448060612.864	
2,Device,46751544.0,0.0,46751544.0,1791169448080603.648	
2,Device,46751544.0,0.0,46751544.0,1791169448100619.776	
2,Device,46751544.0,0.0,46751544.0,1791169448120610.816	
2,Device,46751544.0,0.0,46751544.0,1791169448140607.744	
2,Device,46751544.0,0.0,46751544.0,1791169448160661.760	
2,Device,46751544.0,0.0,46751544.0,1791169448180638.720	
2,Device,46751544.0,0.0,46751544.0,1791169448200693.760	
2,Device,46751544.0,0.0,46751544.0,1791169448220597.760	
2,Device,46751544.0,0.0,46751544.0,1791169448240612.864	
2,Device,46751544.0,0.0,46751544.0,1791169448260752.640	
2,Device,46751544.0,0.0,46751544.0,1791169448280612.864	
2,Device,46751544.0,0.0,46751544.0,1791169448300622.848	
2,Device,46751544.0,0.0,46751544.0,1791169448320598.784	
2,Device,46751544.0,0.0,46751544.0,1791169448340632.832	
2,Device,46751544.0,0.0,46751544.0,1791169448360596.736	
2,Device,46751544.0,0.0,46751544.0,1791169448380776.704	
2,Device,46751544.0,0.0,46751544.0,1791169448400609.792	
2,Device,46751544.0,0.0,46751544.0,1791169448420599.808	
2,Device,46751544.0,0.0,46751544.0,1791169448440597.760	
2,Device,46751544.0,0.0,46751544.0,1791169448460601.856	
2,Device,46751544.0,0.0,46751544.0,1791169448480767.744	
2,Device,46751544.0,0.0,46751544.0,1791169448500630.784	
2,Device,46751544.0,0.0,46751544.0,1791169448520596.736	
2,Device,46751544.0,0.0,46751544.0,1791169448540612.864	
2,Device,46751544.0,0.0,46751544.0,1791169448560720.640	
2,Device,46751544.0,0.0,46751544.0,1791169448580617.728	
2,Device,46751544.0,0.0,46751544.0,1791169448600606.720	
2,Device,46751544.0,0.0,46751544.0,1791169448620628.736	
2,Device,46751544.0,0.0,46751544.0,1791169448640602.880	
2,Device,46751544.0,0.0,46751544.0,1791169448660615.680	
2,Device,46751544.0,0.0,46751544.0,1791169448680619.776	
2,Device,46751544.0,0.0,46751544.0,1791169448700684.800	
2,Device,46751544.0,0.0,46751544.0,1791169448720608.768	
2,Device,46751544.0,0.0,46751544.0,1791169448740606.720	
2,Device,46751544.0,0.0,46751544.0,1791169448760642.816	
2,Device,46751544.0,0.0,46751544.0,1791169448780767.744	
2,Device,46751544.0,0.0,46751544.0,1791169448800627.712	
2,Device,46751544.0,0.0,46751544.0,1791169448820619.776	
2,Device,46751544.0,0.0,46751544.0,1791169448840627.712	
2,Device,46751544.0,0.0,46751544.0,1791169448860763.648	
2,Device,46751544.0,0.0,46751544.0,1791169448880607.744	
2,Device,46751544.0,0.0,46751544.0,1791169448900627.712	
2,Device,46751544.0,0.0,46751544.0,1791169448920603.648	
2,Device,46751544.0,0.0,46751544.0,1791169448940689.664	
2,Device,46751544.0,0.0,46751544.0,1791169448960597.760	
2,Device,46751544.0,0.0,46751544.0,1791169448980609.792	
2,Device,46751544.0,0.0,46751544.0,1791169449000620.800	
2,Device,46751544.0,0.0,46751544.0,1791169449020649.728	
2,Device,46751544.0,0.0,46751544.0,1791169449040659.712	
2,Device,46751544.0,0.0,46751544.0,1791169449060599.808	
2,Device,46751544.0,0.0,46751544.0,1791169449080618.752	
2,Device,46751544.0,0.0,46751544.0,1791169449100617.728	
2,Device,46751544.0,0.0,46751544.0,1791169449120668.672	
2,Device,46751544.0,0.0,46751544.0,1791169449140596.736	
2,Device,46751544.0,0.0,46751544.0,1791169449160771.840	
2,Device,46751544.0,0.0,46751544.0,1791169449180612.864	
2,Device,46751544.0,0.0,46751544.0,1791169449200647.680	
2,Device,46751544.0,0.0,46751544.0,1791169449220666.880	
2,Device,46751544.0,0.0,46751544.0,1791169449240611.840	
2,Device,46751544.0,0.0,46751544.0,1791169449260669.696	
2,Device,46751544.0,0.0,46751544.0,1791169449280632.832	
2,Device,46751544.0,0.0,46751544.0,1791169449300604.672	
2,Device,46751544.0,0.0,46751544.0,1791169449320605.696	
2,Device,46751544.0,0.0,46751544.0,1791169449340694.784	
2,Device,46751544.0,0.0,46751544.0,1791169449360643.840	
2,Device,46751544.0,0.0,46751544.0,1791169449380828.672	
2,Device,46751544.0,0.0,46751544.0,1791169449400620.800	
2,Device,46751544.0,0.0,46751544.0,1791169449420652.800	
2,Device,46751544.0,0.0,46751544.0,1791169449440600.832	
2,Device,46751544.0,0.0,46751544.0,1791169449460774.656	
2,Device,46751544.0,0.0,46751544.0,1791169449480665.856	
2,Device,46751544.0,0.0,46751544.0,1791169449500657.664	
2,Device,46751544.0,0.0,46751544.0,1791169449520608.768	
2,Device,46751544.0,0.0,46751544.0,1791169449540601.856	
2,Device,46751544.0,0.0,46751544.0,1791169449560622.848	
2,Device,46751544.0,0.0,46751544.0,1791169449580670.720	
2,Device,46751544.0,0.0,46751544.0,1791169449600606.720	
2,Device,46751796.0,0.0,46751796.0,1791169449620610.816	
2,Device,46751796.0,0.0,46751796.0,1791169449640664.832	
2,Device,46751796.0,0.0,46751796.0,1791169449660602.880	
2,Device,46751796.0,0.0,46751796.0,1791169449680798.720	
2,Device,46751796.0,0.0,46751796.0,1791169449700610.816	
2,Device,46751796.0,0.0,46751796.0,1791169449720613.888	
2,Device,46751796.0,0.0,46751796.0,1791169449740677.888	
2,Device,46751796.0,0.0,46751796.0,1791169449760759.808	
2,Device,46751796.0,0.0,46751796.0,1791169449780604.672	
2,Device,46751796.0,0.0,46751796.0,1791169449800608.768	
2,Device,46751796.0,0.0,46751796.0,1791169449820601.856	
2,Device,46751796.0,0.0,46751796.0,1791169449840627.712	
2,Device,46751796.0,0.0,46751796.0,1791169449860617.728	
2,Device,46751796.0,0.0,46751796.0,1791169449880625.664	
2,Device,46751796.0,0.0,46751796.0,1791169449900602.880	
2,Device,46751796.0,0.0,46751796.0,1791169449920662.784	
2,Device,46751796.0,0.0,46751796.0,1791169449940608.768	
2,Device,46751796.0,0.0,46751796.0,1791169449960606.720	
2,Device,46751796.0,0.0,46751796.0,1791169449980801.792	
2,Device,46751796.0,0.0,46751796.0,1791169450000656.640	
2,Device,46751796.0,0.0,46751796.0,1791169450020608.768	
2,Device,46751796.0,0.0,46751796.0,1791169450040813.824	
2,Device,46751796.0,0.0,46751796.0,1791169450060740.864	
2,Device,46751796.0,0.0,46751796.0,1791169450080605.696	
2,Device,46751796.0,0.0,46751796.0,1791169450100639.744	
2,Device,46751796.0,0.0,46751796.0,1791169450120595.712	
2,Device,46751796.0,0.0,46751796.0,1791169450140600.832	
2,Device,46751796.0,0.0,46751796.0,1791169450160607.744	
2,Device,46751796.0,0.0,46751796.0,1791169450180642.816	
2,Device,46751796.0,0.0,46751796.0,1791169450200595.712	
2,Device,46751796.0,0.0,46751796.0,1791169450220614.656	
2,Device,46751796.0,0.0,46751796.0,1791169450240654.848	
2,Device,46751796.0,0.0,46751796.0,1791169450260611.840	
2,Device,46751796.0,0.0,46751796.0,1791169450280785.664	
2,Device,46751796.0,0.0,46751796.0,1791169450300604.672	
2,Device,46751796.0,0.0,46751796.0,1791169450320617.728	
2,Device,46751796.0,0.0,46751796.0,1791169450340599.808	
2,Device,46751796.0,0.0,46751796.0,1791169450360691.712	
2,Device,46751544.0,0.0,46751544.0,1791169450380610.816	
2,Device,46751544.0,0.0,46751544.0,1791169450400604.672	
2,Device,46751544.0,0.0,46751544.0,1791169450420628.736	
2,Device,46751544.0,0.0,46751544.0,1791169450440607.744	
2,Device,46751544.0,0.0,46751544.0,1791169450460747.776	
2,Device,46751544.0,0.0,46751544.0,1791169450480613.888	
2,Device,46751544.0,0.0,46751544.0,1791169450500614.656	
2,Device,46751544.0,0.0,46751544.0,1791169450520608.768	
2,Device,46751544.0,0.0,46751544.0,1791169450540611.840	
2,Device,46751544.0,0.0,46751544.0,1791169450560608.768	
2,Device,46751544.0,0.0,46751544.0,1791169450580790.784	
2,Device,46751544.0,0.0,46751544.0,1791169450600673.792	
2,Device,46751544.0,0.0,46751544.0,1791169450620605.696	
2,Device,46751544.0,0.0,46751544.0,1791169450640621.824	
2,Device,46751544.0,0.0,46751544.0,1791169450660664.832	
2,Device,46751544.0,0.0,46751544.0,1791169450680594.688	
2,Device,46751544.0,0.0,46751544.0,1791169450700604.672	
2,Device,46751544.0,0.0,46751544.0,1791169450720624.640	
2,Device,46751544.0,0.0,46751544.0,1791169450740595.712	
2,Device,46751544.0,0.0,46751544.0,1791169450760672.768	
2,Device,46751544.0,0.0,46751544.0,1791169450780620.800	
2,Device,46751544.0,0.0,46751544.0,1791169450800663.808	
2,Device,46751544.0,0.0,46751544.0,1791169450820600.832	
2,Device,46751544.0,0.0,46751544.0,1791169450840654.848	
2,Device,46751544.0,0.0,46751544.0,1791169450860613.888	
2,Device,46751544.0,0.0,46751544.0,1791169450880773.888	
2,Device,46751544.0,0.0,46751544.0,1791169450900610.816	
2,Device,46751544.0,0.0,46751544.0,1791169450920607.744	
2,Device,46751544.0,0.0,46751544.0,1791169450940680.704	
2,Device,46751544.0,0.0,46751544.0,1791169450960769.792	
2,Device,46751544.0,0.0,46751544.0,1791169450980600.832	
2,Device,46751544.0,0.0,46751544.0,1791169451000601.856	
2,Device,46751544.0,0.0,46751544.0,1791169451020597.760	
2,Device,46751544.0,0.0,46751544.0,1791169451040644.864	
2,Device,46751544.0,0.0,46751544.0,1791169451060698.880	
2,Device,46751544.0,0.0,46751544.0,1791169451080720.640	
2,Device,46751544.0,0.0,46751544.0,1791169451100662.784	
2,Device,46751544.0,0.0,46751544.0,1791169451120602.880	
2,Device,46751544.0,0.0,46751544.0,1791169451140616.704	
2,Device,46751544.0,0.0,46751544.0,1791169451160608.768	
2,Device,46751544.0,0.0,46751544.0,1791169451180792.832	
2,Device,46751544.0,0.0,46751544.0,1791169451200595.712	
2,Device,46751544.0,0.0,46751544.0,1791169451220635.648	
2,Device,46751544.0,0.0,46751544.0,1791169451240615.680	
2,Device,46751544.0,0.0,46751544.0,1791169451260740.864	
2,Device,46751544.0,0.0,46751544.0,1791169451280607.744	
2,Device,46751544.0,0.0,46751544.0,1791169451300622.848	
2,Device,46751544.0,0.0,46751544.0,1791169451320606.720	
2,Device,46751544.0,0.0,46751544.0,1791169451340607.744	
2,Device,46751544.0,0.0,46751544.0,1791169451360665.856	
2,Device,46751544.0,0.0,46751544.0,1791169451380600.832	
2,Device,46751544.0,0.0,46751544.0,1791169451400671.744	
2,Device,46751544.0,0.0,46751544.0,1791169451420673.792	
2,Device,46751544.0,0.0,46751544.0,1791169451440626.688	
2,Device,46751544.0,0.0,46751544.0,1791169451460673.792	
2,Device,46751544.0,0.0,46751544.0,1791169451480637.696	
2,Device,46751544.0,0.0,46751544.0,1791169451500633.856	
2,Device,46751544.0,0.0,46751544.0,1791169451520602.880	
2,Device,46751544.0,0.0,46751544.0,1791169451540612.864	
2,Device,46751544.0,0.0,46751544.0,1791169451560836.864	
2,Device,46751544.0,0.0,46751544.0,1791169451580628.736	
2,Device,46751544.0,0.0,46751544.0,1791169451600623.872	
2,Device,46751544.0,0.0,46751544.0,1791169451620658.688	
2,Device,46751544.0,0.0,46751544.0,1791169451640731.648	
2,Device,46751544.0,0.0,46751544.0,1791169451660610.816	
2,Device,46751544.0,0.0,46751544.0,1791169451680604.672	
2,Device,46751544.0,0.0,46751544.0,1791169451700603.648	
2,Device,46751544.0,0.0,46751544.0,1791169451720639.744	
2,Device,46751544.0,0.0,46751544.0,1791169451740614.656	
2,Device,46751544.0,0.0,46751544.0,1791169451760604.672	
2,Device,46751544.0,0.0,46751544.0,1791169451780836.864	
2,Device,46751544.0,0.0,46751544.0,1791169451800598.784	
2,Device,46751544.0,0.0,46751544.0,1791169451820615.680	
2,Device,46751544.0,0.0,46751544.0,1791169451840624.640	
2,Device,46751544.0,0.0,46751544.0,1791169451860886.784	
2,Device,46751544.0,0.0,46751544.0,1791169451880678.656	
2,Device,46751544.0,0.0,46751544.0,1791169451900604.672	
2,Device,46751544.0,0.0,46751544.0,1791169451920608.768	
2,Device,46751544.0,0.0,46751544.0,1791169451940663.808	
2,Device,46751544.0,0.0,46751544.0,1791169451960619.776	
2,Device,46751544.0,0.0,46751544.0,1791169451980615.680	
2,Device,46751544.0,0.0,46751544.0,1791169452000603.648	
2,Device,46751544.0,0.0,46751544.0,1791169452020616.704	
2,Device,46751544.0,0.0,46751544.0,1791169452040648.704	
2,Device,46751544.0,0.0,46751544.0,1791169452060604.672	
2,Device,46751544.0,0.0,46751544.0,1791169452080626.688	
2,Device,46751544.0,0.0,46751544.0,1791169452100735.744	
2,Device,46751544.0,0.0,46751544.0,1791169452120643.840	
2,Device,46751544.0,0.0,46751544.0,1791169452140610.816	
2,Device,46751544.0,0.0,46751544.0,1791169452160765.696	
2,Device,46751544.0,0.0,46751544.0,1791169452180599.808	
2,Device,46751544.0,0.0,46751544.0,1791169452200608.768	
2,Device,46751544.0,0.0,46751544.0,1791169452220638.720	
2,Device,46751544.0,0.0,46751544.0,1791169452240761.856	
2,Device,46751544.0,0.0,46751544.0,1791169452260598.784	
2,Device,46751544.0,0.0,46751544.0,1791169452280600.832	
2,Device,46751544.0,0.0,46751544.0,1791169452300633.856	
2,Device,46751544.0,0.0,46751544.0,1791169452320614.656	
2,Device,46751544.0,0.0,46751544.0,1791169452340619.776	
2,Device,46751544.0,0.0,46751544.0,1791169452360599.808	
2,Device,46751544.0,0.0,46751544.0,1791169452380623.872	
2,Device,46751544.0,0.0,46751544.0,1791169452400612.864	
2,Device,46751544.0,0.0,46751544.0,1791169452420685.824	
2,Device,46751544.0,0.0,46751544.0,1791169452440605.696	
2,Device,46751796.0,0.0,46751796.0,1791169452460780.800	
2,Device,46751796.0,0.0,46751796.0,1791169452480607.744	
2,Device,46751796.0,0.0,46751796.0,1791169452500622.848	
2,Device,46751796.0,0.0,46751796.0,1791169452520604.672	
2,Device,46751796.0,0.0,46751796.0,1791169452540674.816	
2,Device,46751796.0,0.0,46751796.0,1791169452560652.800	
2,Device,46751796.0,0.0,46751796.0,1791169452580602.880	
2,Device,46751796.0,0.0,46751796.0,1791169452600696.832	
2,Device,46751796.0,0.0,46751796.0,1791169452620604.672	
2,Device,46751796.0,0.0,46751796.0,1791169452640655.872	
2,Device,46751796.0,0.0,46751796.0,1791169452660597.760	
2,Device,46751796.0,0.0,46751796.0,1791169452680647.680	
2,Device,46751796.0,0.0,46751796.0,1791169452700605.696	
2,Device,46751796.0,0.0,46751796.0,1791169452720605.696	
2,Device,46751796.0,0.0,46751796.0,1791169452740608.768	
2,Device,46751796.0,0.0,46751796.0,1791169452760754.688	
2,Device,46751796.0,0.0,46751796.0,1791169452780616.704	
2,Device,46751796.0,0.0,46751796.0,1791169452800650.752	
2,Device,46751796.0,0.0,46751796.0,1791169452820647.680	
2,Device,46751796.0,0.0,46751796.0,1791169452840624.640	
2,Device,46751796.0,0.0,46751796.0,1791169452860604.672	
2,Device,46751796.0,0.0,46751796.0,1791169452880600.832	
2,Device,46751796.0,0.0,46751796.0,1791169452900609.792	
2,Device,46751796.0,0.0,46751796.0,1791169452920606.720	
2,Device,46751796.0,0.0,46751796.0,1791169452940676.864	
2,Device,46751796.0,0.0,46751796.0,1791169452960606.720	
2,Device,46751796.0,0.0,46751796.0,1791169452980828.672	
2,Device,46751796.0,0.0,46751796.0,1791169453000620.800	
2,Device,46751796.0,0.0,46751796.0,1791169453020671.744	
2,Device,46751796.0,0.0,46751796.0,1791169453040597.760	
2,Device,46751796.0,0.0,46751796.0,1791169453060616.704	
2,Device,46751796.0,0.0,46751796.0,1791169453080609.792	
2,Device,46751796.0,0.0,46751796.0,1791169453100611.840	
2,Device,46751796.0,0.0,46751796.0,1791169453120611.840	
2,Device,46751796.0,0.0,46751796.0,1791169453140600.832	
2,Device,46751796.0,0.0,46751796.0,1791169453160610.816	
2,Device,46751796.0,0.0,46751796.0,1791169453180632.832	
2,Device,46751796.0,0.0,46751796.0,1791169453200596.736	
2,Device,46751796.0,0.0,46751796.0,1791169453220607.744	
2,Device,46751796.0,0.0,46751796.0,1791169453240607.744	
2,Device,46751796.0,0.0,46751796.0,1791169453260604.672	
2,Device,46751796.0,0.0,46751796.0,1791169453280790.784	
2,Device,46751796.0,0.0,46751796.0,1791169453300662.784	
2,Device,46751796.0,0.0,46751796.0,1791169453320690.688	
2,Device,46751796.0,0.0,46751796.0,1791169453340638.720	
2,Device,46751796.0,0.0,46751796.0,1791169453360707.840	
2,Device,46751796.0,0.0,46751796.0,1791169453380596.736	
2,Device,46751544.0,0.0,46751544.0,1791169453400612.864	
2,Device,46751544.0,0.0,46751544.0,1791169453420596.736	
2,Device,46751544.0,0.0,46751544.0,1791169453440663.808	
2,Device,46751544.0,0.0,46751544.0,1791169453460609.792	
2,Device,46751544.0,0.0,46751544.0,1791169453480604.672	
2,Device,46751544.0,0.0,46751544.0,1791169453500801.792	
2,Device,46751544.0,0.0,46751544.0,1791169453520626.688	
2,Device,46751544.0,0.0,46751544.0,1791169453540600.832	
2,Device,46751544.0,0.0,46751544.0,1791169453560627.712	
2,Device,46751544.0,0.0,46751544.0,1791169453580714.752	
2,Device,46751544.0,0.0,46751544.0,1791169453600600.832	
2,Device,46751544.0,0.0,46751544.0,1791169453620628.736	
2,Device,46751544.0,0.0,46751544.0,1791169453640613.888	
2,Device,46751544.0,0.0,46751544.0,1791169453660605.696	
2,Device,46751544.0,0.0,46751544.0,1791169453680601.856	
2,Device,46751544.0,0.0,46751544.0,1791169453700649.728	
2,Device,46751544.0,0.0,46751544.0,1791169453720611.840	
2,Device,46751544.0,0.0,46751544.0,1791169453740601.856	
2,Device,46751544.0,0.0,46751544.0,1791169453760610.816	
2,Device,46751544.0,0.0,46751544.0,1791169453780662.784	
2,Device,46751544.0,0.0,46751544.0,1791169453800609.792	
2,Device,46751544.0,0.0,46751544.0,1791169453820605.696	
2,Device,46751544.0,0.0,46751544.0,1791169453840604.672	
2,Device,46751544.0,0.0,46751544.0,1791169453860618.752	
2,Device,46751544.0,0.0,46751544.0,1791169453880709.888	
2,Device,46751544.0,0.0,46751544.0,1791169453900598.784	
2,Device,46751544.0,0.0,46751544.0,1791169453920601.856	
2,Device,46751544.0,0.0,46751544.0,1791169453940642.816	
2,Device,46751544.0,0.0,46751544.0,1791169453960616.704	
2,Device,46751544.0,0.0,46751544.0,1791169453980609.792	
2,Device,46751544.0,0.0,46751544.0,1791169454000600.832	
2,Device,46751544.0,0.0,46751544.0,1791169454020617.728	
2,Device,46751544.0,0.0,46751544.0,1791169454040656.640	
2,Device,46751544.0,0.0,46751544.0,1791169454060612.864	
2,Device,46751544.0,0.0,46751544.0,1791169454080615.680	
2,Device,46751544.0,0.0,46751544.0,1791169454100798.720	
2,Device,46751544.0,0.0,46751544.0,1791169454120640.768	
2,Device,46751544.0,0.0,46751544.0,1791169454140714.752	
2,Device,46751544.0,0.0,46751544.0,1791169454160608.768	
2,Device,46751544.0,0.0,46751544.0,1791169454180689.664	
2,Device,46751544.0,0.0,46751544.0,1791169454200602.880	
2,Device,46751544.0,0.0,46751544.0,1791169454220635.648	
2,Device,46751544.0,0.0,46751544.0,1791169454240601.856	
2,Device,46751544.0,0.0,46751544.0,1791169454260600.832	
2,Device,46751544.0,0.0,46751544.0,1791169454280614.656	
2,Device,46751544.0,0.0,46751544.0,1791169454300700.672	
2,Device,46751544.0,0.0,46751544.0,1791169454320599.808	
2,Device,46751544.0,0.0,46751544.0,1791169454340599.808	
2,Device,46751544.0,0.0,46751544.0,1791169454360675.840	
2,Device,46751544.0,0.0,46751544.0,1791169454380608.768	
2,Device,46751544.0,0.0,46751544.0,1791169454400772.864	
2,Device,46751544.0,0.0,46751544.0,1791169454420795.648	
2,Device,46751544.0,0.0,46751544.0,1791169454440670.720	
2,Device,46751544.0,0.0,46751544.0,1791169454460692.736	
2,Device,46751544.0,0.0,46751544.0,1791169454480717.824	
2,Device,46751544.0,0.0,46751544.0,1791169454500615.680	
2,Device,46751544.0,0.0,46751544.0,1791169454520604.672	
2,Device,46751544.0,0.0,46751544.0,1791169454540667.648	
2,Device,46751544.0,0.0,46751544.0,1791169454560648.704	
2,Device,46751544.0,0.0,46751544.0,1791169454580603.648	
2,Device,46751544.0,0.0,46751544.0,1791169454600599.808	
2,Device,46751544.0,0.0,46751544.0,1791169454620821.760	
2,Device,46751544.0,0.0,46751544.0,1791169454640615.680	
2,Device,46751544.0,0.0,46751544.0,1791169454660666.880	
2,Device,46751544.0,0.0,46751544.0,1791169454680599.808	
2,Device,46751544.0,0.0,46751544.0,1791169454700769.792	
2,Device,46751544.0,0.0,46751544.0,1791169454720612.864	
2,Device,46751544.0,0.0,46751544.0,1791169454740602.880	
2,Device,46751544.0,0.0,46751544.0,1791169454760598.784	
2,Device,46751544.0,0.0,46751544.0,1791169454780645.888	
2,Device,46751544.0,0.0,46751544.0,1791169454800603.648	
2,Device,46751544.0,0.0,46751544.0,1791169454820628.736	
2,Device,46751544.0,0.0,46751544.0,1791169454840687.872	
2,Device,46751544.0,0.0,46751544.0,1791169454860615.680	
2,Device,46751544.0,0.0,46751544.0,1791169454880628.736	
2,Device,46751544.0,0.0,46751544.0,1791169454900640.768	
2,Device,46751544.0,0.0,46751544.0,1791169454920603.648	
2,Device,46751544.0,0.0,46751544.0,1791169454940614.656	
2,Device,46751544.0,0.0,46751544.0,1791169454960601.856	
2,Device,46751544.0,0.0,46751544.0,1791169454980648.704	
2,Device,46751544.0,0.0,46751544.0,1791169455000833.792	
2,Device,46751544.0,0.0,46751544.0,1791169455020603.648	
2,Device,46751544.0,0.0,46751544.0,1791169455040604.672	
2,Device,46751544.0,0.0,46751544.0,1791169455060649.728	
2,Device,46751544.0,0.0,46751544.0,1791169455080676.864	
2,Device,46751544.0,0.0,46751544.0,1791169455100664.832	
2,Device,46751544.0,0.0,46751544.0,1791169455120611.840	
2,Device,46751544.0,0.0,46751544.0,1791169455140722.688	
2,Device,46751544.0,0.0,46751544.0,1791169455160639.744	
2,Device,46751544.0,0.0,46751544.0,1791169455180608.768	
2,Device,46751544.0,0.0,46751544.0,1791169455200601.856	
2,Device,46751544.0,0.0,46751544.0,1791169455220599.808	
2,Device,46751544.0,0.0,46751544.0,1791169455240617.728	
2,Device,46751544.0,0.0,46751544.0,1791169455260615.680	
2,Device,46751544.0,0.0,46751544.0,1791169455280624.640	
2,Device,46751544.0,0.0,46751544.0,1791169455300762.880	
2,Device,46751544.0,0.0,46751544.0,1791169455320633.856	
2,Device,46751544.0,0.0,46751544.0,1791169455340609.792	
2,Device,46751544.0,0.0,46751544.0,1791169455360600.832	
2,Device,46751544.0,0.0,46751544.0,1791169455380632.832	
2,Device,46751544.0,0.0,46751544.0,1791169455400678.656	
2,Device,46751544.0,0.0,46751544.0,1791169455420638.720	
2,Device,46751544.0,0.0,46751544.0,1791169455440617.728	
2,Device,46751544.0,0.0,46751544.0,1791169455460655.872	
2,Device,46751544.0,0.0,46751544.0,1791169455480610.816	
2,Device,46751544.0,0.0,46751544.0,1791169455500608.768	
2,Device,46751544.0,0.0,46751544.0,1791169455520774.656	
2,Device,46751544.0,0.0,46751544.0,1791169455540603.648	
2,Device,46751544.0,0.0,46751544.0,1791169455560605.696	
2,Device,46751544.0,0.0,46751544.0,1791169455580603.648	
2,Device,46751544.0,0.0,46751544.0,1791169455600645.888	
2,Device,46751544.0,0.0,46751544.0,1791169455620608.768	
2,Device,46751544.0,0.0,46751544.0,1791169455640601.856	
2,Device,46751544.0,0.0,46751544.0,1791169455660609.792	
2,Device,46751544.0,0.0,46751544.0,1791169455680608.768	
2,Device,46751544.0,0.0,46751544.0,1791169455700600.832	
2,Device,46751544.0,0.0,46751544.0,1791169455720601.856	
2,Device,46751544.0,0.0,46751544.0,1791169455740773.888	
2,Device,46751796.0,0.0,46751796.0,1791169455760609.792	
2,Device,46751796.0,0.0,46751796.0,1791169455780612.864	
2,Device,46751796.0,0.0,46751796.0,1791169455800617.728	
2,Device,46751796.0,0.0,46751796.0,1791169455820730.880	
2,Device,46751796.0,0.0,46751796.0,1791169455840598.784	
2,Device,46751796.0,0.0,46751796.0,1791169455860607.744	
2,Device,46751796.0,0.0,46751796.0,1791169455880608.768	
2,Device,46751796.0,0.0,46751796.0,1791169455900607.744	
2,Device,46751796.0,0.0,46751796.0,1791169455920603.648	
2,Device,46751796.0,0.0,46751796.0,1791169455940599.808	
2,Device,46751796.0,0.0,46751796.0,1791169455960598.784	
2,Device,46751796.0,0.0,46751796.0,1791169455980612.864	
2,Device,46751796.0,0.0,46751796.0,1791169456000601.856	
2,Device,46751796.0,0.0,46751796.0,1791169456020608.768	
2,Device,46751796.0,0.0,46751796.0,1791169456040771.840	
2,Device,46751796.0,0.0,46751796.0,1791169456060608.768	
2,Device,46751796.0,0.0,46751796.0,1791169456080604.672	
2,Device,46751796.0,0.0,46751796.0,1791169456100605.696	
2,Device,46751796.0,0.0,46751796.0,1791169456120612.864	
2,Device,46751796.0,0.0,46751796.0,1791169456140600.832	
2,Device,46751796.0,0.0,46751796.0,1791169456160603.648	
2,Device,46751796.0,0.0,46751796.0,1791169456180596.736	
2,Device,46751796.0,0.0,46751796.0,1791169456200603.648	
2,Device,46751796.0,0.0,46751796.0,1791169456220610.816	
2,Device,46751796.0,0.0,46751796.0,1791169456240600.832	
2,Device,46751796.0,0.0,46751796.0,1791169456260769.792	
2,Device,46751796.0,0.0,46751796.0,1791169456280610.816	
2,Device,46751796.0,0.0,46751796.0,1791169456300598.784	
2,Device,46751796.0,0.0,46751796.0,1791169456320604.672	
2,Device,46751796.0,0.0,46751796.0,1791169456340636.672	
2,Device,46751796.0,0.0,46751796.0,1791169456360597.760	
2,Device,46751544.0,0.0,46751544.0,1791169456380614.656	
2,Device,46751544.0,0.0,46751544.0,1791169456400610.816	
2,Device,46751544.0,0.0,46751544.0,1791169456420598.784	
2,Device,46751544.0,0.0,46751544.0,1791169456440597.760	
2,Device,46751544.0,0.0,46751544.0,1791169456460601.856	
2,Device,46751544.0,0.0,46751544.0,1791169456480770.816	
2,Device,46751544.0,0.0,46751544.0,1791169456500612.864	
2,Device,46751544.0,0.0,46751544.0,1791169456520602.880	
2,Device,46751544.0,0.0,46751544.0,1791169456540603.648	
2,Device,46751544.0,0.0,46751544.0,1791169456560639.744	
2,Device,46751544.0,0.0,46751544.0,1791169456580611.840	
2,Device,46751544.0,0.0,46751544.0,1791169456600617.728	
2,Device,46751544.0,0.0,46751544.0,1791169456620606.720	
2,Device,46751544.0,0.0,46751544.0,1791169456640609.792	
2,Device,46751544.0,0.0,46751544.0,1791169456660624.640	
2,Device,46751544.0,0.0,46751544.0,1791169456680610.816	
2,Device,46751544.0,0.0,46751544.0,1791169456700604.672	
2,Device,46751544.0,0.0,46751544.0,1791169456720610.816	
2,Device,46751544.0,0.0,46751544.0,1791169456740603.648	
2,Device,46751544.0,0.0,46751544.0,1791169456760607.744	
2,Device,46751544.0,0.0,46751544.0,1791169456780701.696	
2,Device,46751544.0,0.0,46751544.0,1791169456800604.672	
2,Device,46751544.0,0.0,46751544.0,1791169456820598.784	
2,Device,46751544.0,0.0,46751544.0,1791169456840601.856	
2,Device,46751544.0,0.0,46751544.0,1791169456860607.744	
2,Device,46751544.0,0.0,46751544.0,1791169456880610.816	
2,Device,46751544.0,0.0,46751544.0,1791169456900619.776	
2,Device,46751544.0,0.0,46751544.0,1791169456920597.760	
2,Device,46751544.0,0.0,46751544.0,1791169456940600.832	
2,Device,46751544.0,0.0,46751544.0,1791169456960611.840	
2,Device,46751544.0,0.0,46751544.0,1791169456980601.856	
2,Device,46751544.0,0.0,46751544.0,1791169457000698.880	
2,Device,46751544.0,0.0,46751544.0,1791169457020605.696	
2,Device,46751544.0,0.0,46751544.0,1791169457040605.696	
2,Device,46751544.0,0.0,46751544.0,1791169457060603.648	
2,Device,46751544.0,0.0,46751544.0,1791169457080605.696	
2,Device,46751544.0,0.0,46751544.0,1791169457100610.816	
2,Device,46751544.0,0.0,46751544.0,1791169457120602.880	
2,Device,46751544.0,0.0,46751544.0,1791169457140606.720	
2,Device,46751544.0,0.0,46751544.0,1791169457160599.808	
2,Device,46751544.0,0.0,46751544.0,1791169457180600.832	
2,Device,46751544.0,0.0,46751544.0,1791169457200602.880	
2,Device,46751544.0,0.0,46751544.0,1791169457220720.640	
2,Device,46751544.0,0.0,46751544.0,1791169457240599.808	
2,Device,46751544.0,0.0,46751544.0,1791169457260616.704	
2,Device,46751544.0,0.0,46751544.0,1791169457280604.672	
2,Device,46751544.0,0.0,46751544.0,1791169457300603.648	
2,Device,46751544.0,0.0,46751544.0,1791169457320610.816	
2,Device,46751544.0,0.0,46751544.0,1791169457340598.784	
2,Device,46751544.0,0.0,46751544.0,1791169457360599.808	
2,Device,46751544.0,0.0,46751544.0,1791169457380607.744	
2,Device,46751948.0,0.0,46751948.0,1791169457400714.752	
2,Device,46751948.0,0.0,46751948.0,1791169457420613.888	
2,Device,46751948.0,0.0,46751948.0,1791169457440768.768	
2,Device,46751948.0,0.0,46751948.0,1791169457460613.888	
2,Device,46751948.0,0.0,46751948.0,1791169457480596.736	
2,Device,46751768.0,0.0,46751768.0,1791169457500610.816	
2,Device,46751768.0,0.0,46751768.0,1791169457520655.872	
2,Device,46751768.0,0.0,46751768.0,1791169457540609.792	
2,Device,46751768.0,0.0,46751768.0,1791169457560599.808	
2,Device,46751768.0,0.0,46751768.0,1791169457580605.696	
2,Device,46751768.0,0.0,46751768.0,1791169457600603.648	
2,Device,46751768.0,0.0,46751768.0,1791169457620601.856	
2,Device,46751768.0,0.0,46751768.0,1791169457640604.672	
2,Device,46751768.0,0.0,46751768.0,1791169457660760.832	
2,Device,46751768.0,0.0,46751768.0,1791169457680599.808	
2,Device,46751768.0,0.0,46751768.0,1791169457700609.792	
2,Device,46751768.0,0.0,46751768.0,1791169457720599.808	
2,Device,46751768.0,0.0,46751768.0,1791169457740698.880	
2,Device,46751768.0,0.0,46751768.0,1791169457760600.832	
2,Device,46751768.0,0.0,46751768.0,1791169457780594.688	
2,Device,46751768.0,0.0,46751768.0,1791169457800605.696	
2,Device,46751768.0,0.0,46751768.0,1791169457820597.760	
2,Device,46751768.0,0.0,46751768.0,1791169457840611.840	
2,Device,46751768.0,0.0,46751768.0,1791169457860600.832	
2,Device,46751768.0,0.0,46751768.0,1791169457880615.680	
2,Device,46751768.0,0.0,46751768.0,1791169457900598.784	
2,Device,46751768.0,0.0,46751768.0,1791169457920612.864	
2,Device,46751768.0,0.0,46751768.0,1791169457940608.768	
2,Device,46751768.0,0.0,46751768.0,1791169457960729.856	
2,Device,46751768.0,0.0,46751768.0,1791169457980608.768	
2,Device,46751768.0,0.0,46751768.0,1791169458000613.888	
2,Device,46751768.0,0.0,46751768.0,1791169458020612.864	
2,Device,46751768.0,0.0,46751768.0,1791169458040624.640	
2,Device,46751768.0,0.0,46751768.0,1791169458060601.856	
2,Device,46751768.0,0.0,46751768.0,1791169458080612.864	
2,Device,46751768.0,0.0,46751768.0,1791169458100609.792	
2,Device,46751768.0,0.0,46751768.0,1791169458120613.888	
2,Device,46751768.0,0.0,46751768.0,1791169458140603.648	
2,Device,46751768.0,0.0,46751768.0,1791169458160603.648	
2,Device,46751768.0,0.0,46751768.0,1791169458180762.880	
2,Device,46751768.0,0.0,46751768.0,1791169458200605.696	
2,Device,46751768.0,0.0,46751768.0,1791169458220608.768	
2,Device,46751768.0,0.0,46751768.0,1791169458240639.744	
2,Device,46751768.0,0.0,46751768.0,1791169458260601.856	
2,Device,46751768.0,0.0,46751768.0,1791169458280608.768	
2,Device,46751768.0,0.0,46751768.0,1791169458300621.824	
2,Device,46751768.0,0.0,46751768.0,1791169458320607.744	
2,Device,46751768.0,0.0,46751768.0,1791169458340610.816	
2,Device,46751768.0,0.0,46751768.0,1791169458360608.768	
2,Device,46751768.0,0.0,46751768.0,1791169458380604.672	
2,Device,46751768.0,0.0,46751768.0,1791169458400768.768	
2,Device,46751768.0,0.0,46751768.0,1791169458420600.832	
2,Device,46751768.0,0.0,46751768.0,1791169458440610.816	
2,Device,46751768.0,0.0,46751768.0,1791169458460593.664	
2,Device,46751768.0,0.0,46751768.0,1791169458480663.808	
2,Device,46751768.0,0.0,46751768.0,1791169458500607.744	
2,Device,46751768.0,0.0,46751768.0,1791169458520596.736	
2,Device,46751768.0,0.0,46751768.0,1791169458540598.784	
2,Device,46751768.0,0.0,46751768.0,1791169458560595.712	
2,Device,46751768.0,0.0,46751768.0,1791169458580605.696	
2,Device,46751768.0,0.0,46751768.0,1791169458600611.840	
2,Device,46751768.0,0.0,46751768.0,1791169458620770.816	
2,Device,46751768.0,0.0,46751768.0,1791169458640610.816	
2,Device,46751768.0,0.0,46751768.0,1791169458660609.792	
2,Device,46751768.0,0.0,46751768.0,1791169458680596.736	
2,Device,46751768.0,0.0,46751768.0,1791169458700667.648	
2,Device,46751768.0,0.0,46751768.0,1791169458720615.680	
2,Device,46751768.0,0.0,46751768.0,1791169458740601.856	
2,Device,46751768.0,0.0,46751768.0,1791169458760598.784	
2,Device,46751768.0,0.0,46751768.0,1791169458780596.736	
2,Device,46751768.0,0.0,46751768.0,1791169458800600.832	
2,Device,46751768.0,0.0,46751768.0,1791169458820605.696	
2,Device,46751768.0,0.0,46751768.0,1791169458840774.656	
2,Device,46751768.0,0.0,46751768.0,1791169458860606.720	
2,Device,46751768.0,0.0,46751768.0,1791169458880602.880	
2,Device,46751768.0,0.0,46751768.0,1791169458900607.744	
2,Device,46751768.0,0.0,46751768.0,1791169458920677.888	
2,Device,46751768.0,0.0,46751768.0,1791169458940612.864	
2,Device,46751768.0,0.0,46751768.0,1791169458960610.816	
2,Device,46751768.0,0.0,46751768.0,1791169458980600.832	
2,Device,46751768.0,0.0,46751768.0,1791169459000608.768	
2,Device,46751768.0,0.0,46751768.0,1791169459020612.864	
2,Device,46751768.0,0.0,46751768.0,1791169459040616.704	
2,Device,46751768.0,0.0,46751768.0,1791169459060603.648	
2,Device,46751768.0,0.0,46751768.0,1791169459080606.720	
2,Device,46751768.0,0.0,46751768.0,1791169459100609.792	
2,Device,46751768.0,0.0,46751768.0,1791169459120607.744	
2,Device,46751768.0,0.0,46751768.0,1791169459140718.848	
2,Device,46751768.0,0.0,46751768.0,1791169459160596.736	
2,Device,46751768.0,0.0,46751768.0,1791169459180592.640	
2,Device,46751768.0,0.0,46751768.0,1791169459200613.888	
2,Device,46751768.0,0.0,46751768.0,1791169459220605.696	
2,Device,46751768.0,0.0,46751768.0,1791169459240600.832	
2,Device,46751768.0,0.0,46751768.0,1791169459260608.768	
2,Device,46751768.0,0.0,46751768.0,1791169459280601.856	
2,Device,46751768.0,0.0,46751768.0,1791169459300596.736	
2,Device,46751768.0,0.0,46751768.0,1791169459320607.744	
2,Device,46751768.0,0.0,46751768.0,1791169459340602.880	
2,Device,46751768.0,0.0,46751768.0,1791169459360767.744	
2,Device,46751516.0,0.0,46751516.0,1791169459380617.728	
2,Device,46751516.0,0.0,46751516.0,1791169459400600.832	
2,Device,46751516.0,0.0,46751516.0,1791169459420600.832	
2,Device,46751516.0,0.0,46751516.0,1791169459440628.736	
2,Device,46751516.0,0.0,46751516.0,1791169459460597.760	
2,Device,46751516.0,0.0,46751516.0,1791169459480607.744	
2,Device,46751516.0,0.0,46751516.0,1791169459500602.880	
2,Device,46751516.0,0.0,46751516.0,1791169459520598.784	
2,Device,46751516.0,0.0,46751516.0,1791169459540612.864	
2,Device,46751516.0,0.0,46751516.0,1791169459560597.760	
2,Device,46751516.0,0.0,46751516.0,1791169459580601.856	
2,Device,46751516.0,0.0,46751516.0,1791169459600606.720	
2,Device,46751516.0,0.0,46751516.0,1791169459620594.688	
2,Device,46751516.0,0.0,46751516.0,1791169459640603.648	
2,Device,46751516.0,0.0,46751516.0,1791169459660697.856	
2,Device,46751516.0,0.0,46751516.0,1791169459680602.880	
2,Device,46751516.0,0.0,46751516.0,1791169459700601.856	
2,Device,46751516.0,0.0,46751516.0,1791169459720598.784	
2,Device,46751516.0,0.0,46751516.0,1791169459740604.672	
2,Device,46751516.0,0.0,46751516.0,1791169459760595.712	
2,Device,46751516.0,0.0,46751516.0,1791169459780598.784	
2,Device,46751516.0,0.0,46751516.0,1791169459800600.832	
2,Device,46751516.0,0.0,46751516.0,1791169459820601.856	
2,Device,46751516.0,0.0,46751516.0,1791169459840605.696	
2,Device,46751516.0,0.0,46751516.0,1791169459860606.720	
2,Device,46751516.0,0.0,46751516.0,1791169459880730.880	
2,Device,46751516.0,0.0,46751516.0,1791169459900595.712	
2,Device,46751516.0,0.0,46751516.0,1791169459920613.888	
2,Device,46751516.0,0.0,46751516.0,1791169459940609.792	
2,Device,46751516.0,0.0,46751516.0,1791169459960604.672	
2,Device,46751516.0,0.0,46751516.0,1791169459980602.880	
2,Device,46751516.0,0.0,46751516.0,1791169460000608.768	
2,Device,46751516.0,0.0,46751516.0,1791169460020610.816	
2,Device,46751516.0,0.0,46751516.0,1791169460040614.656	
2,Device,46751516.0,0.0,46751516.0,1791169460060610.816	
2,Device,46751516.0,0.0,46751516.0,1791169460080604.672	
2,Device,46751516.0,0.0,46751516.0,1791169460100736.768	
2,Device,46751516.0,0.0,46751516.0,1791169460120607.744	
2,Device,46751516.0,0.0,46751516.0,1791169460140609.792	
2,Device,46751516.0,0.0,46751516.0,1791169460160610.816	
2,Device,46751516.0,0.0,46751516.0,1791169460180609.792	
2,Device,46751516.0,0.0,46751516.0,1791169460200608.768	
2,Device,46751516.0,0.0,46751516.0,1791169460220603.648	
2,Device,46751516.0,0.0,46751516.0,1791169460240614.656	
2,Device,46751516.0,0.0,46751516.0,1791169460260608.768	
2,Device,46751516.0,0.0,46751516.0,1791169460280603.648	
2,Device,46751516.0,0.0,46751516.0,1791169460300608.768	
2,Device,46751516.0,0.0,46751516.0,1791169460320757.760	
2,Device,46751516.0,0.0,46751516.0,1791169460340606.720	
2,Device,46751516.0,0.0,46751516.0,1791169460360610.816	
2,Device,46751516.0,0.0,46751516.0,1791169460380602.880	
2,Device,46751516.0,0.0,46751516.0,1791169460400604.672	
2,Device,46751516.0,0.0,46751516.0,1791169460420610.816	
2,Device,46751516.0,0.0,46751516.0,1791169460440600.832	
2,Device,46751516.0,0.0,46751516.0,1791169460460606.720	
2,Device,46751516.0,0.0,46751516.0,1791169460480599.808	
2,Device,46751516.0,0.0,46751516.0,1791169460500595.712	
2,Device,46751516.0,0.0,46751516.0,1791169460520606.720	
2,Device,46751516.0,0.0,46751516.0,1791169460540764.672	
2,Device,46751516.0,0.0,46751516.0,1791169460560609.792	
2,Device,46751516.0,0.0,46751516.0,1791169460580616.704	
2,Device,46751516.0,0.0,46751516.0,1791169460600613.888	
2,Device,46751516.0,0.0,46751516.0,1791169460620610.816	
2,Device,46751516.0,0.0,46751516.0,1791169460640598.784	
2,Device,46751516.0,0.0,46751516.0,1791169460660610.816	
2,Device,46751516.0,0.0,46751516.0,1791169460680602.880	
2,Device,46751516.0,0.0,46751516.0,1791169460700604.672	
2,Device,46751516.0,0.0,46751516.0,1791169460720608.768	
2,Device,46751516.0,0.0,46751516.0,1791169460740608.768	
2,Device,46751516.0,0.0,46751516.0,1791169460760774.656	
2,Device,46751516.0,0.0,46751516.0,1791169460780605.696	
2,Device,46751516.0,0.0,46751516.0,1791169460800602.880	
2,Device,46751516.0,0.0,46751516.0,1791169460820606.720	
2,Device,46751516.0,0.0,46751516.0,1791169460840623.872	
2,Device,46751516.0,0.0,46751516.0,1791169460860599.808	
2,Device,46751516.0,0.0,46751516.0,1791169460880617.728	
2,Device,46751516.0,0.0,46751516.0,1791169460900609.792	
2,Device,46751516.0,0.0,46751516.0,1791169460920599.808	
2,Device,46751516.0,0.0,46751516.0,1791169460940606.720	
2,Device,46751516.0,0.0,46751516.0,1791169460960597.760	
2,Device,46751516.0,0.0,46751516.0,1791169460980765.696	
2,Device,46751516.0,0.0,46751516.0,1791169461000605.696	
2,Device,46751516.0,0.0,46751516.0,1791169461020610.816	
2,Device,46751516.0,0.0,46751516.0,1791169461040615.680	
2,Device,46751516.0,0.0,46751516.0,1791169461060653.824	
2,Device,46751516.0,0.0,46751516.0,1791169461080603.648	
2,Device,46751516.0,0.0,46751516.0,1791169461100604.672	
2,Device,46751516.0,0.0,46751516.0,1791169461120602.880	
2,Device,46751516.0,0.0,46751516.0,1791169461140609.792	
2,Device,46751516.0,0.0,46751516.0,1791169461160620.800	
2,Device,46751516.0,0.0,46751516.0,1791169461180617.728	
2,Device,46751516.0,0.0,46751516.0,1791169461200610.816	
2,Device,46751516.0,0.0,46751516.0,1791169461220607.744	
2,Device,46751516.0,0.0,46751516.0,1791169461240605.696	
2,Device,46751516.0,0.0,46751516.0,1791169461260619.776	
2,Device,46751516.0,0.0,46751516.0,1791169461280743.680	
2,Device,46751516.0,0.0,46751516.0,1791169461300602.880	
2,Device,46751516.0,0.0,46751516.0,1791169461320612.864	
2,Device,46751516.0,0.0,46751516.0,1791169461340611.840	
2,Device,46751516.0,0.0,46751516.0,1791169461360606.720	
2,Device,46751516.0,0.0,46751516.0,1791169461380607.744	
2,Device,46751516.0,0.0,46751516.0,1791169461400612.864	
2,Device,46751516.0,0.0,46751516.0,1791169461420604.672	
2,Device,46751516.0,0.0,46751516.0,1791169461440605.696	
2,Device,46751516.0,0.0,46751516.0,1791169461460601.856	
2,Device,46751516.0,0.0,46751516.0,1791169461480599.808	
2,Device,46751516.0,0.0,46751516.0,1791169461500762.880	
2,Device,46751516.0,0.0,46751516.0,1791169461520612.864	
2,Device,46751516.0,0.0,46751516.0,1791169461540604.672	
2,Device,46751516.0,0.0,46751516.0,1791169461560597.760	
2,Device,46751516.0,0.0,46751516.0,1791169461580626.688	
2,Device,46751516.0,0.0,46751516.0,1791169461600634.880	
2,Device,46751516.0,0.0,46751516.0,1791169461620629.760	
2,Device,46751516.0,0.0,46751516.0,1791169461640625.664	
2,Device,46751516.0,0.0,46751516.0,1791169461660613.888	
2,Device,46751516.0,0.0,46751516.0,1791169461680607.744	
2,Device,46751516.0,0.0,46751516.0,1791169461700608.768	
2,Device,46751516.0,0.0,46751516.0,1791169461720775.680	
2,Device,46751516.0,0.0,46751516.0,1791169461740601.856	
2,Device,46751516.0,0.0,46751516.0,1791169461760612.864	
2,Device,46751516.0,0.0,46751516.0,1791169461780602.880	
2,Device,46751516.0,0.0,46751516.0,1791169461800668.672	
2,Device,46751516.0,0.0,46751516.0,1791169461820609.792	
2,Device,46751516.0,0.0,46751516.0,1791169461840608.768	
2,Device,46751516.0,0.0,46751516.0,1791169461860607.744	
2,Device,46751516.0,0.0,46751516.0,1791169461880602.880	
2,Device,46751516.0,0.0,46751516.0,1791169461900604.672	
2,Device,46751516.0,0.0,46751516.0,1791169461920598.784	
2,Device,46751516.0,0.0,46751516.0,1791169461940601.856	
2,Device,46751516.0,0.0,46751516.0,1791169461960597.760	
2,Device,46751516.0,0.0,46751516.0,1791169461980596.736	
2,Device,46751516.0,0.0,46751516.0,1791169462000605.696	
2,Device,46751516.0,0.0,46751516.0,1791169462020657.664	
2,Device,46751516.0,0.0,46751516.0,1791169462040613.888	
2,Device,46751516.0,0.0,46751516.0,1791169462060616.704	
2,Device,46751768.0,0.0,46751768.0,1791169462080610.816	
2,Device,46751768.0,0.0,46751768.0,1791169462100601.856	
2,Device,46751768.0,0.0,46751768.0,1791169462120602.880	
2,Device,46751768.0,0.0,46751768.0,1791169462140598.784	
2,Device,46751768.0,0.0,46751768.0,1791169462160769.792	
2,Device,46751768.0,0.0,46751768.0,1791169462180606.720	
2,Device,46751768.0,0.0,46751768.0,1791169462200601.856	
2,Device,46751768.0,0.0,46751768.0,1791169462220608.768	
2,Device,46751768.0,0.0,46751768.0,1791169462240658.688	
2,Device,46751768.0,0.0,46751768.0,1791169462260611.840	
2,Device,46751768.0,0.0,46751768.0,1791169462280609.792	
2,Device,46751768.0,0.0,46751768.0,1791169462300610.816	
2,Device,46751768.0,0.0,46751768.0,1791169462320611.840	
2,Device,46751768.0,0.0,46751768.0,1791169462340598.784	
2,Device,46751768.0,0.0,46751768.0,1791169462360598.784	
2,Device,46751516.0,0.0,46751516.0,1791169462380772.864	
2,Device,46751516.0,0.0,46751516.0,1791169462400598.784	
2,Device,46751516.0,0.0,46751516.0,1791169462420595.712	
2,Device,46751516.0,0.0,46751516.0,1791169462440606.720	
2,Device,46751516.0,0.0,46751516.0,1791169462460645.888	
2,Device,46751516.0,0.0,46751516.0,1791169462480614.656	
2,Device,46751516.0,0.0,46751516.0,1791169462500610.816	
2,Device,46751516.0,0.0,46751516.0,1791169462520600.832	
2,Device,46751516.0,0.0,46751516.0,1791169462540609.792	
2,Device,46751516.0,0.0,46751516.0,1791169462560601.856	
2,Device,46751516.0,0.0,46751516.0,1791169462580606.720	
2,Device,46751516.0,0.0,46751516.0,1791169462600599.808	
2,Device,46751516.0,0.0,46751516.0,1791169462620599.808	
2,Device,46751516.0,0.0,46751516.0,1791169462640613.888	
2,Device,46751516.0,0.0,46751516.0,1791169462660604.672	
2,Device,46751516.0,0.0,46751516.0,1791169462680702.720	
2,Device,46751516.0,0.0,46751516.0,1791169462700610.816	
2,Device,46751516.0,0.0,46751516.0,1791169462720607.744	
2,Device,46751516.0,0.0,46751516.0,1791169462740612.864	
2,Device,46751516.0,0.0,46751516.0,1791169462760606.720	
2,Device,46751516.0,0.0,46751516.0,1791169462780611.840	
2,Device,46751516.0,0.0,46751516.0,1791169462800600.832	
2,Device,46751516.0,0.0,46751516.0,1791169462820617.728	
2,Device,46751516.0,0.0,46751516.0,1791169462840597.760	
2,Device,46751516.0,0.0,46751516.0,1791169462860611.840	
2,Device,46751516.0,0.0,46751516.0,1791169462880611.840	
2,Device,46751516.0,0.0,46751516.0,1791169462900734.720	
2,Device,46751516.0,0.0,46751516.0,1791169462920609.792	
2,Device,46751516.0,0.0,46751516.0,1791169462940605.696	
2,Device,46751516.0,0.0,46751516.0,1791169462960608.768	
2,Device,46751516.0,0.0,46751516.0,1791169462980614.656	
2,Device,46751516.0,0.0,46751516.0,1791169463000600.832	
2,Device,46751516.0,0.0,46751516.0,1791169463020604.672	
2,Device,46751516.0,0.0,46751516.0,1791169463040607.744	
2,Device,46751516.0,0.0,46751516.0,1791169463060603.648	
2,Device,46751516.0,0.0,46751516.0,1791169463080603.648	
2,Device,46751516.0,0.0,46751516.0,1791169463100617.728	
2,Device,46751516.0,0.0,46751516.0,1791169463120768.768	
2,Device,46751516.0,0.0,46751516.0,1791169463140600.832	
2,Device,46751516.0,0.0,46751516.0,1791169463160615.680	
2,Device,46751516.0,0.0,46751516.0,1791169463180608.768	
2,Device,46751516.0,0.0,46751516.0,1791169463200600.832	
2,Device,46751516.0,0.0,46751516.0,1791169463220607.744	
2,Device,46751516.0,0.0,46751516.0,1791169463240595.712	
2,Device,46751516.0,0.0,46751516.0,1791169463260607.744	
2,Device,46751516.0,0.0,46751516.0,1791169463280597.760	
2,Device,46751516.0,0.0,46751516.0,1791169463300608.768	
2,Device,46751516.0,0.0,46751516.0,1791169463320605.696	
2,Device,46751516.0,0.0,46751516.0,1791169463340760.832	
2,Device,46751516.0,0.0,46751516.0,1791169463360608.768	
2,Device,46751516.0,0.0,46751516.0,1791169463380609.792	
2,Device,46751516.0,0.0,46751516.0,1791169463400608.768	
2,Device,46751516.0,0.0,46751516.0,1791169463420608.768	
2,Device,46751516.0,0.0,46751516.0,1791169463440596.736	
2,Device,46751516.0,0.0,46751516.0,1791169463460599.808	
2,Device,46751516.0,0.0,46751516.0,1791169463480619.776	
2,Device,46751516.0,0.0,46751516.0,1791169463500600.832	
2,Device,46751516.0,0.0,46751516.0,1791169463520604.672	
2,Device,46751516.0,0.0,46751516.0,1791169463540614.656	
2,Device,46751516.0,0.0,46751516.0,1791169463560766.720	
2,Device,46751516.0,0.0,46751516.0,1791169463580599.808	
2,Device,46751516.0,0.0,46751516.0,1791169463600607.744	
2,Device,46751516.0,0.0,46751516.0,1791169463620596.736	
2,Device,46751516.0,0.0,46751516.0,1791169463640649.728	
2,Device,46751516.0,0.0,46751516.0,1791169463660611.840	
2,Device,46751516.0,0.0,46751516.0,1791169463680614.656	
2,Device,46751516.0,0.0,46751516.0,1791169463700612.864	
2,Device,46751516.0,0.0,46751516.0,1791169463720606.720	
2,Device,46751516.0,0.0,46751516.0,1791169463740606.720	
2,Device,46751516.0,0.0,46751516.0,1791169463760607.744	
2,Device,46751516.0,0.0,46751516.0,1791169463780770.816	
2,Device,46751516.0,0.0,46751516.0,1791169463800614.656	
2,Device,46751516.0,0.0,46751516.0,1791169463820600.832	
2,Device,46751516.0,0.0,46751516.0,1791169463840612.864	
2,Device,46751516.0,0.0,46751516.0,1791169463860664.832	
2,Device,46751516.0,0.0,46751516.0,1791169463880615.680	
2,Device,46751516.0,0.0,46751516.0,1791169463900604.672	
2,Device,46751516.0,0.0,46751516.0,1791169463920598.784	
2,Device,46751516.0,0.0,46751516.0,1791169463940594.688	
2,Device,46751516.0,0.0,46751516.0,1791169463960593.664	
2,Device,46751516.0,0.0,46751516.0,1791169463980605.696	
2,Device,46751516.0,0.0,46751516.0,1791169464000767.744	
2,Device,46751516.0,0.0,46751516.0,1791169464020606.720	
2,Device,46751516.0,0.0,46751516.0,1791169464040607.744	
2,Device,46751516.0,0.0,46751516.0,1791169464060609.792	
2,Device,46751516.0,0.0,46751516.0,1791169464080613.888	
2,Device,46751516.0,0.0,46751516.0,1791169464100597.760	
2,Device,46751516.0,0.0,46751516.0,1791169464120609.792	
2,Device,46751516.0,0.0,46751516.0,1791169464140614.656	
2,Device,46751516.0,0.0,46751516.0,1791169464160601.856	
2,Device,46751516.0,0.0,46751516.0,1791169464180595.712	
2,Device,46751516.0,0.0,46751516.0,1791169464200592.640	
2,Device,46751516.0,0.0,46751516.0,1791169464220776.704	
2,Device,46751516.0,0.0,46751516.0,1791169464240601.856	
2,Device,46751516.0,0.0,46751516.0,1791169464260610.816	
2,Device,46751516.0,0.0,46751516.0,1791169464280599.808	
2,Device,46751516.0,0.0,46751516.0,1791169464300645.888	
2,Device,46751516.0,0.0,46751516.0,1791169464320605.696	
2,Device,46751516.0,0.0,46751516.0,1791169464340599.808	
2,Device,46751516.0,0.0,46751516.0,1791169464360598.784	
2,Device,46751516.0,0.0,46751516.0,1791169464380605.696	
2,Device,46750492.0,0.0,46750492.0,1791169464400605.696	
2,Device,46749468.0,0.0,46749468.0,1791169464420599.808	
2,Device,46748444.0,0.0,46748444.0,1791169464422049.792	
3,Device,46235796.0,0.0,46235796.0,1791169434402420.224	
3,Device,46236820.0,0.0,46236820.0,1791169434422287.360	
3,Device,46236820.0,0.0,46236820.0,1791169434442279.424	
3,Device,46237112.0,0.0,46237112.0,1791169434462278.400	
3,Device,46237112.0,0.0,46237112.0,1791169434482273.280	
3,Device,46237112.0,0.0,46237112.0,1791169434502274.304	
3,Device,46237112.0,0.0,46237112.0,1791169434522263.296	
3,Device,46237112.0,0.0,46237112.0,1791169434542278.400	
3,Device,46237112.0,0.0,46237112.0,1791169434562270.208	
3,Device,46237112.0,0.0,46237112.0,1791169434582275.328	
3,Device,46237112.0,0.0,46237112.0,1791169434602273.280	
3,Device,46237112.0,0.0,46237112.0,1791169434622273.280	
3,Device,46237112.0,0.0,46237112.0,1791169434642274.304	
3,Device,46237112.0,0.0,46237112.0,1791169434662271.232	
3,Device,46237112.0,0.0,46237112.0,1791169434682272.256	
3,Device,46237112.0,0.0,46237112.0,1791169434702267.392	
3,Device,46237112.0,0.0,46237112.0,1791169434722277.376	
3,Device,46237112.0,0.0,46237112.0,1791169434742275.328	
3,Device,46237112.0,0.0,46237112.0,1791169434762269.440	
3,Device,46237112.0,0.0,46237112.0,1791169434782274.304	
3,Device,46237112.0,0.0,46237112.0,1791169434802271.232	
3,Device,46237112.0,0.0,46237112.0,1791169434822269.440	
3,Device,46237112.0,0.0,46237112.0,1791169434842280.448	
3,Device,46237112.0,0.0,46237112.0,1791169434862268.416	
3,Device,46237112.0,0.0,46237112.0,1791169434882278.400	
3,Device,46237112.0,0.0,46237112.0,1791169434902278.400	
3,Device,46237112.0,0.0,46237112.0,1791169434922274.304	
3,Device,46237112.0,0.0,46237112.0,1791169434942271.232	
3,Device,46237112.0,0.0,46237112.0,1791169434962279.424	
3,Device,46237112.0,0.0,46237112.0,1791169434982265.344	
3,Device,46237112.0,0.0,46237112.0,1791169435002439.424	
3,Device,46237112.0,0.0,46237112.0,1791169435022267.392	
3,Device,46237112.0,0.0,46237112.0,1791169435042272.256	
3,Device,46237112.0,0.0,46237112.0,1791169435062268.416	
3,Device,46237112.0,0.0,46237112.0,1791169435082264.320	
3,Device,46237112.0,0.0,46237112.0,1791169435102267.392	
3,Device,46237112.0,0.0,46237112.0,1791169435122274.304	
3,Device,46237112.0,0.0,46237112.0,1791169435142274.304	
3,Device,46237112.0,0.0,46237112.0,1791169435162438.400	
3,Device,46237112.0,0.0,46237112.0,1791169435182272.256	
3,Device,46237112.0,0.0,46237112.0,1791169435202271.232	
3,Device,46237112.0,0.0,46237112.0,1791169435222258.432	
3,Device,46237112.0,0.0,46237112.0,1791169435242379.264	
3,Device,46237112.0,0.0,46237112.0,1791169435262276.352	
3,Device,46237112.0,0.0,46237112.0,1791169435282267.392	
3,Device,46237112.0,0.0,46237112.0,1791169435302269.440	
3,Device,46237112.0,0.0,46237112.0,1791169435322274.304	
3,Device,46237112.0,0.0,46237112.0,1791169435342272.256	
3,Device,46237112.0,0.0,46237112.0,1791169435362265.344	
3,Device,46237112.0,0.0,46237112.0,1791169435382271.232	
3,Device,46237112.0,0.0,46237112.0,1791169435402265.344	
3,Device,46237112.0,0.0,46237112.0,1791169435422266.368	
3,Device,46237112.0,0.0,46237112.0,1791169435442274.304	
3,Device,46237112.0,0.0,46237112.0,1791169435462268.416	
3,Device,46237112.0,0.0,46237112.0,1791169435482270.208	
3,Device,46237112.0,0.0,46237112.0,1791169435502288.384	
3,Device,46237112.0,0.0,46237112.0,1791169435522268.416	
3,Device,46237112.0,0.0,46237112.0,1791169435542265.344	
3,Device,46237112.0,0.0,46237112.0,1791169435562270.208	
3,Device,46237096.0,0.0,46237096.0,1791169435582264.320	
3,Device,46237096.0,0.0,46237096.0,1791169435602271.232	
3,Device,46237096.0,0.0,46237096.0,1791169435622267.392	
3,Device,46237096.0,0.0,46237096.0,1791169435642264.320	
3,Device,46237096.0,0.0,46237096.0,1791169435662276.352	
3,Device,46237096.0,0.0,46237096.0,1791169435682271.232	
3,Device,46237096.0,0.0,46237096.0,1791169435702269.440	
3,Device,46237096.0,0.0,46237096.0,1791169435722269.440	
3,Device,46237096.0,0.0,46237096.0,1791169435742277.376	
3,Device,46237096.0,0.0,46237096.0,1791169435762268.416	
3,Device,46237096.0,0.0,46237096.0,1791169435782272.256	
3,Device,46237096.0,0.0,46237096.0,1791169435802271.232	
3,Device,46237096.0,0.0,46237096.0,1791169435822273.280	
3,Device,46237096.0,0.0,46237096.0,1791169435842280.448	
3,Device,46237096.0,0.0,46237096.0,1791169435862455.296	
3,Device,46237096.0,0.0,46237096.0,1791169435882272.256	
3,Device,46237096.0,0.0,46237096.0,1791169435902273.280	
3,Device,46237096.0,0.0,46237096.0,1791169435922268.416	
3,Device,46237096.0,0.0,46237096.0,1791169435942274.304	
3,Device,46237096.0,0.0,46237096.0,1791169435962256.384	
3,Device,46237096.0,0.0,46237096.0,1791169435982278.400	
3,Device,46237096.0,0.0,46237096.0,1791169436002262.272	
3,Device,46237096.0,0.0,46237096.0,1791169436022421.248	
3,Device,46237096.0,0.0,46237096.0,1791169436042274.304	
3,Device,46237096.0,0.0,46237096.0,1791169436062272.256	
3,Device,46237096.0,0.0,46237096.0,1791169436082378.240	
3,Device,46237096.0,0.0,46237096.0,1791169436102362.368	
3,Device,46237096.0,0.0,46237096.0,1791169436122262.272	
3,Device,46237096.0,0.0,46237096.0,1791169436142264.320	
3,Device,46237096.0,0.0,46237096.0,1791169436162282.240	
3,Device,46237096.0,0.0,46237096.0,1791169436182371.328	
3,Device,46237096.0,0.0,46237096.0,1791169436202266.368	
3,Device,46237096.0,0.0,46237096.0,1791169436222283.264	
3,Device,46237096.0,0.0,46237096.0,1791169436242270.208	
3,Device,46237096.0,0.0,46237096.0,1791169436262266.368	
3,Device,46237096.0,0.0,46237096.0,1791169436282260.224	
3,Device,46237096.0,0.0,46237096.0,1791169436302275.328	
3,Device,46237096.0,0.0,46237096.0,1791169436322264.320	
3,Device,46237096.0,0.0,46237096.0,1791169436342282.240	
3,Device,46237096.0,0.0,46237096.0,1791169436362281.216	
3,Device,46237096.0,0.0,46237096.0,1791169436382267.392	
3,Device,46237096.0,0.0,46237096.0,1791169436402440.192	
3,Device,46237096.0,0.0,46237096.0,1791169436422264.320	
3,Device,46237096.0,0.0,46237096.0,1791169436442284.288	
3,Device,46237096.0,0.0,46237096.0,1791169436462263.296	
3,Device,46237096.0,0.0,46237096.0,1791169436482378.240	
3,Device,46237096.0,0.0,46237096.0,1791169436502312.448	
3,Device,46237096.0,0.0,46237096.0,1791169436522280.448	
3,Device,46237096.0,0.0,46237096.0,1791169436542262.272	
3,Device,46237096.0,0.0,46237096.0,1791169436562283.264	
3,Device,46237096.0,0.0,46237096.0,1791169436582271.232	
3,Device,46237096.0,0.0,46237096.0,1791169436602269.440	
3,Device,46237096.0,0.0,46237096.0,1791169436622265.344	
3,Device,46237096.0,0.0,46237096.0,1791169436642259.200	
3,Device,46237096.0,0.0,46237096.0,1791169436662270.208	
3,Device,46237096.0,0.0,46237096.0,1791169436682263.296	
3,Device,46237096.0,0.0,46237096.0,1791169436702482.432	
3,Device,46237096.0,0.0,46237096.0,1791169436722263.296	
3,Device,46237096.0,0.0,46237096.0,1791169436742292.224	
3,Device,46237096.0,0.0,46237096.0,1791169436762267.392	
3,Device,46237096.0,0.0,46237096.0,1791169436782273.280	
3,Device,46237096.0,0.0,46237096.0,1791169436802270.208	
3,Device,46237096.0,0.0,46237096.0,1791169436822307.328	
3,Device,46237096.0,0.0,46237096.0,1791169436842321.408	
3,Device,46237096.0,0.0,46237096.0,1791169436862344.192	
3,Device,46237096.0,0.0,46237096.0,1791169436882260.224	
3,Device,46237096.0,0.0,46237096.0,1791169436902272.256	
3,Device,46237096.0,0.0,46237096.0,1791169436922440.192	
3,Device,46237096.0,0.0,46237096.0,1791169436942315.264	
3,Device,46237096.0,0.0,46237096.0,1791169436962265.344	
3,Device,46237096.0,0.0,46237096.0,1791169436982265.344	
3,Device,46237096.0,0.0,46237096.0,1791169437002352.384	
3,Device,46237096.0,0.0,46237096.0,1791169437022260.224	
3,Device,46237096.0,0.0,46237096.0,1791169437042296.320	
3,Device,46237096.0,0.0,46237096.0,1791169437065187.328	
3,Device,46237096.0,0.0,46237096.0,1791169437082264.320	
3,Device,46237096.0,0.0,46237096.0,1791169437102271.232	
3,Device,46237096.0,0.0,46237096.0,1791169437122311.424	
3,Device,46237096.0,0.0,46237096.0,1791169437142435.328	
3,Device,46237096.0,0.0,46237096.0,1791169437162270.208	
3,Device,46237096.0,0.0,46237096.0,1791169437182276.352	
3,Device,46237096.0,0.0,46237096.0,1791169437202312.192	
3,Device,46237096.0,0.0,46237096.0,1791169437222324.224	
3,Device,46237096.0,0.0,46237096.0,1791169437242277.376	
3,Device,46237096.0,0.0,46237096.0,1791169437262326.272	
3,Device,46237096.0,0.0,46237096.0,1791169437282314.240	
3,Device,46237096.0,0.0,46237096.0,1791169437302277.376	
3,Device,46237096.0,0.0,46237096.0,1791169437322261.248	
3,Device,46237096.0,0.0,46237096.0,1791169437342313.216	
3,Device,46237096.0,0.0,46237096.0,1791169437362308.352	
3,Device,46238156.0,0.0,46238156.0,1791169437382951.424	
3,Device,46238560.0,0.0,46238560.0,1791169437403014.400	
3,Device,46237752.0,0.0,46237752.0,1791169437422279.424	
3,Device,46237752.0,0.0,46237752.0,1791169437442276.352	
3,Device,46237752.0,0.0,46237752.0,1791169437462272.256	
3,Device,46237752.0,0.0,46237752.0,1791169437482291.200	
3,Device,46237752.0,0.0,46237752.0,1791169437502276.352	
3,Device,46237752.0,0.0,46237752.0,1791169437522424.320	
3,Device,46237752.0,0.0,46237752.0,1791169437542288.384	
3,Device,46237752.0,0.0,46237752.0,1791169437562311.424	
3,Device,46237752.0,0.0,46237752.0,1791169437582262.272	
3,Device,46237752.0,0.0,46237752.0,1791169437602276.352	
3,Device,46237752.0,0.0,46237752.0,1791169437622262.272	
3,Device,46237752.0,0.0,46237752.0,1791169437642264.320	
3,Device,46237752.0,0.0,46237752.0,1791169437662262.272	
3,Device,46237752.0,0.0,46237752.0,1791169437682258.432	
3,Device,46237752.0,0.0,46237752.0,1791169437702263.296	
3,Device,46237752.0,0.0,46237752.0,1791169437722260.224	
3,Device,46237752.0,0.0,46237752.0,1791169437742430.208	
3,Device,46237752.0,0.0,46237752.0,1791169437762271.232	
3,Device,46237752.0,0.0,46237752.0,1791169437782261.248	
3,Device,46237752.0,0.0,46237752.0,1791169437802258.432	
3,Device,46237752.0,0.0,46237752.0,1791169437822300.416	
3,Device,46237752.0,0.0,46237752.0,1791169437842271.232	
3,Device,46237752.0,0.0,46237752.0,1791169437862270.208	
3,Device,46237752.0,0.0,46237752.0,1791169437882266.368	
3,Device,46237752.0,0.0,46237752.0,1791169437902270.208	
3,Device,46237752.0,0.0,46237752.0,1791169437922262.272	
3,Device,46237752.0,0.0,46237752.0,1791169437942267.392	
3,Device,46237752.0,0.0,46237752.0,1791169437962264.320	
3,Device,46237752.0,0.0,46237752.0,1791169437982262.272	
3,Device,46237752.0,0.0,46237752.0,1791169438002263.296	
3,Device,46237752.0,0.0,46237752.0,1791169438022262.272	
3,Device,46237752.0,0.0,46237752.0,1791169438042337.280	
3,Device,46237752.0,0.0,46237752.0,1791169438062255.360	
3,Device,46237752.0,0.0,46237752.0,1791169438082264.320	
3,Device,46237752.0,0.0,46237752.0,1791169438102264.320	
3,Device,46237752.0,0.0,46237752.0,1791169438122271.232	
3,Device,46237752.0,0.0,46237752.0,1791169438142259.200	
3,Device,46237752.0,0.0,46237752.0,1791169438162267.392	
3,Device,46237752.0,0.0,46237752.0,1791169438182260.224	
3,Device,46237752.0,0.0,46237752.0,1791169438202272.256	
3,Device,46237752.0,0.0,46237752.0,1791169438222269.440	
3,Device,46237752.0,0.0,46237752.0,1791169438242259.200	
3,Device,46237752.0,0.0,46237752.0,1791169438262420.224	
3,Device,46237752.0,0.0,46237752.0,1791169438282266.368	
3,Device,46237752.0,0.0,46237752.0,1791169438302267.392	
3,Device,46237752.0,0.0,46237752.0,1791169438322269.440	
3,Device,46237752.0,0.0,46237752.0,1791169438342268.416	
3,Device,46237752.0,0.0,46237752.0,1791169438362265.344	
3,Device,46237964.0,0.0,46237964.0,1791169438382258.432	
3,Device,46237964.0,0.0,46237964.0,1791169438402273.280	
3,Device,46237964.0,0.0,46237964.0,1791169438422259.200	
3,Device,46237964.0,0.0,46237964.0,1791169438442259.200	
3,Device,46237964.0,0.0,46237964.0,1791169438462263.296	
3,Device,46237964.0,0.0,46237964.0,1791169438482421.248	
3,Device,46237964.0,0.0,46237964.0,1791169438502271.232	
3,Device,46237964.0,0.0,46237964.0,1791169438522267.392	
3,Device,46237964.0,0.0,46237964.0,1791169438542268.416	
3,Device,46237964.0,0.0,46237964.0,1791169438562303.232	
3,Device,46237964.0,0.0,46237964.0,1791169438582258.432	
3,Device,46237964.0,0.0,46237964.0,1791169438602265.344	
3,Device,46237964.0,0.0,46237964.0,1791169438622262.272	
3,Device,46237964.0,0.0,46237964.0,1791169438642267.392	
3,Device,46237964.0,0.0,46237964.0,1791169438662283.264	
3,Device,46237964.0,0.0,46237964.0,1791169438682262.272	
3,Device,46237964.0,0.0,46237964.0,1791169438702311.424	
3,Device,46237964.0,0.0,46237964.0,1791169438722269.440	
3,Device,46237964.0,0.0,46237964.0,1791169438742262.272	
3,Device,46237964.0,0.0,46237964.0,1791169438762269.440	
3,Device,46237964.0,0.0,46237964.0,1791169438782441.216	
3,Device,46237964.0,0.0,46237964.0,1791169438802263.296	
3,Device,46237964.0,0.0,46237964.0,1791169438822266.368	
3,Device,46237964.0,0.0,46237964.0,1791169438842293.248	
3,Device,46237964.0,0.0,46237964.0,1791169438862287.360	
3,Device,46237964.0,0.0,46237964.0,1791169438882298.368	
3,Device,46237964.0,0.0,46237964.0,1791169438902586.368	
3,Device,46237964.0,0.0,46237964.0,1791169438922271.232	
3,Device,46237964.0,0.0,46237964.0,1791169438942264.320	
3,Device,46237964.0,0.0,46237964.0,1791169438962273.280	
3,Device,46237964.0,0.0,46237964.0,1791169438982287.360	
3,Device,46237964.0,0.0,46237964.0,1791169439002257.408	
3,Device,46237964.0,0.0,46237964.0,1791169439022261.248	
3,Device,46237964.0,0.0,46237964.0,1791169439042312.192	
3,Device,46237964.0,0.0,46237964.0,1791169439062262.272	
3,Device,46237964.0,0.0,46237964.0,1791169439082431.232	
3,Device,46237964.0,0.0,46237964.0,1791169439102260.224	
3,Device,46237964.0,0.0,46237964.0,1791169439122274.304	
3,Device,46237964.0,0.0,46237964.0,1791169439142288.384	
3,Device,46237964.0,0.0,46237964.0,1791169439162318.336	
3,Device,46237964.0,0.0,46237964.0,1791169439182268.416	
3,Device,46237964.0,0.0,46237964.0,1791169439202280.448	
3,Device,46237964.0,0.0,46237964.0,1791169439222287.360	
3,Device,46237964.0,0.0,46237964.0,1791169439242260.224	
3,Device,46237964.0,0.0,46237964.0,1791169439262274.304	
3,Device,46237964.0,0.0,46237964.0,1791169439282267.392	
3,Device,46237964.0,0.0,46237964.0,1791169439302253.312	
3,Device,46237964.0,0.0,46237964.0,1791169439322267.392	
3,Device,46237964.0,0.0,46237964.0,1791169439342340.352	
3,Device,46237712.0,0.0,46237712.0,1791169439362267.392	
3,Device,46237712.0,0.0,46237712.0,1791169439382423.296	
3,Device,46237712.0,0.0,46237712.0,1791169439402288.384	
3,Device,46237712.0,0.0,46237712.0,1791169439422264.320	
3,Device,46237712.0,0.0,46237712.0,1791169439442281.216	
3,Device,46237712.0,0.0,46237712.0,1791169439462330.368	
3,Device,46237712.0,0.0,46237712.0,1791169439482286.336	
3,Device,46237712.0,0.0,46237712.0,1791169439502275.328	
3,Device,46237712.0,0.0,46237712.0,1791169439522267.392	
3,Device,46237712.0,0.0,46237712.0,1791169439542314.240	
3,Device,46237712.0,0.0,46237712.0,1791169439562330.368	
3,Device,46237712.0,0.0,46237712.0,1791169439582263.296	
3,Device,46237460.0,0.0,46237460.0,1791169439602447.360	
3,Device,46237460.0,0.0,46237460.0,1791169439622258.432	
3,Device,46237460.0,0.0,46237460.0,1791169439642261.248	
3,Device,46237460.0,0.0,46237460.0,1791169439662269.440	
3,Device,46237460.0,0.0,46237460.0,1791169439682338.304	
3,Device,46237460.0,0.0,46237460.0,1791169439702310.400	
3,Device,46237460.0,0.0,46237460.0,1791169439722323.200	
3,Device,46237460.0,0.0,46237460.0,1791169439742339.328	
3,Device,46237460.0,0.0,46237460.0,1791169439762263.296	
3,Device,46237460.0,0.0,46237460.0,1791169439782312.448	
3,Device,46237460.0,0.0,46237460.0,1791169439802294.272	
3,Device,46237460.0,0.0,46237460.0,1791169439822332.416	
3,Device,46237460.0,0.0,46237460.0,1791169439842315.264	
3,Device,46237460.0,0.0,46237460.0,1791169439862262.272	
3,Device,46237460.0,0.0,46237460.0,1791169439882313.216	
3,Device,46237460.0,0.0,46237460.0,1791169439902267.392	
3,Device,46237460.0,0.0,46237460.0,1791169439922268.416	
3,Device,46237460.0,0.0,46237460.0,1791169439942273.280	
3,Device,46237460.0,0.0,46237460.0,1791169439962272.256	
3,Device,46237460.0,0.0,46237460.0,1791169439982458.368	
3,Device,46237460.0,0.0,46237460.0,1791169440002278.400	
3,Device,46237460.0,0.0,46237460.0,1791169440022260.224	
3,Device,46237460.0,0.0,46237460.0,1791169440042265.344	
3,Device,46237460.0,0.0,46237460.0,1791169440062273.280	
3,Device,46237460.0,0.0,46237460.0,1791169440082275.328	
3,Device,46237460.0,0.0,46237460.0,1791169440102265.344	
3,Device,46237460.0,0.0,46237460.0,1791169440122263.296	
3,Device,46237460.0,0.0,46237460.0,1791169440142302.208	
3,Device,46237460.0,0.0,46237460.0,1791169440162267.392	
3,Device,46237460.0,0.0,46237460.0,1791169440182280.192	
3,Device,46237460.0,0.0,46237460.0,1791169440202426.368	
3,Device,46237460.0,0.0,46237460.0,1791169440222273.280	
3,Device,46237460.0,0.0,46237460.0,1791169440242271.232	
3,Device,46237460.0,0.0,46237460.0,1791169440262274.304	
3,Device,46237460.0,0.0,46237460.0,1791169440282382.336	
3,Device,46237460.0,0.0,46237460.0,1791169440302313.216	
3,Device,46237460.0,0.0,46237460.0,1791169440322266.368	
3,Device,46237460.0,0.0,46237460.0,1791169440342281.216	
3,Device,46237460.0,0.0,46237460.0,1791169440362268.416	
3,Device,46237460.0,0.0,46237460.0,1791169440382264.320	
3,Device,46237460.0,0.0,46237460.0,1791169440402259.200	
3,Device,46238268.0,0.0,46238268.0,1791169440425119.232	
3,Device,46238672.0,0.0,46238672.0,1791169440442610.432	
3,Device,46238672.0,0.0,46238672.0,1791169440462276.352	
3,Device,46238264.0,0.0,46238264.0,1791169440482257.408	
3,Device,46238264.0,0.0,46238264.0,1791169440502268.416	
3,Device,46238264.0,0.0,46238264.0,1791169440522272.256	
3,Device,46238264.0,0.0,46238264.0,1791169440542265.344	
3,Device,46238264.0,0.0,46238264.0,1791169440562336.256	
3,Device,46238264.0,0.0,46238264.0,1791169440582524.416	
3,Device,46238264.0,0.0,46238264.0,1791169440602283.264	
3,Device,46238264.0,0.0,46238264.0,1791169440622264.320	
3,Device,46238264.0,0.0,46238264.0,1791169440642263.296	
3,Device,46238264.0,0.0,46238264.0,1791169440662292.224	
3,Device,46238264.0,0.0,46238264.0,1791169440682273.280	
3,Device,46238264.0,0.0,46238264.0,1791169440702267.392	
3,Device,46238264.0,0.0,46238264.0,1791169440722267.392	
3,Device,46238264.0,0.0,46238264.0,1791169440742263.296	
3,Device,46238264.0,0.0,46238264.0,1791169440762259.200	
3,Device,46238264.0,0.0,46238264.0,1791169440782260.224	
3,Device,46238264.0,0.0,46238264.0,1791169440802474.240	
3,Device,46238264.0,0.0,46238264.0,1791169440822325.248	
3,Device,46238264.0,0.0,46238264.0,1791169440842277.376	
3,Device,46238264.0,0.0,46238264.0,1791169440862295.296	
3,Device,46238264.0,0.0,46238264.0,1791169440882431.232	
3,Device,46238264.0,0.0,46238264.0,1791169440902264.320	
3,Device,46238264.0,0.0,46238264.0,1791169440922266.368	
3,Device,46238264.0,0.0,46238264.0,1791169440942281.216	
3,Device,46238264.0,0.0,46238264.0,1791169440962384.384	
3,Device,46238264.0,0.0,46238264.0,1791169440982287.360	
3,Device,46238264.0,0.0,46238264.0,1791169441002270.208	
3,Device,46238264.0,0.0,46238264.0,1791169441022302.208	
3,Device,46238264.0,0.0,46238264.0,1791169441042270.208	
3,Device,46238264.0,0.0,46238264.0,1791169441062274.304	
3,Device,46238264.0,0.0,46238264.0,1791169441082312.192	
3,Device,46238264.0,0.0,46238264.0,1791169441102309.376	
3,Device,46238264.0,0.0,46238264.0,1791169441122317.312	
3,Device,46238264.0,0.0,46238264.0,1791169441142266.368	
3,Device,46238264.0,0.0,46238264.0,1791169441162266.368	
3,Device,46238264.0,0.0,46238264.0,1791169441182283.264	
3,Device,46238264.0,0.0,46238264.0,1791169441202263.296	
3,Device,46238264.0,0.0,46238264.0,1791169441222368.256	
3,Device,46238264.0,0.0,46238264.0,1791169441242261.248	
3,Device,46238264.0,0.0,46238264.0,1791169441262365.440	
3,Device,46238264.0,0.0,46238264.0,1791169441282301.440	
3,Device,46238264.0,0.0,46238264.0,1791169441302264.320	
3,Device,46238264.0,0.0,46238264.0,1791169441322263.296	
3,Device,46238264.0,0.0,46238264.0,1791169441342266.368	
3,Device,46238264.0,0.0,46238264.0,1791169441362258.432	
3,Device,46237908.0,0.0,46237908.0,1791169441382266.368	
3,Device,46237908.0,0.0,46237908.0,1791169441402262.272	
3,Device,46237908.0,0.0,46237908.0,1791169441422264.320	
3,Device,46237908.0,0.0,46237908.0,1791169441442284.288	
3,Device,46237908.0,0.0,46237908.0,1791169441462302.208	
3,Device,46237908.0,0.0,46237908.0,1791169441482432.256	
3,Device,46237908.0,0.0,46237908.0,1791169441502276.352	
3,Device,46237908.0,0.0,46237908.0,1791169441522266.368	
3,Device,46237908.0,0.0,46237908.0,1791169441542308.352	
3,Device,46237908.0,0.0,46237908.0,1791169441562271.232	
3,Device,46237908.0,0.0,46237908.0,1791169441582269.440	
3,Device,46237908.0,0.0,46237908.0,1791169441602296.320	
3,Device,46237908.0,0.0,46237908.0,1791169441622311.424	
3,Device,46237908.0,0.0,46237908.0,1791169441642263.296	
3,Device,46237908.0,0.0,46237908.0,1791169441662267.392	
3,Device,46237908.0,0.0,46237908.0,1791169441682331.392	
3,Device,46237908.0,0.0,46237908.0,1791169441702457.344	
3,Device,46237908.0,0.0,46237908.0,1791169441722266.368	
3,Device,46237908.0,0.0,46237908.0,1791169441742264.320	
3,Device,46237908.0,0.0,46237908.0,1791169441762269.440	
3,Device,46237908.0,0.0,46237908.0,1791169441782357.248	
3,Device,46237908.0,0.0,46237908.0,1791169441802264.320	
3,Device,46237908.0,0.0,46237908.0,1791169441822264.320	
3,Device,46237908.0,0.0,46237908.0,1791169441842273.280	
3,Device,46237908.0,0.0,46237908.0,1791169441862266.368	
3,Device,46237908.0,0.0,46237908.0,1791169441882258.432	
3,Device,46237908.0,0.0,46237908.0,1791169441902339.328	
3,Device,46237908.0,0.0,46237908.0,1791169441922261.248	
3,Device,46237908.0,0.0,46237908.0,1791169441942288.384	
3,Device,46237908.0,0.0,46237908.0,1791169441962258.432	
3,Device,46237908.0,0.0,46237908.0,1791169441982308.352	
3,Device,46237908.0,0.0,46237908.0,1791169442002423.296	
3,Device,46237908.0,0.0,46237908.0,1791169442022300.416	
3,Device,46237908.0,0.0,46237908.0,1791169442042261.248	
3,Device,46237908.0,0.0,46237908.0,1791169442062266.368	
3,Device,46237908.0,0.0,46237908.0,1791169442082354.432	
3,Device,46237908.0,0.0,46237908.0,1791169442102259.200	
3,Device,46237908.0,0.0,46237908.0,1791169442122341.376	
3,Device,46237908.0,0.0,46237908.0,1791169442142284.288	
3,Device,46237908.0,0.0,46237908.0,1791169442162258.432	
3,Device,46237908.0,0.0,46237908.0,1791169442182315.264	
3,Device,46237908.0,0.0,46237908.0,1791169442202257.408	
3,Device,46237908.0,0.0,46237908.0,1791169442222273.280	
3,Device,46237908.0,0.0,46237908.0,1791169442242297.344	
3,Device,46237908.0,0.0,46237908.0,1791169442262263.296	
3,Device,46237908.0,0.0,46237908.0,1791169442282258.432	
3,Device,46237908.0,0.0,46237908.0,1791169442302448.384	
3,Device,46237908.0,0.0,46237908.0,1791169442322322.432	
3,Device,46237908.0,0.0,46237908.0,1791169442342294.272	
3,Device,46237908.0,0.0,46237908.0,1791169442362342.400	
3,Device,46237908.0,0.0,46237908.0,1791169442382333.440	
3,Device,46237908.0,0.0,46237908.0,1791169442402287.360	
3,Device,46237908.0,0.0,46237908.0,1791169442422319.360	
3,Device,46237908.0,0.0,46237908.0,1791169442442271.232	
3,Device,46237908.0,0.0,46237908.0,1791169442462283.264	
3,Device,46237908.0,0.0,46237908.0,1791169442482303.232	
3,Device,46237908.0,0.0,46237908.0,1791169442502329.344	
3,Device,46237908.0,0.0,46237908.0,1791169442522267.392	
3,Device,46237908.0,0.0,46237908.0,1791169442542279.424	
3,Device,46237908.0,0.0,46237908.0,1791169442562318.336	
3,Device,46237908.0,0.0,46237908.0,1791169442582271.232	
3,Device,46237908.0,0.0,46237908.0,1791169442602419.200	
3,Device,46237908.0,0.0,46237908.0,1791169442622267.392	
3,Device,46237908.0,0.0,46237908.0,1791169442642278.400	
3,Device,46237656.0,0.0,46237656.0,1791169442662306.304	
3,Device,46237656.0,0.0,46237656.0,1791169442682381.312	
3,Device,46237656.0,0.0,46237656.0,1791169442702260.224	
3,Device,46237656.0,0.0,46237656.0,1791169442722267.392	
3,Device,46237656.0,0.0,46237656.0,1791169442742304.256	
3,Device,46237656.0,0.0,46237656.0,1791169442762306.304	
3,Device,46237656.0,0.0,46237656.0,1791169442782263.296	
3,Device,46237656.0,0.0,46237656.0,1791169442802261.248	
3,Device,46237656.0,0.0,46237656.0,1791169442822312.448	
3,Device,46237656.0,0.0,46237656.0,1791169442842293.248	
3,Device,46237656.0,0.0,46237656.0,1791169442862267.392	
3,Device,46237656.0,0.0,46237656.0,1791169442882271.232	
3,Device,46237656.0,0.0,46237656.0,1791169442902447.360	
3,Device,46237656.0,0.0,46237656.0,1791169442922358.272	
3,Device,46237656.0,0.0,46237656.0,1791169442942262.272	
3,Device,46237656.0,0.0,46237656.0,1791169442962259.200	
3,Device,46237656.0,0.0,46237656.0,1791169442982345.216	
3,Device,46237656.0,0.0,46237656.0,1791169443002263.296	
3,Device,46237656.0,0.0,46237656.0,1791169443022325.248	
3,Device,46237656.0,0.0,46237656.0,1791169443042263.296	
3,Device,46237656.0,0.0,46237656.0,1791169443062273.280	
3,Device,46237656.0,0.0,46237656.0,1791169443082302.208	
3,Device,46237656.0,0.0,46237656.0,1791169443102304.256	
3,Device,46237656.0,0.0,46237656.0,1791169443122299.392	
3,Device,46237656.0,0.0,46237656.0,1791169443142259.200	
3,Device,46237656.0,0.0,46237656.0,1791169443162293.248	
3,Device,46237656.0,0.0,46237656.0,1791169443182313.216	
3,Device,46237656.0,0.0,46237656.0,1791169443202386.432	
3,Device,46237656.0,0.0,46237656.0,1791169443222265.344	
3,Device,46237656.0,0.0,46237656.0,1791169443242327.296	
3,Device,46237656.0,0.0,46237656.0,1791169443262288.384	
3,Device,46237656.0,0.0,46237656.0,1791169443282285.312	
3,Device,46237656.0,0.0,46237656.0,1791169443302266.368	
3,Device,46237656.0,0.0,46237656.0,1791169443322281.216	
3,Device,46237656.0,0.0,46237656.0,1791169443342259.200	
3,Device,46237656.0,0.0,46237656.0,1791169443362267.392	
3,Device,46237656.0,0.0,46237656.0,1791169443382272.256	
3,Device,46237656.0,0.0,46237656.0,1791169443402320.384	
3,Device,46237656.0,0.0,46237656.0,1791169443422454.272	
3,Device,46237656.0,0.0,46237656.0,1791169443442258.432	
3,Device,46237656.0,0.0,46237656.0,1791169443462258.432	
3,Device,46237656.0,0.0,46237656.0,1791169443482260.224	
3,Device,46237656.0,0.0,46237656.0,1791169443502433.280	
3,Device,46237656.0,0.0,46237656.0,1791169443522279.424	
3,Device,46237656.0,0.0,46237656.0,1791169443542261.248	
3,Device,46237656.0,0.0,46237656.0,1791169443562271.232	
3,Device,46237656.0,0.0,46237656.0,1791169443582291.200	
3,Device,46237656.0,0.0,46237656.0,1791169443602266.368	
3,Device,46237656.0,0.0,46237656.0,1791169443622325.248	
3,Device,46237656.0,0.0,46237656.0,1791169443642294.272	
3,Device,46237656.0,0.0,46237656.0,1791169443662321.408	
3,Device,46237656.0,0.0,46237656.0,1791169443682269.440	
3,Device,46237656.0,0.0,46237656.0,1791169443702329.344	
3,Device,46237656.0,0.0,46237656.0,1791169443722429.440	
3,Device,46237656.0,0.0,46237656.0,1791169443742262.272	
3,Device,46237656.0,0.0,46237656.0,1791169443762260.224	
3,Device,46237656.0,0.0,46237656.0,1791169443782309.376	
3,Device,46237656.0,0.0,46237656.0,1791169443802345.216	
3,Device,46237656.0,0.0,46237656.0,1791169443822266.368	
3,Device,46237656.0,0.0,46237656.0,1791169443842276.352	
3,Device,46237656.0,0.0,46237656.0,1791169443862256.384	
3,Device,46237656.0,0.0,46237656.0,1791169443882320.384	
3,Device,46237656.0,0.0,46237656.0,1791169443902305.280	
3,Device,46237656.0,0.0,46237656.0,1791169443922307.328	
3,Device,46237656.0,0.0,46237656.0,1791169443942307.328	
3,Device,46237656.0,0.0,46237656.0,1791169443962294.272	
3,Device,46237656.0,0.0,46237656.0,1791169443982269.440	
3,Device,46237656.0,0.0,46237656.0,1791169444002273.280	
3,Device,46237656.0,0.0,46237656.0,1791169444022496.256	
3,Device,46237656.0,0.0,46237656.0,1791169444042268.416	
3,Device,46237656.0,0.0,46237656.0,1791169444062264.320	
3,Device,46237656.0,0.0,46237656.0,1791169444082259.200	
3,Device,46237656.0,0.0,46237656.0,1791169444102289.408	
3,Device,46237656.0,0.0,46237656.0,1791169444122291.200	
3,Device,46237656.0,0.0,46237656.0,1791169444142302.208	
3,Device,46237656.0,0.0,46237656.0,1791169444162264.320	
3,Device,46237656.0,0.0,46237656.0,1791169444182264.320	
3,Device,46237656.0,0.0,46237656.0,1791169444202285.312	
3,Device,46237656.0,0.0,46237656.0,1791169444222319.360	
3,Device,46237656.0,0.0,46237656.0,1791169444242300.416	
3,Device,46237656.0,0.0,46237656.0,1791169444262272.256	
3,Device,46237656.0,0.0,46237656.0,1791169444282315.264	
3,Device,46237656.0,0.0,46237656.0,1791169444302317.312	
3,Device,46237656.0,0.0,46237656.0,1791169444322475.264	
3,Device,46237656.0,0.0,46237656.0,1791169444342266.368	
3,Device,46237656.0,0.0,46237656.0,1791169444362266.368	
3,Device,46237656.0,0.0,46237656.0,1791169444382269.440	
3,Device,46237656.0,0.0,46237656.0,1791169444402358.272	
3,Device,46237656.0,0.0,46237656.0,1791169444422257.408	
3,Device,46237656.0,0.0,46237656.0,1791169444442265.344	
3,Device,46237656.0,0.0,46237656.0,1791169444462262.272	
3,Device,46237656.0,0.0,46237656.0,1791169444482365.440	
3,Device,46237656.0,0.0,46237656.0,1791169444502269.440	
3,Device,46237656.0,0.0,46237656.0,1791169444522261.248	
3,Device,46237656.0,0.0,46237656.0,1791169444542345.216	
3,Device,46237656.0,0.0,46237656.0,1791169444562265.344	
3,Device,46237656.0,0.0,46237656.0,1791169444582303.232	
3,Device,46237656.0,0.0,46237656.0,1791169444602265.344	
3,Device,46237656.0,0.0,46237656.0,1791169444622271.232	
3,Device,46237656.0,0.0,46237656.0,1791169444642268.416	
3,Device,46237656.0,0.0,46237656.0,1791169444662267.392	
3,Device,46237656.0,0.0,46237656.0,1791169444682261.248	
3,Device,46237656.0,0.0,46237656.0,1791169444702368.256	
3,Device,46237656.0,0.0,46237656.0,1791169444722263.296	
3,Device,46237656.0,0.0,46237656.0,1791169444742313.216	
3,Device,46237656.0,0.0,46237656.0,1791169444762261.248	
3,Device,46237656.0,0.0,46237656.0,1791169444782274.304	
3,Device,46237656.0,0.0,46237656.0,1791169444802258.432	
3,Device,46237656.0,0.0,46237656.0,1791169444822273.280	
3,Device,46237656.0,0.0,46237656.0,1791169444842257.408	
3,Device,46237656.0,0.0,46237656.0,1791169444862274.304	
3,Device,46237656.0,0.0,46237656.0,1791169444882325.248	
3,Device,46237656.0,0.0,46237656.0,1791169444902261.248	
3,Device,46237656.0,0.0,46237656.0,1791169444922443.264	
3,Device,46237656.0,0.0,46237656.0,1791169444942269.440	
3,Device,46237656.0,0.0,46237656.0,1791169444962264.320	
3,Device,46237656.0,0.0,46237656.0,1791169444982487.296	
3,Device,46237656.0,0.0,46237656.0,1791169445002302.208	
3,Device,46237656.0,0.0,46237656.0,1791169445022271.232	
3,Device,46237656.0,0.0,46237656.0,1791169445042353.408	
3,Device,46237656.0,0.0,46237656.0,1791169445062265.344	
3,Device,46237656.0,0.0,46237656.0,1791169445082309.376	
3,Device,46237656.0,0.0,46237656.0,1791169445102298.368	
3,Device,46237656.0,0.0,46237656.0,1791169445122420.224	
3,Device,46237656.0,0.0,46237656.0,1791169445142261.248	
3,Device,46237656.0,0.0,46237656.0,1791169445162298.368	
3,Device,46237656.0,0.0,46237656.0,1791169445182325.248	
3,Device,46237656.0,0.0,46237656.0,1791169445202262.272	
3,Device,46237656.0,0.0,46237656.0,1791169445222399.232	
3,Device,46237656.0,0.0,46237656.0,1791169445242343.424	
3,Device,46237656.0,0.0,46237656.0,1791169445262270.208	
3,Device,46237656.0,0.0,46237656.0,1791169445282274.304	
3,Device,46237656.0,0.0,46237656.0,1791169445302270.208	
3,Device,46237656.0,0.0,46237656.0,1791169445322290.432	
3,Device,46237656.0,0.0,46237656.0,1791169445342312.448	
3,Device,46237656.0,0.0,46237656.0,1791169445362335.232	
3,Device,46237656.0,0.0,46237656.0,1791169445382278.400	
3,Device,46237656.0,0.0,46237656.0,1791169445402289.408	
3,Device,46237656.0,0.0,46237656.0,1791169445422305.280	
3,Device,46237656.0,0.0,46237656.0,1791169445442263.296	
3,Device,46237656.0,0.0,46237656.0,1791169445462264.320	
3,Device,46237656.0,0.0,46237656.0,1791169445482282.240	
3,Device,46237656.0,0.0,46237656.0,1791169445502341.376	
3,Device,46237656.0,0.0,46237656.0,1791169445522416.384	
3,Device,46237656.0,0.0,46237656.0,1791169445542269.440	
3,Device,46237656.0,0.0,46237656.0,1791169445562293.248	
3,Device,46237404.0,0.0,46237404.0,1791169445582266.368	
3,Device,46237404.0,0.0,46237404.0,1791169445602308.352	
3,Device,46237404.0,0.0,46237404.0,1791169445622265.344	
3,Device,46237404.0,0.0,46237404.0,1791169445642273.280	
3,Device,46237404.0,0.0,46237404.0,1791169445662265.344	
3,Device,46237404.0,0.0,46237404.0,1791169445682288.384	
3,Device,46237404.0,0.0,46237404.0,1791169445702270.208	
3,Device,46237404.0,0.0,46237404.0,1791169445722272.256	
3,Device,46237404.0,0.0,46237404.0,1791169445742273.280	
3,Device,46237404.0,0.0,46237404.0,1791169445762262.272	
3,Device,46237404.0,0.0,46237404.0,1791169445782268.416	
3,Device,46237404.0,0.0,46237404.0,1791169445802259.200	
3,Device,46237404.0,0.0,46237404.0,1791169445822388.224	
3,Device,46237404.0,0.0,46237404.0,1791169445842325.248	
3,Device,46237404.0,0.0,46237404.0,1791169445862262.272	
3,Device,46237404.0,0.0,46237404.0,1791169445882265.344	
3,Device,46237404.0,0.0,46237404.0,1791169445902269.440	
3,Device,46237404.0,0.0,46237404.0,1791169445922321.408	
3,Device,46237404.0,0.0,46237404.0,1791169445942292.224	
3,Device,46237404.0,0.0,46237404.0,1791169445962266.368	
3,Device,46237404.0,0.0,46237404.0,1791169445982265.344	
3,Device,46237404.0,0.0,46237404.0,1791169446002306.304	
3,Device,46237404.0,0.0,46237404.0,1791169446022262.272	
3,Device,46237404.0,0.0,46237404.0,1791169446042494.208	
3,Device,46237404.0,0.0,46237404.0,1791169446062263.296	
3,Device,46237404.0,0.0,46237404.0,1791169446082263.296	
3,Device,46237404.0,0.0,46237404.0,1791169446102263.296	
3,Device,46237404.0,0.0,46237404.0,1791169446122356.224	
3,Device,46237404.0,0.0,46237404.0,1791169446142269.440	
3,Device,46237404.0,0.0,46237404.0,1791169446162270.208	
3,Device,46237404.0,0.0,46237404.0,1791169446182305.280	
3,Device,46237404.0,0.0,46237404.0,1791169446202304.256	
3,Device,46237404.0,0.0,46237404.0,1791169446222260.224	
3,Device,46237404.0,0.0,46237404.0,1791169446242274.304	
3,Device,46237404.0,0.0,46237404.0,1791169446262300.416	
3,Device,46237404.0,0.0,46237404.0,1791169446282261.248	
3,Device,46237404.0,0.0,46237404.0,1791169446302296.320	
3,Device,46237404.0,0.0,46237404.0,1791169446322329.344	
3,Device,46237404.0,0.0,46237404.0,1791169446342458.368	
3,Device,46237404.0,0.0,46237404.0,1791169446362309.376	
3,Device,46237404.0,0.0,46237404.0,1791169446382273.280	
3,Device,46237404.0,0.0,46237404.0,1791169446402263.296	
3,Device,46237404.0,0.0,46237404.0,1791169446422259.200	
3,Device,46237404.0,0.0,46237404.0,1791169446442266.368	
3,Device,46237404.0,0.0,46237404.0,1791169446462263.296	
3,Device,46237404.0,0.0,46237404.0,1791169446482261.248	
3,Device,46237404.0,0.0,46237404.0,1791169446502265.344	
3,Device,46237404.0,0.0,46237404.0,1791169446522263.296	
3,Device,46237404.0,0.0,46237404.0,1791169446542265.344	
3,Device,46237404.0,0.0,46237404.0,1791169446562472.448	
3,Device,46237404.0,0.0,46237404.0,1791169446582299.392	
3,Device,46237404.0,0.0,46237404.0,1791169446602318.336	
3,Device,46237404.0,0.0,46237404.0,1791169446622260.224	
3,Device,46237404.0,0.0,46237404.0,1791169446642318.336	
3,Device,46237404.0,0.0,46237404.0,1791169446662335.232	
3,Device,46237404.0,0.0,46237404.0,1791169446682353.408	
3,Device,46237404.0,0.0,46237404.0,1791169446702322.432	
3,Device,46237404.0,0.0,46237404.0,1791169446722268.416	
3,Device,46237404.0,0.0,46237404.0,1791169446742272.256	
3,Device,46237404.0,0.0,46237404.0,1791169446762268.416	
3,Device,46237404.0,0.0,46237404.0,1791169446782270.208	
3,Device,46237404.0,0.0,46237404.0,1791169446802272.256	
3,Device,46237404.0,0.0,46237404.0,1791169446822277.376	
3,Device,46237404.0,0.0,46237404.0,1791169446842263.296	
3,Device,46237404.0,0.0,46237404.0,1791169446862432.256	
3,Device,46237404.0,0.0,46237404.0,1791169446882286.336	
3,Device,46237404.0,0.0,46237404.0,1791169446902270.208	
3,Device,46237404.0,0.0,46237404.0,1791169446922263.296	
3,Device,46237404.0,0.0,46237404.0,1791169446942328.320	
3,Device,46237404.0,0.0,46237404.0,1791169446962342.400	
3,Device,46237404.0,0.0,46237404.0,1791169446982327.296	
3,Device,46237404.0,0.0,46237404.0,1791169447002300.416	
3,Device,46237404.0,0.0,46237404.0,1791169447022323.200	
3,Device,46237404.0,0.0,46237404.0,1791169447042292.224	
3,Device,46237404.0,0.0,46237404.0,1791169447062265.344	
3,Device,46237404.0,0.0,46237404.0,1791169447082265.344	
3,Device,46237404.0,0.0,46237404.0,1791169447102266.368	
3,Device,46237404.0,0.0,46237404.0,1791169447122296.320	
3,Device,46237404.0,0.0,46237404.0,1791169447142263.296	
3,Device,46237404.0,0.0,46237404.0,1791169447162435.328	
3,Device,46237404.0,0.0,46237404.0,1791169447182276.352	
3,Device,46237404.0,0.0,46237404.0,1791169447202299.392	
3,Device,46237404.0,0.0,46237404.0,1791169447222284.288	
3,Device,46237404.0,0.0,46237404.0,1791169447242268.416	
3,Device,46237404.0,0.0,46237404.0,1791169447262270.208	
3,Device,46237404.0,0.0,46237404.0,1791169447282266.368	
3,Device,46237404.0,0.0,46237404.0,1791169447302272.256	
3,Device,46237404.0,0.0,46237404.0,1791169447322264.320	
3,Device,46237404.0,0.0,46237404.0,1791169447342276.352	
3,Device,46237404.0,0.0,46237404.0,1791169447362304.256	
3,Device,46238212.0,0.0,46238212.0,1791169447383043.328	
3,Device,46238616.0,0.0,46238616.0,1791169447403433.216	
3,Device,46238616.0,0.0,46238616.0,1791169447422406.400	
3,Device,46238616.0,0.0,46238616.0,1791169447442268.416	
3,Device,46238616.0,0.0,46238616.0,1791169447462479.360	
3,Device,46238616.0,0.0,46238616.0,1791169447482266.368	
3,Device,46238616.0,0.0,46238616.0,1791169447502321.408	
3,Device,46238616.0,0.0,46238616.0,1791169447522363.392	
3,Device,46238616.0,0.0,46238616.0,1791169447542320.384	
3,Device,46238616.0,0.0,46238616.0,1791169447562260.224	
3,Device,46238616.0,0.0,46238616.0,1791169447582306.304	
3,Device,46238616.0,0.0,46238616.0,1791169447602334.208	
3,Device,46238616.0,0.0,46238616.0,1791169447622293.248	
3,Device,46238616.0,0.0,46238616.0,1791169447642279.424	
3,Device,46238212.0,0.0,46238212.0,1791169447662317.312	
3,Device,46238212.0,0.0,46238212.0,1791169447682517.248	
3,Device,46238212.0,0.0,46238212.0,1791169447702270.208	
3,Device,46238212.0,0.0,46238212.0,1791169447722271.232	
3,Device,46238212.0,0.0,46238212.0,1791169447742522.368	
3,Device,46238212.0,0.0,46238212.0,1791169447762518.272	
3,Device,46238212.0,0.0,46238212.0,1791169447782263.296	
3,Device,46238212.0,0.0,46238212.0,1791169447802280.448	
3,Device,46238212.0,0.0,46238212.0,1791169447822274.304	
3,Device,46238212.0,0.0,46238212.0,1791169447842253.312	
3,Device,46238212.0,0.0,46238212.0,1791169447862257.408	
3,Device,46238212.0,0.0,46238212.0,1791169447882264.320	
3,Device,46238212.0,0.0,46238212.0,1791169447902300.416	
3,Device,46238212.0,0.0,46238212.0,1791169447922298.368	
3,Device,46238212.0,0.0,46238212.0,1791169447942269.440	
3,Device,46238212.0,0.0,46238212.0,1791169447962265.344	
3,Device,46238212.0,0.0,46238212.0,1791169447982259.200	
3,Device,46238212.0,0.0,46238212.0,1791169448002263.296	
3,Device,46238212.0,0.0,46238212.0,1791169448022264.320	
3,Device,46238212.0,0.0,46238212.0,1791169448042268.416	
3,Device,46238212.0,0.0,46238212.0,1791169448062384.384	
3,Device,46238212.0,0.0,46238212.0,1791169448082266.368	
3,Device,46238212.0,0.0,46238212.0,1791169448102267.392	
3,Device,46238212.0,0.0,46238212.0,1791169448122266.368	
3,Device,46238212.0,0.0,46238212.0,1791169448142268.416	
3,Device,46238212.0,0.0,46238212.0,1791169448162281.216	
3,Device,46238212.0,0.0,46238212.0,1791169448182316.288	
3,Device,46238212.0,0.0,46238212.0,1791169448202262.272	
3,Device,46238212.0,0.0,46238212.0,1791169448222259.200	
3,Device,46238212.0,0.0,46238212.0,1791169448242326.272	
3,Device,46238212.0,0.0,46238212.0,1791169448262269.440	
3,Device,46238212.0,0.0,46238212.0,1791169448282455.296	
3,Device,46238212.0,0.0,46238212.0,1791169448302268.416	
3,Device,46238212.0,0.0,46238212.0,1791169448322299.392	
3,Device,46238212.0,0.0,46238212.0,1791169448342303.232	
3,Device,46238124.0,0.0,46238124.0,1791169448362332.416	
3,Device,46238124.0,0.0,46238124.0,1791169448382264.320	
3,Device,46238124.0,0.0,46238124.0,1791169448402264.320	
3,Device,46238124.0,0.0,46238124.0,1791169448422260.224	
3,Device,46238124.0,0.0,46238124.0,1791169448442307.328	
3,Device,46238124.0,0.0,46238124.0,1791169448462281.216	
3,Device,46238124.0,0.0,46238124.0,1791169448482257.408	
3,Device,46238124.0,0.0,46238124.0,1791169448502294.272	
3,Device,46238124.0,0.0,46238124.0,1791169448522270.208	
3,Device,46238124.0,0.0,46238124.0,1791169448542331.392	
3,Device,46238124.0,0.0,46238124.0,1791169448562262.272	
3,Device,46238124.0,0.0,46238124.0,1791169448582440.448	
3,Device,46238124.0,0.0,46238124.0,1791169448602305.280	
3,Device,46238124.0,0.0,46238124.0,1791169448622321.408	
3,Device,46238124.0,0.0,46238124.0,1791169448642341.376	
3,Device,46238124.0,0.0,46238124.0,1791169448662303.232	
3,Device,46238124.0,0.0,46238124.0,1791169448682264.320	
3,Device,46238124.0,0.0,46238124.0,1791169448702286.336	
3,Device,46238124.0,0.0,46238124.0,1791169448722339.328	
3,Device,46238124.0,0.0,46238124.0,1791169448742307.328	
3,Device,46238124.0,0.0,46238124.0,1791169448762284.288	
3,Device,46238124.0,0.0,46238124.0,1791169448782270.208	
3,Device,46238124.0,0.0,46238124.0,1791169448802264.320	
3,Device,46238124.0,0.0,46238124.0,1791169448822266.368	
3,Device,46238124.0,0.0,46238124.0,1791169448842314.240	
3,Device,46238124.0,0.0,46238124.0,1791169448862326.272	
3,Device,46238124.0,0.0,46238124.0,1791169448882447.360	
3,Device,46238124.0,0.0,46238124.0,1791169448902263.296	
3,Device,46238124.0,0.0,46238124.0,1791169448922316.288	
3,Device,46238124.0,0.0,46238124.0,1791169448942280.192	
3,Device,46238124.0,0.0,46238124.0,1791169448962338.304	
3,Device,46238124.0,0.0,46238124.0,1791169448982309.376	
3,Device,46238124.0,0.0,46238124.0,1791169449002275.328	
3,Device,46238124.0,0.0,46238124.0,1791169449022290.432	
3,Device,46238124.0,0.0,46238124.0,1791169449042312.192	
3,Device,46238124.0,0.0,46238124.0,1791169449062269.440	
3,Device,46238124.0,0.0,46238124.0,1791169449082261.248	
3,Device,46238124.0,0.0,46238124.0,1791169449102265.344	
3,Device,46238124.0,0.0,46238124.0,1791169449122333.440	
3,Device,46238124.0,0.0,46238124.0,1791169449142279.424	
3,Device,46238124.0,0.0,46238124.0,1791169449162278.400	
3,Device,46238124.0,0.0,46238124.0,1791169449182461.440	
3,Device,46238124.0,0.0,46238124.0,1791169449202273.280	
3,Device,46238124.0,0.0,46238124.0,1791169449222298.368	
3,Device,46238124.0,0.0,46238124.0,1791169449242260.224	
3,Device,46238124.0,0.0,46238124.0,1791169449262313.216	
3,Device,46238124.0,0.0,46238124.0,1791169449282263.296	
3,Device,46238124.0,0.0,46238124.0,1791169449302280.192	
3,Device,46238124.0,0.0,46238124.0,1791169449322322.432	
3,Device,46238124.0,0.0,46238124.0,1791169449342263.296	
3,Device,46238124.0,0.0,46238124.0,1791169449362261.248	
3,Device,46238124.0,0.0,46238124.0,1791169449382326.272	
3,Device,46238124.0,0.0,46238124.0,1791169449402282.240	
3,Device,46238124.0,0.0,46238124.0,1791169449422271.232	
3,Device,46238124.0,0.0,46238124.0,1791169449442255.360	
3,Device,46238124.0,0.0,46238124.0,1791169449462325.248	
3,Device,46238376.0,0.0,46238376.0,1791169449482486.272	
3,Device,46238376.0,0.0,46238376.0,1791169449502281.216	
3,Device,46238376.0,0.0,46238376.0,1791169449522267.392	
3,Device,46238376.0,0.0,46238376.0,1791169449542259.200	
3,Device,46238376.0,0.0,46238376.0,1791169449562319.360	
3,Device,46238376.0,0.0,46238376.0,1791169449582336.256	
3,Device,46238124.0,0.0,46238124.0,1791169449602267.392	
3,Device,46238124.0,0.0,46238124.0,1791169449622361.344	
3,Device,46238124.0,0.0,46238124.0,1791169449642325.248	
3,Device,46238124.0,0.0,46238124.0,1791169449662264.320	
3,Device,46238124.0,0.0,46238124.0,1791169449682320.384	
3,Device,46238124.0,0.0,46238124.0,1791169449702305.280	
3,Device,46238124.0,0.0,46238124.0,1791169449722261.248	
3,Device,46238124.0,0.0,46238124.0,1791169449742314.240	
3,Device,46238124.0,0.0,46238124.0,1791169449762295.296	
3,Device,46238124.0,0.0,46238124.0,1791169449782456.320	
3,Device,46238124.0,0.0,46238124.0,1791169449802265.344	
3,Device,46238124.0,0.0,46238124.0,1791169449822330.368	
3,Device,46238124.0,0.0,46238124.0,1791169449842259.200	
3,Device,46238124.0,0.0,46238124.0,1791169449862307.328	
3,Device,46238124.0,0.0,46238124.0,1791169449882269.440	
3,Device,46238124.0,0.0,46238124.0,1791169449902267.392	
3,Device,46238124.0,0.0,46238124.0,1791169449922281.216	
3,Device,46238124.0,0.0,46238124.0,1791169449942263.296	
3,Device,46238124.0,0.0,46238124.0,1791169449962266.368	
3,Device,46238124.0,0.0,46238124.0,1791169449982270.208	
3,Device,46238124.0,0.0,46238124.0,1791169450002472.448	
3,Device,46238124.0,0.0,46238124.0,1791169450022266.368	
3,Device,46238124.0,0.0,46238124.0,1791169450042268.416	
3,Device,46238124.0,0.0,46238124.0,1791169450062309.376	
3,Device,46238124.0,0.0,46238124.0,1791169450082387.200	
3,Device,46238124.0,0.0,46238124.0,1791169450102259.200	
3,Device,46238124.0,0.0,46238124.0,1791169450122261.248	
3,Device,46238124.0,0.0,46238124.0,1791169450142260.224	
3,Device,46238124.0,0.0,46238124.0,1791169450162263.296	
3,Device,46238124.0,0.0,46238124.0,1791169450182323.200	
3,Device,46238124.0,0.0,46238124.0,1791169450202260.224	
3,Device,46238124.0,0.0,46238124.0,1791169450222270.208	
3,Device,46238124.0,0.0,46238124.0,1791169450242262.272	
3,Device,46238124.0,0.0,46238124.0,1791169450262294.272	
3,Device,46238124.0,0.0,46238124.0,1791169450282275.328	
3,Device,46238124.0,0.0,46238124.0,1791169450302432.256	
3,Device,46238124.0,0.0,46238124.0,1791169450322264.320	
3,Device,46238124.0,0.0,46238124.0,1791169450342318.336	
3,Device,46238124.0,0.0,46238124.0,1791169450362299.392	
3,Device,46238124.0,0.0,46238124.0,1791169450382433.280	
3,Device,46238124.0,0.0,46238124.0,1791169450402270.208	
3,Device,46238124.0,0.0,46238124.0,1791169450422263.296	
3,Device,46238124.0,0.0,46238124.0,1791169450442255.360	
3,Device,46238124.0,0.0,46238124.0,1791169450462268.416	
3,Device,46238124.0,0.0,46238124.0,1791169450482256.384	
3,Device,46238124.0,0.0,46238124.0,1791169450502277.376	
3,Device,46238124.0,0.0,46238124.0,1791169450522298.368	
3,Device,46238124.0,0.0,46238124.0,1791169450542258.432	
3,Device,46238124.0,0.0,46238124.0,1791169450562258.432	
3,Device,46238124.0,0.0,46238124.0,1791169450582260.224	
3,Device,46238124.0,0.0,46238124.0,1791169450602430.208	
3,Device,46238124.0,0.0,46238124.0,1791169450622270.208	
3,Device,46238376.0,0.0,46238376.0,1791169450642270.208	
3,Device,46238376.0,0.0,46238376.0,1791169450662265.344	
3,Device,46238376.0,0.0,46238376.0,1791169450682403.328	
3,Device,46238376.0,0.0,46238376.0,1791169450702272.256	
3,Device,46238376.0,0.0,46238376.0,1791169450722263.296	
3,Device,46238376.0,0.0,46238376.0,1791169450742313.216	
3,Device,46238376.0,0.0,46238376.0,1791169450762324.224	
3,Device,46238376.0,0.0,46238376.0,1791169450782258.432	
3,Device,46238376.0,0.0,46238376.0,1791169450802287.360	
3,Device,46238376.0,0.0,46238376.0,1791169450822268.416	
3,Device,46238376.0,0.0,46238376.0,1791169450842270.208	
3,Device,46238376.0,0.0,46238376.0,1791169450862285.312	
3,Device,46238376.0,0.0,46238376.0,1791169450882269.440	
3,Device,46238376.0,0.0,46238376.0,1791169450902430.208	
3,Device,46238376.0,0.0,46238376.0,1791169450922282.240	
3,Device,46238376.0,0.0,46238376.0,1791169450942261.248	
3,Device,46238376.0,0.0,46238376.0,1791169450962337.280	
3,Device,46238376.0,0.0,46238376.0,1791169450982320.384	
3,Device,46238376.0,0.0,46238376.0,1791169451002275.328	
3,Device,46238376.0,0.0,46238376.0,1791169451022265.344	
3,Device,46238376.0,0.0,46238376.0,1791169451042311.424	
3,Device,46238376.0,0.0,46238376.0,1791169451062263.296	
3,Device,46238376.0,0.0,46238376.0,1791169451082266.368	
3,Device,46238376.0,0.0,46238376.0,1791169451102299.392	
3,Device,46238376.0,0.0,46238376.0,1791169451122264.320	
3,Device,46238376.0,0.0,46238376.0,1791169451142258.432	
3,Device,46238376.0,0.0,46238376.0,1791169451162260.224	
3,Device,46238376.0,0.0,46238376.0,1791169451182316.288	
3,Device,46238376.0,0.0,46238376.0,1791169451202427.392	
3,Device,46238376.0,0.0,46238376.0,1791169451222263.296	
3,Device,46238376.0,0.0,46238376.0,1791169451242263.296	
3,Device,46238376.0,0.0,46238376.0,1791169451262279.424	
3,Device,46238376.0,0.0,46238376.0,1791169451282280.448	
3,Device,46238648.0,0.0,46238648.0,1791169451302297.344	
3,Device,46238648.0,0.0,46238648.0,1791169451322330.368	
3,Device,46238648.0,0.0,46238648.0,1791169451342258.432	
3,Device,46238648.0,0.0,46238648.0,1791169451362327.296	
3,Device,46238648.0,0.0,46238648.0,1791169451382270.208	
3,Device,46238648.0,0.0,46238648.0,1791169451402257.408	
3,Device,46238648.0,0.0,46238648.0,1791169451422430.208	
3,Device,46238648.0,0.0,46238648.0,1791169451442300.416	
3,Device,46238648.0,0.0,46238648.0,1791169451462270.208	
3,Device,46238648.0,0.0,46238648.0,1791169451482253.312	
3,Device,46238648.0,0.0,46238648.0,1791169451502318.336	
3,Device,46238648.0,0.0,46238648.0,1791169451522268.416	
3,Device,46238648.0,0.0,46238648.0,1791169451542274.304	
3,Device,46238648.0,0.0,46238648.0,1791169451562311.424	
3,Device,46238648.0,0.0,46238648.0,1791169451582268.416	
3,Device,46238648.0,0.0,46238648.0,1791169451602263.296	
3,Device,46238648.0,0.0,46238648.0,1791169451622271.232	
3,Device,46238648.0,0.0,46238648.0,1791169451642296.320	
3,Device,46238648.0,0.0,46238648.0,1791169451662271.232	
3,Device,46238648.0,0.0,46238648.0,1791169451682295.296	
3,Device,46238648.0,0.0,46238648.0,1791169451702277.376	
3,Device,46238648.0,0.0,46238648.0,1791169451722371.328	
3,Device,46238648.0,0.0,46238648.0,1791169451742284.288	
3,Device,46238648.0,0.0,46238648.0,1791169451762259.200	
3,Device,46238648.0,0.0,46238648.0,1791169451782268.416	
3,Device,46238648.0,0.0,46238648.0,1791169451802262.272	
3,Device,46238648.0,0.0,46238648.0,1791169451822281.216	
3,Device,46238648.0,0.0,46238648.0,1791169451842363.392	
3,Device,46238648.0,0.0,46238648.0,1791169451862278.400	
3,Device,46238648.0,0.0,46238648.0,1791169451882260.224	
3,Device,46238648.0,0.0,46238648.0,1791169451902279.424	
3,Device,46238648.0,0.0,46238648.0,1791169451922267.392	
3,Device,46238648.0,0.0,46238648.0,1791169451942432.256	
3,Device,46238648.0,0.0,46238648.0,1791169451962274.304	
3,Device,46238648.0,0.0,46238648.0,1791169451982300.416	
3,Device,46238648.0,0.0,46238648.0,1791169452002314.240	
3,Device,46238648.0,0.0,46238648.0,1791169452022268.416	
3,Device,46238648.0,0.0,46238648.0,1791169452042309.376	
3,Device,46238648.0,0.0,46238648.0,1791169452062261.248	
3,Device,46238648.0,0.0,46238648.0,1791169452082257.408	
3,Device,46238648.0,0.0,46238648.0,1791169452102270.208	
3,Device,46238648.0,0.0,46238648.0,1791169452122276.352	
3,Device,46238648.0,0.0,46238648.0,1791169452142261.248	
3,Device,46238648.0,0.0,46238648.0,1791169452162505.216	
3,Device,46238648.0,0.0,46238648.0,1791169452182263.296	
3,Device,46238648.0,0.0,46238648.0,1791169452202287.360	
3,Device,46238648.0,0.0,46238648.0,1791169452222258.432	
3,Device,46238648.0,0.0,46238648.0,1791169452242286.336	
3,Device,46238648.0,0.0,46238648.0,1791169452262280.192	
3,Device,46238648.0,0.0,46238648.0,1791169452282261.248	
3,Device,46238648.0,0.0,46238648.0,1791169452302307.328	
3,Device,46238648.0,0.0,46238648.0,1791169452322276.352	
3,Device,46238648.0,0.0,46238648.0,1791169452342264.320	
3,Device,46238648.0,0.0,46238648.0,1791169452362263.296	
3,Device,46238648.0,0.0,46238648.0,1791169452382432.256	
3,Device,46238648.0,0.0,46238648.0,1791169452402309.376	
3,Device,46238648.0,0.0,46238648.0,1791169452422261.248	
3,Device,46238648.0,0.0,46238648.0,1791169452442262.272	
3,Device,46238648.0,0.0,46238648.0,1791169452462337.280	
3,Device,46238648.0,0.0,46238648.0,1791169452482309.376	
3,Device,46238648.0,0.0,46238648.0,1791169452502298.368	
3,Device,46238648.0,0.0,46238648.0,1791169452522258.432	
3,Device,46238648.0,0.0,46238648.0,1791169452543488.256	
3,Device,46238648.0,0.0,46238648.0,1791169452562287.360	
3,Device,46238648.0,0.0,46238648.0,1791169452582271.232	
3,Device,46238648.0,0.0,46238648.0,1791169452602465.280	
3,Device,46238648.0,0.0,46238648.0,1791169452622274.304	
3,Device,46238648.0,0.0,46238648.0,1791169452642326.272	
3,Device,46238648.0,0.0,46238648.0,1791169452662271.232	
3,Device,46238648.0,0.0,46238648.0,1791169452682387.200	
3,Device,46238648.0,0.0,46238648.0,1791169452702263.296	
3,Device,46238648.0,0.0,46238648.0,1791169452722268.416	
3,Device,46238648.0,0.0,46238648.0,1791169452742285.312	
3,Device,46238648.0,0.0,46238648.0,1791169452762270.208	
3,Device,46238648.0,0.0,46238648.0,1791169452782263.296	
3,Device,46238648.0,0.0,46238648.0,1791169452802272.256	
3,Device,46238648.0,0.0,46238648.0,1791169452822291.200	
3,Device,46238648.0,0.0,46238648.0,1791169452842411.264	
3,Device,46238648.0,0.0,46238648.0,1791169452862270.208	
3,Device,46238648.0,0.0,46238648.0,1791169452882272.256	
3,Device,46238648.0,0.0,46238648.0,1791169452902425.344	
3,Device,46238648.0,0.0,46238648.0,1791169452922297.344	
3,Device,46238648.0,0.0,46238648.0,1791169452942257.408	
3,Device,46238648.0,0.0,46238648.0,1791169452962263.296	
3,Device,46238648.0,0.0,46238648.0,1791169452982298.368	
3,Device,46238648.0,0.0,46238648.0,1791169453002262.272	
3,Device,46238648.0,0.0,46238648.0,1791169453022263.296	
3,Device,46238648.0,0.0,46238648.0,1791169453042261.248	
3,Device,46238648.0,0.0,46238648.0,1791169453062377.216	
3,Device,46238648.0,0.0,46238648.0,1791169453082307.328	
3,Device,46238648.0,0.0,46238648.0,1791169453102264.320	
3,Device,46238396.0,0.0,46238396.0,1791169453122416.384	
3,Device,46238396.0,0.0,46238396.0,1791169453142387.200	
3,Device,46238396.0,0.0,46238396.0,1791169453162267.392	
3,Device,46238396.0,0.0,46238396.0,1791169453182261.248	
3,Device,46238396.0,0.0,46238396.0,1791169453202337.280	
3,Device,46238396.0,0.0,46238396.0,1791169453222269.440	
3,Device,46238396.0,0.0,46238396.0,1791169453242261.248	
3,Device,46238396.0,0.0,46238396.0,1791169453262291.200	
3,Device,46238396.0,0.0,46238396.0,1791169453282273.280	
3,Device,46238396.0,0.0,46238396.0,1791169453302268.416	
3,Device,46238396.0,0.0,46238396.0,1791169453322271.232	
3,Device,46238396.0,0.0,46238396.0,1791169453342254.336	
3,Device,46238396.0,0.0,46238396.0,1791169453362262.272	
3,Device,46238396.0,0.0,46238396.0,1791169453382269.440	
3,Device,46238396.0,0.0,46238396.0,1791169453402263.296	
3,Device,46238396.0,0.0,46238396.0,1791169453422430.208	
3,Device,46238396.0,0.0,46238396.0,1791169453442297.344	
3,Device,46238396.0,0.0,46238396.0,1791169453462261.248	
3,Device,46238396.0,0.0,46238396.0,1791169453482297.344	
3,Device,46238396.0,0.0,46238396.0,1791169453502328.320	
3,Device,46238396.0,0.0,46238396.0,1791169453522267.392	
3,Device,46238396.0,0.0,46238396.0,1791169453542266.368	
3,Device,46238396.0,0.0,46238396.0,1791169453562290.432	
3,Device,46238396.0,0.0,46238396.0,1791169453582277.376	
3,Device,46238396.0,0.0,46238396.0,1791169453602260.224	
3,Device,46238396.0,0.0,46238396.0,1791169453622263.296	
3,Device,46238396.0,0.0,46238396.0,1791169453642266.368	
3,Device,46238396.0,0.0,46238396.0,1791169453662273.280	
3,Device,46238396.0,0.0,46238396.0,1791169453682311.424	
3,Device,46238396.0,0.0,46238396.0,1791169453702264.320	
3,Device,46238396.0,0.0,46238396.0,1791169453722467.328	
3,Device,46238396.0,0.0,46238396.0,1791169453742260.224	
3,Device,46238396.0,0.0,46238396.0,1791169453762293.248	
3,Device,46238396.0,0.0,46238396.0,1791169453782288.384	
3,Device,46238396.0,0.0,46238396.0,1791169453802264.320	
3,Device,46238396.0,0.0,46238396.0,1791169453822267.392	
3,Device,46238396.0,0.0,46238396.0,1791169453842314.240	
3,Device,46238396.0,0.0,46238396.0,1791169453862280.192	
3,Device,46238396.0,0.0,46238396.0,1791169453882265.344	
3,Device,46238396.0,0.0,46238396.0,1791169453902270.208	
3,Device,46238396.0,0.0,46238396.0,1791169453922265.344	
3,Device,46238396.0,0.0,46238396.0,1791169453942423.296	
3,Device,46238396.0,0.0,46238396.0,1791169453962276.352	
3,Device,46238396.0,0.0,46238396.0,1791169453982270.208	
3,Device,46238396.0,0.0,46238396.0,1791169454002258.432	
3,Device,46238396.0,0.0,46238396.0,1791169454022282.240	
3,Device,46238396.0,0.0,46238396.0,1791169454042271.232	
3,Device,46238396.0,0.0,46238396.0,1791169454062288.384	
3,Device,46238396.0,0.0,46238396.0,1791169454082308.352	
3,Device,46238396.0,0.0,46238396.0,1791169454102260.224	
3,Device,46238396.0,0.0,46238396.0,1791169454122309.376	
3,Device,46238396.0,0.0,46238396.0,1791169454142254.336	
3,Device,46238396.0,0.0,46238396.0,1791169454162264.320	
3,Device,46238396.0,0.0,46238396.0,1791169454182263.296	
3,Device,46238396.0,0.0,46238396.0,1791169454202302.208	
3,Device,46238396.0,0.0,46238396.0,1791169454222303.232	
3,Device,46238396.0,0.0,46238396.0,1791169454242438.400	
3,Device,46238396.0,0.0,46238396.0,1791169454262384.384	
3,Device,46238396.0,0.0,46238396.0,1791169454282267.392	
3,Device,46238396.0,0.0,46238396.0,1791169454302327.296	
3,Device,46238396.0,0.0,46238396.0,1791169454322258.432	
3,Device,46238396.0,0.0,46238396.0,1791169454342258.432	
3,Device,46238396.0,0.0,46238396.0,1791169454362260.224	
3,Device,46238396.0,0.0,46238396.0,1791169454382281.216	
3,Device,46238396.0,0.0,46238396.0,1791169454402258.432	
3,Device,46238396.0,0.0,46238396.0,1791169454422266.368	
3,Device,46238396.0,0.0,46238396.0,1791169454442279.424	
3,Device,46238396.0,0.0,46238396.0,1791169454462467.328	
3,Device,46238396.0,0.0,46238396.0,1791169454482262.272	
3,Device,46238396.0,0.0,46238396.0,1791169454502270.208	
3,Device,46238396.0,0.0,46238396.0,1791169454522267.392	
3,Device,46238396.0,0.0,46238396.0,1791169454542405.376	
3,Device,46238396.0,0.0,46238396.0,1791169454562322.432	
3,Device,46238396.0,0.0,46238396.0,1791169454582262.272	
3,Device,46238396.0,0.0,46238396.0,1791169454602263.296	
3,Device,46238396.0,0.0,46238396.0,1791169454622323.200	
3,Device,46238396.0,0.0,46238396.0,1791169454642264.320	
3,Device,46238396.0,0.0,46238396.0,1791169454662312.448	
3,Device,46238396.0,0.0,46238396.0,1791169454682267.392	
3,Device,46238396.0,0.0,46238396.0,1791169454702315.264	
3,Device,46238396.0,0.0,46238396.0,1791169454722301.440	
3,Device,46238396.0,0.0,46238396.0,1791169454742283.264	
3,Device,46238396.0,0.0,46238396.0,1791169454762506.240	
3,Device,46238396.0,0.0,46238396.0,1791169454782262.272	
3,Device,46238396.0,0.0,46238396.0,1791169454802271.232	
3,Device,46238396.0,0.0,46238396.0,1791169454822273.280	
3,Device,46238396.0,0.0,46238396.0,1791169454842295.296	
3,Device,46238396.0,0.0,46238396.0,1791169454862304.256	
3,Device,46238396.0,0.0,46238396.0,1791169454882275.328	
3,Device,46238396.0,0.0,46238396.0,1791169454902307.328	
3,Device,46238396.0,0.0,46238396.0,1791169454922273.280	
3,Device,46238396.0,0.0,46238396.0,1791169454942273.280	
3,Device,46238396.0,0.0,46238396.0,1791169454962266.368	
3,Device,46238396.0,0.0,46238396.0,1791169454982439.424	
3,Device,46238396.0,0.0,46238396.0,1791169455002271.232	
3,Device,46238396.0,0.0,46238396.0,1791169455022325.248	
3,Device,46238396.0,0.0,46238396.0,1791169455042308.352	
3,Device,46238396.0,0.0,46238396.0,1791169455062392.320	
3,Device,46238396.0,0.0,46238396.0,1791169455082261.248	
3,Device,46238396.0,0.0,46238396.0,1791169455102267.392	
3,Device,46238396.0,0.0,46238396.0,1791169455122280.448	
3,Device,46238396.0,0.0,46238396.0,1791169455142300.416	
3,Device,46238396.0,0.0,46238396.0,1791169455162259.200	
3,Device,46238396.0,0.0,46238396.0,1791169455182265.344	
3,Device,46238396.0,0.0,46238396.0,1791169455202263.296	
3,Device,46238396.0,0.0,46238396.0,1791169455222301.440	
3,Device,46238396.0,0.0,46238396.0,1791169455242262.272	
3,Device,46238396.0,0.0,46238396.0,1791169455262271.232	
3,Device,46238396.0,0.0,46238396.0,1791169455282271.232	
3,Device,46238396.0,0.0,46238396.0,1791169455302279.424	
3,Device,46238396.0,0.0,46238396.0,1791169455322352.384	
3,Device,46238396.0,0.0,46238396.0,1791169455342258.432	
3,Device,46238396.0,0.0,46238396.0,1791169455362449.408	
3,Device,46238396.0,0.0,46238396.0,1791169455382265.344	
3,Device,46238396.0,0.0,46238396.0,1791169455402325.248	
3,Device,46238396.0,0.0,46238396.0,1791169455422321.408	
3,Device,46238396.0,0.0,46238396.0,1791169455442300.416	
3,Device,46238396.0,0.0,46238396.0,1791169455462265.344	
3,Device,46238396.0,0.0,46238396.0,1791169455482262.272	
3,Device,46238396.0,0.0,46238396.0,1791169455502272.256	
3,Device,46238396.0,0.0,46238396.0,1791169455522258.432	
3,Device,46238396.0,0.0,46238396.0,1791169455542261.248	
3,Device,46238396.0,0.0,46238396.0,1791169455562263.296	
3,Device,46238396.0,0.0,46238396.0,1791169455582422.272	
3,Device,46238396.0,0.0,46238396.0,1791169455602256.384	
3,Device,46238396.0,0.0,46238396.0,1791169455622262.272	
3,Device,46238396.0,0.0,46238396.0,1791169455642263.296	
3,Device,46238396.0,0.0,46238396.0,1791169455662317.312	
3,Device,46238396.0,0.0,46238396.0,1791169455682267.392	
3,Device,46238396.0,0.0,46238396.0,1791169455702265.344	
3,Device,46238396.0,0.0,46238396.0,1791169455722260.224	
3,Device,46238140.0,0.0,46238140.0,1791169455742263.296	
3,Device,46238140.0,0.0,46238140.0,1791169455762262.272	
3,Device,46238140.0,0.0,46238140.0,1791169455782264.320	
3,Device,46238140.0,0.0,46238140.0,1791169455802266.368	
3,Device,46238140.0,0.0,46238140.0,1791169455822264.320	
3,Device,46238140.0,0.0,46238140.0,1791169455842262.272	
3,Device,46238140.0,0.0,46238140.0,1791169455862258.432	
3,Device,46238140.0,0.0,46238140.0,1791169455882348.288	
3,Device,46238140.0,0.0,46238140.0,1791169455902263.296	
3,Device,46238140.0,0.0,46238140.0,1791169455922269.440	
3,Device,46238140.0,0.0,46238140.0,1791169455942263.296	
3,Device,46238140.0,0.0,46238140.0,1791169455962268.416	
3,Device,46238140.0,0.0,46238140.0,1791169455982263.296	
3,Device,46238140.0,0.0,46238140.0,1791169456002261.248	
3,Device,46238140.0,0.0,46238140.0,1791169456022261.248	
3,Device,46238140.0,0.0,46238140.0,1791169456042263.296	
3,Device,46238140.0,0.0,46238140.0,1791169456062268.416	
3,Device,46238140.0,0.0,46238140.0,1791169456082266.368	
3,Device,46238140.0,0.0,46238140.0,1791169456102396.416	
3,Device,46238140.0,0.0,46238140.0,1791169456122261.248	
3,Device,46238140.0,0.0,46238140.0,1791169456142265.344	
3,Device,46238140.0,0.0,46238140.0,1791169456162267.392	
3,Device,46238140.0,0.0,46238140.0,1791169456182266.368	
3,Device,46238140.0,0.0,46238140.0,1791169456202265.344	
3,Device,46238140.0,0.0,46238140.0,1791169456222268.416	
3,Device,46238140.0,0.0,46238140.0,1791169456242262.272	
3,Device,46238140.0,0.0,46238140.0,1791169456262260.224	
3,Device,46238140.0,0.0,46238140.0,1791169456282271.232	
3,Device,46238140.0,0.0,46238140.0,1791169456302258.432	
3,Device,46238140.0,0.0,46238140.0,1791169456322425.344	
3,Device,46238140.0,0.0,46238140.0,1791169456342263.296	
3,Device,46238140.0,0.0,46238140.0,1791169456362264.320	
3,Device,46238140.0,0.0,46238140.0,1791169456382269.440	
3,Device,46238140.0,0.0,46238140.0,1791169456402259.200	
3,Device,46238140.0,0.0,46238140.0,1791169456422260.224	
3,Device,46238140.0,0.0,46238140.0,1791169456442263.296	
3,Device,46238140.0,0.0,46238140.0,1791169456462262.272	
3,Device,46238140.0,0.0,46238140.0,1791169456482265.344	
3,Device,46238140.0,0.0,46238140.0,1791169456502272.256	
3,Device,46238140.0,0.0,46238140.0,1791169456522265.344	
3,Device,46238140.0,0.0,46238140.0,1791169456542423.296	
3,Device,46238140.0,0.0,46238140.0,1791169456562263.296	
3,Device,46238140.0,0.0,46238140.0,1791169456582266.368	
3,Device,46238140.0,0.0,46238140.0,1791169456602269.440	
3,Device,46238140.0,0.0,46238140.0,1791169456622262.272	
3,Device,46238140.0,0.0,46238140.0,1791169456642301.440	
3,Device,46238140.0,0.0,46238140.0,1791169456662271.232	
3,Device,46238140.0,0.0,46238140.0,1791169456682267.392	
3,Device,46238140.0,0.0,46238140.0,1791169456702272.256	
3,Device,46238140.0,0.0,46238140.0,1791169456722267.392	
3,Device,46238140.0,0.0,46238140.0,1791169456742266.368	
3,Device,46238140.0,0.0,46238140.0,1791169456762426.368	
3,Device,46238140.0,0.0,46238140.0,1791169456782267.392	
3,Device,46238140.0,0.0,46238140.0,1791169456802269.440	
3,Device,46238140.0,0.0,46238140.0,1791169456822263.296	
3,Device,46238140.0,0.0,46238140.0,1791169456842273.280	
3,Device,46238140.0,0.0,46238140.0,1791169456862265.344	
3,Device,46238140.0,0.0,46238140.0,1791169456882267.392	
3,Device,46238140.0,0.0,46238140.0,1791169456902272.256	
3,Device,46238140.0,0.0,46238140.0,1791169456922266.368	
3,Device,46238140.0,0.0,46238140.0,1791169456942259.200	
3,Device,46238140.0,0.0,46238140.0,1791169456962263.296	
3,Device,46238140.0,0.0,46238140.0,1791169456982432.256	
3,Device,46238140.0,0.0,46238140.0,1791169457002263.296	
3,Device,46238140.0,0.0,46238140.0,1791169457022264.320	
3,Device,46238140.0,0.0,46238140.0,1791169457042257.408	
3,Device,46238140.0,0.0,46238140.0,1791169457062296.320	
3,Device,46238140.0,0.0,46238140.0,1791169457082269.440	
3,Device,46238140.0,0.0,46238140.0,1791169457102262.272	
3,Device,46238140.0,0.0,46238140.0,1791169457122273.280	
3,Device,46238140.0,0.0,46238140.0,1791169457142259.200	
3,Device,46238140.0,0.0,46238140.0,1791169457162270.208	
3,Device,46238140.0,0.0,46238140.0,1791169457182261.248	
3,Device,46238140.0,0.0,46238140.0,1791169457202268.416	
3,Device,46238140.0,0.0,46238140.0,1791169457222265.344	
3,Device,46238140.0,0.0,46238140.0,1791169457242268.416	
3,Device,46238140.0,0.0,46238140.0,1791169457262265.344	
3,Device,46238140.0,0.0,46238140.0,1791169457282351.360	
3,Device,46238140.0,0.0,46238140.0,1791169457302259.200	
3,Device,46238140.0,0.0,46238140.0,1791169457322268.416	
3,Device,46238140.0,0.0,46238140.0,1791169457342268.416	
3,Device,46238140.0,0.0,46238140.0,1791169457362265.344	
3,Device,46239020.0,0.0,46239020.0,1791169457382661.376	
3,Device,46239828.0,0.0,46239828.0,1791169457402303.232	
3,Device,46239424.0,0.0,46239424.0,1791169457422267.392	
3,Device,46239424.0,0.0,46239424.0,1791169457442270.208	
3,Device,46239424.0,0.0,46239424.0,1791169457462264.320	
3,Device,46239072.0,0.0,46239072.0,1791169457482259.200	
3,Device,46239072.0,0.0,46239072.0,1791169457502431.232	
3,Device,46239072.0,0.0,46239072.0,1791169457522259.200	
3,Device,46239072.0,0.0,46239072.0,1791169457542266.368	
3,Device,46239072.0,0.0,46239072.0,1791169457562268.416	
3,Device,46239072.0,0.0,46239072.0,1791169457582261.248	
3,Device,46239072.0,0.0,46239072.0,1791169457602269.440	
3,Device,46239072.0,0.0,46239072.0,1791169457622256.384	
3,Device,46239072.0,0.0,46239072.0,1791169457642273.280	
3,Device,46239072.0,0.0,46239072.0,1791169457662263.296	
3,Device,46239072.0,0.0,46239072.0,1791169457682260.224	
3,Device,46239072.0,0.0,46239072.0,1791169457702267.392	
3,Device,46239072.0,0.0,46239072.0,1791169457722430.208	
3,Device,46239072.0,0.0,46239072.0,1791169457742268.416	
3,Device,46239072.0,0.0,46239072.0,1791169457762276.352	
3,Device,46239072.0,0.0,46239072.0,1791169457782259.200	
3,Device,46239072.0,0.0,46239072.0,1791169457802270.208	
3,Device,46239072.0,0.0,46239072.0,1791169457822268.416	
3,Device,46239072.0,0.0,46239072.0,1791169457842314.240	
3,Device,46239072.0,0.0,46239072.0,1791169457862281.216	
3,Device,46239072.0,0.0,46239072.0,1791169457882266.368	
3,Device,46239072.0,0.0,46239072.0,1791169457902262.272	
3,Device,46239072.0,0.0,46239072.0,1791169457922253.312	
3,Device,46239072.0,0.0,46239072.0,1791169457942426.368	
3,Device,46239072.0,0.0,46239072.0,1791169457962266.368	
3,Device,46239072.0,0.0,46239072.0,1791169457982261.248	
3,Device,46239072.0,0.0,46239072.0,1791169458002262.272	
3,Device,46239072.0,0.0,46239072.0,1791169458022310.400	
3,Device,46239072.0,0.0,46239072.0,1791169458042272.256	
3,Device,46239072.0,0.0,46239072.0,1791169458062265.344	
3,Device,46239072.0,0.0,46239072.0,1791169458082265.344	
3,Device,46239072.0,0.0,46239072.0,1791169458102266.368	
3,Device,46239072.0,0.0,46239072.0,1791169458122269.440	
3,Device,46239072.0,0.0,46239072.0,1791169458142266.368	
3,Device,46239072.0,0.0,46239072.0,1791169458162265.344	
3,Device,46239072.0,0.0,46239072.0,1791169458182265.344	
3,Device,46239072.0,0.0,46239072.0,1791169458202265.344	
3,Device,46239072.0,0.0,46239072.0,1791169458222265.344	
3,Device,46239072.0,0.0,46239072.0,1791169458242391.296	
3,Device,46239072.0,0.0,46239072.0,1791169458262260.224	
3,Device,46239072.0,0.0,46239072.0,1791169458282264.320	
3,Device,46239072.0,0.0,46239072.0,1791169458302269.440	
3,Device,46239072.0,0.0,46239072.0,1791169458322266.368	
3,Device,46239072.0,0.0,46239072.0,1791169458342280.192	
3,Device,46239072.0,0.0,46239072.0,1791169458362269.440	
3,Device,46238736.0,0.0,46238736.0,1791169458382274.304	
3,Device,46238736.0,0.0,46238736.0,1791169458402262.272	
3,Device,46238736.0,0.0,46238736.0,1791169458422258.432	
3,Device,46238736.0,0.0,46238736.0,1791169458442258.432	
3,Device,46238736.0,0.0,46238736.0,1791169458462422.272	
3,Device,46238736.0,0.0,46238736.0,1791169458482268.416	
3,Device,46238736.0,0.0,46238736.0,1791169458502266.368	
3,Device,46238736.0,0.0,46238736.0,1791169458522269.440	
3,Device,46238736.0,0.0,46238736.0,1791169458542277.376	
3,Device,46238736.0,0.0,46238736.0,1791169458562269.440	
3,Device,46238736.0,0.0,46238736.0,1791169458582259.200	
3,Device,46238736.0,0.0,46238736.0,1791169458602265.344	
3,Device,46238736.0,0.0,46238736.0,1791169458622255.360	
3,Device,46238736.0,0.0,46238736.0,1791169458642265.344	
3,Device,46238736.0,0.0,46238736.0,1791169458662263.296	
3,Device,46238736.0,0.0,46238736.0,1791169458682422.272	
3,Device,46238736.0,0.0,46238736.0,1791169458702267.392	
3,Device,46238736.0,0.0,46238736.0,1791169458722275.328	
3,Device,46238736.0,0.0,46238736.0,1791169458742265.344	
3,Device,46238736.0,0.0,46238736.0,1791169458762297.344	
3,Device,46238736.0,0.0,46238736.0,1791169458782270.208	
3,Device,46238736.0,0.0,46238736.0,1791169458802264.320	
3,Device,46238736.0,0.0,46238736.0,1791169458822267.392	
3,Device,46238736.0,0.0,46238736.0,1791169458842262.272	
3,Device,46238736.0,0.0,46238736.0,1791169458862265.344	
3,Device,46238736.0,0.0,46238736.0,1791169458882263.296	
3,Device,46238736.0,0.0,46238736.0,1791169458902424.320	
3,Device,46238736.0,0.0,46238736.0,1791169458922262.272	
3,Device,46238736.0,0.0,46238736.0,1791169458942260.224	
3,Device,46238736.0,0.0,46238736.0,1791169458962265.344	
3,Device,46238736.0,0.0,46238736.0,1791169458982309.376	
3,Device,46238736.0,0.0,46238736.0,1791169459002267.392	
3,Device,46238736.0,0.0,46238736.0,1791169459022267.392	
3,Device,46238736.0,0.0,46238736.0,1791169459042260.224	
3,Device,46238736.0,0.0,46238736.0,1791169459062260.224	
3,Device,46238736.0,0.0,46238736.0,1791169459082266.368	
3,Device,46238736.0,0.0,46238736.0,1791169459102269.440	
3,Device,46238736.0,0.0,46238736.0,1791169459122262.272	
3,Device,46238736.0,0.0,46238736.0,1791169459142267.392	
3,Device,46238736.0,0.0,46238736.0,1791169459162260.224	
3,Device,46238736.0,0.0,46238736.0,1791169459182263.296	
3,Device,46238736.0,0.0,46238736.0,1791169459202377.216	
3,Device,46238736.0,0.0,46238736.0,1791169459222263.296	
3,Device,46238736.0,0.0,46238736.0,1791169459242264.320	
3,Device,46238736.0,0.0,46238736.0,1791169459262268.416	
3,Device,46238736.0,0.0,46238736.0,1791169459282266.368	
3,Device,46238736.0,0.0,46238736.0,1791169459302257.408	
3,Device,46238736.0,0.0,46238736.0,1791169459322257.408	
3,Device,46238736.0,0.0,46238736.0,1791169459342262.272	
3,Device,46238736.0,0.0,46238736.0,1791169459362271.232	
3,Device,46238736.0,0.0,46238736.0,1791169459382269.440	
3,Device,46238736.0,0.0,46238736.0,1791169459402271.232	
3,Device,46238736.0,0.0,46238736.0,1791169459422403.328	
3,Device,46238736.0,0.0,46238736.0,1791169459442257.408	
3,Device,46238736.0,0.0,46238736.0,1791169459462263.296	
3,Device,46238736.0,0.0,46238736.0,1791169459482270.208	
3,Device,46238736.0,0.0,46238736.0,1791169459502268.416	
3,Device,46238736.0,0.0,46238736.0,1791169459522258.432	
3,Device,46238736.0,0.0,46238736.0,1791169459542264.320	
3,Device,46238736.0,0.0,46238736.0,1791169459562266.368	
3,Device,46238736.0,0.0,46238736.0,1791169459582259.200	
3,Device,46238736.0,0.0,46238736.0,1791169459602258.432	
3,Device,46238736.0,0.0,46238736.0,1791169459622264.320	
3,Device,46238736.0,0.0,46238736.0,1791169459642423.296	
3,Device,46238736.0,0.0,46238736.0,1791169459662269.440	
3,Device,46238736.0,0.0,46238736.0,1791169459682269.440	
3,Device,46238736.0,0.0,46238736.0,1791169459702263.296	
3,Device,46238736.0,0.0,46238736.0,1791169459722283.264	
3,Device,46238736.0,0.0,46238736.0,1791169459742266.368	
3,Device,46238736.0,0.0,46238736.0,1791169459762270.208	
3,Device,46238736.0,0.0,46238736.0,1791169459782267.392	
3,Device,46238736.0,0.0,46238736.0,1791169459802264.320	
3,Device,46238736.0,0.0,46238736.0,1791169459822264.320	
3,Device,46238736.0,0.0,46238736.0,1791169459842265.344	
3,Device,46238736.0,0.0,46238736.0,1791169459862267.392	
3,Device,46238736.0,0.0,46238736.0,1791169459882263.296	
3,Device,46238736.0,0.0,46238736.0,1791169459902263.296	
3,Device,46238736.0,0.0,46238736.0,1791169459922263.296	
3,Device,46238736.0,0.0,46238736.0,1791169459942350.336	
3,Device,46238736.0,0.0,46238736.0,1791169459962268.416	
3,Device,46238484.0,0.0,46238484.0,1791169459982317.312	
3,Device,46238484.0,0.0,46238484.0,1791169460002262.272	
3,Device,46238484.0,0.0,46238484.0,1791169460022260.224	
3,Device,46238484.0,0.0,46238484.0,1791169460042264.320	
3,Device,46238484.0,0.0,46238484.0,1791169460062269.440	
3,Device,46238484.0,0.0,46238484.0,1791169460082261.248	
3,Device,46238484.0,0.0,46238484.0,1791169460102265.344	
3,Device,46238484.0,0.0,46238484.0,1791169460122268.416	
3,Device,46238484.0,0.0,46238484.0,1791169460142268.416	
3,Device,46238484.0,0.0,46238484.0,1791169460162366.208	
3,Device,46238484.0,0.0,46238484.0,1791169460182260.224	
3,Device,46238484.0,0.0,46238484.0,1791169460202269.440	
3,Device,46238484.0,0.0,46238484.0,1791169460222265.344	
3,Device,46238484.0,0.0,46238484.0,1791169460242265.344	
3,Device,46238484.0,0.0,46238484.0,1791169460262262.272	
3,Device,46238484.0,0.0,46238484.0,1791169460282269.440	
3,Device,46238484.0,0.0,46238484.0,1791169460302263.296	
3,Device,46238484.0,0.0,46238484.0,1791169460322262.272	
3,Device,46238484.0,0.0,46238484.0,1791169460342260.224	
3,Device,46238484.0,0.0,46238484.0,1791169460362269.440	
3,Device,46238484.0,0.0,46238484.0,1791169460382359.296	
3,Device,46238484.0,0.0,46238484.0,1791169460402265.344	
3,Device,46238484.0,0.0,46238484.0,1791169460422265.344	
3,Device,46238484.0,0.0,46238484.0,1791169460442265.344	
3,Device,46238484.0,0.0,46238484.0,1791169460462273.280	
3,Device,46238484.0,0.0,46238484.0,1791169460482259.200	
3,Device,46238484.0,0.0,46238484.0,1791169460502257.408	
3,Device,46238484.0,0.0,46238484.0,1791169460522259.200	
3,Device,46238484.0,0.0,46238484.0,1791169460542270.208	
3,Device,46238484.0,0.0,46238484.0,1791169460562261.248	
3,Device,46238484.0,0.0,46238484.0,1791169460582261.248	
3,Device,46238484.0,0.0,46238484.0,1791169460602408.448	
3,Device,46238484.0,0.0,46238484.0,1791169460622264.320	
3,Device,46238484.0,0.0,46238484.0,1791169460642258.432	
3,Device,46238484.0,0.0,46238484.0,1791169460662264.320	
3,Device,46238484.0,0.0,46238484.0,1791169460682261.248	
3,Device,46238484.0,0.0,46238484.0,1791169460702263.296	
3,Device,46238484.0,0.0,46238484.0,1791169460722263.296	
3,Device,46238484.0,0.0,46238484.0,1791169460742265.344	
3,Device,46238484.0,0.0,46238484.0,1791169460762265.344	
3,Device,46238484.0,0.0,46238484.0,1791169460782261.248	
3,Device,46238484.0,0.0,46238484.0,1791169460802257.408	
3,Device,46238484.0,0.0,46238484.0,1791169460822425.344	
3,Device,46238484.0,0.0,46238484.0,1791169460842275.328	
3,Device,46238484.0,0.0,46238484.0,1791169460862265.344	
3,Device,46238484.0,0.0,46238484.0,1791169460882269.440	
3,Device,46238484.0,0.0,46238484.0,1791169460902271.232	
3,Device,46238484.0,0.0,46238484.0,1791169460922266.368	
3,Device,46238484.0,0.0,46238484.0,1791169460942275.328	
3,Device,46238484.0,0.0,46238484.0,1791169460962262.272	
3,Device,46238484.0,0.0,46238484.0,1791169460982257.408	
3,Device,46238484.0,0.0,46238484.0,1791169461002267.392	
3,Device,46238484.0,0.0,46238484.0,1791169461022261.248	
3,Device,46238484.0,0.0,46238484.0,1791169461042430.208	
3,Device,46238484.0,0.0,46238484.0,1791169461062267.392	
3,Device,46238484.0,0.0,46238484.0,1791169461082273.280	
3,Device,46238484.0,0.0,46238484.0,1791169461102269.440	
3,Device,46238484.0,0.0,46238484.0,1791169461122304.256	
3,Device,46238484.0,0.0,46238484.0,1791169461142267.392	
3,Device,46238484.0,0.0,46238484.0,1791169461162265.344	
3,Device,46238484.0,0.0,46238484.0,1791169461182260.224	
3,Device,46238484.0,0.0,46238484.0,1791169461202263.296	
3,Device,46238484.0,0.0,46238484.0,1791169461222262.272	
3,Device,46238484.0,0.0,46238484.0,1791169461242257.408	
3,Device,46238484.0,0.0,46238484.0,1791169461262431.232	
3,Device,46238484.0,0.0,46238484.0,1791169461282259.200	
3,Device,46238484.0,0.0,46238484.0,1791169461302262.272	
3,Device,46238484.0,0.0,46238484.0,1791169461322263.296	
3,Device,46238484.0,0.0,46238484.0,1791169461342329.344	
3,Device,46238484.0,0.0,46238484.0,1791169461362269.440	
3,Device,46238484.0,0.0,46238484.0,1791169461382263.296	
3,Device,46238484.0,0.0,46238484.0,1791169461402257.408	
3,Device,46238484.0,0.0,46238484.0,1791169461422265.344	
3,Device,46238484.0,0.0,46238484.0,1791169461442271.232	
3,Device,46238484.0,0.0,46238484.0,1791169461462275.328	
3,Device,46238484.0,0.0,46238484.0,1791169461482261.248	
3,Device,46238484.0,0.0,46238484.0,1791169461502265.344	
3,Device,46238484.0,0.0,46238484.0,1791169461522266.368	
3,Device,46238484.0,0.0,46238484.0,1791169461542268.416	
3,Device,46238484.0,0.0,46238484.0,1791169461562376.192	
3,Device,46238484.0,0.0,46238484.0,1791169461582257.408	
3,Device,46238484.0,0.0,46238484.0,1791169461602260.224	
3,Device,46238484.0,0.0,46238484.0,1791169461622262.272	
3,Device,46238484.0,0.0,46238484.0,1791169461642266.368	
3,Device,46238484.0,0.0,46238484.0,1791169461662263.296	
3,Device,46238484.0,0.0,46238484.0,1791169461682262.272	
3,Device,46238484.0,0.0,46238484.0,1791169461702261.248	
3,Device,46238484.0,0.0,46238484.0,1791169461722268.416	
3,Device,46238484.0,0.0,46238484.0,1791169461742265.344	
3,Device,46238484.0,0.0,46238484.0,1791169461762274.304	
3,Device,46238484.0,0.0,46238484.0,1791169461782418.432	
3,Device,46238484.0,0.0,46238484.0,1791169461802265.344	
3,Device,46238484.0,0.0,46238484.0,1791169461822264.320	
3,Device,46238484.0,0.0,46238484.0,1791169461842263.296	
3,Device,46238484.0,0.0,46238484.0,1791169461862258.432	
3,Device,46238484.0,0.0,46238484.0,1791169461882267.392	
3,Device,46238484.0,0.0,46238484.0,1791169461902270.208	
3,Device,46238484.0,0.0,46238484.0,1791169461922266.368	
3,Device,46238484.0,0.0,46238484.0,1791169461942273.280	
3,Device,46238484.0,0.0,46238484.0,1791169461962271.232	
3,Device,46238484.0,0.0,46238484.0,1791169461982256.384	
3,Device,46238484.0,0.0,46238484.0,1791169462002424.320	
3,Device,46238484.0,0.0,46238484.0,1791169462022262.272	
3,Device,46238484.0,0.0,46238484.0,1791169462042265.344	
3,Device,46238484.0,0.0,46238484.0,1791169462062268.416	
3,Device,46238484.0,0.0,46238484.0,1791169462082262.272	
3,Device,46238484.0,0.0,46238484.0,1791169462102271.232	
3,Device,46238484.0,0.0,46238484.0,1791169462122260.224	
3,Device,46238484.0,0.0,46238484.0,1791169462142262.272	
3,Device,46238484.0,0.0,46238484.0,1791169462162268.416	
3,Device,46238484.0,0.0,46238484.0,1791169462182263.296	
3,Device,46238484.0,0.0,46238484.0,1791169462202264.320	
3,Device,46238484.0,0.0,46238484.0,1791169462222423.296	
3,Device,46238484.0,0.0,46238484.0,1791169462242269.440	
3,Device,46238484.0,0.0,46238484.0,1791169462262265.344	
3,Device,46238484.0,0.0,46238484.0,1791169462282268.416	
3,Device,46238484.0,0.0,46238484.0,1791169462302271.232	
3,Device,46238484.0,0.0,46238484.0,1791169462322266.368	
3,Device,46238484.0,0.0,46238484.0,1791169462342263.296	
3,Device,46238484.0,0.0,46238484.0,1791169462362269.440	
3,Device,46238484.0,0.0,46238484.0,1791169462382256.384	
3,Device,46238484.0,0.0,46238484.0,1791169462402269.440	
3,Device,46238484.0,0.0,46238484.0,1791169462422258.432	
3,Device,46238484.0,0.0,46238484.0,1791169462442425.344	
3,Device,46238484.0,0.0,46238484.0,1791169462462264.320	
3,Device,46238484.0,0.0,46238484.0,1791169462482266.368	
3,Device,46238484.0,0.0,46238484.0,1791169462502269.440	
3,Device,46238484.0,0.0,46238484.0,1791169462522296.320	
3,Device,46238484.0,0.0,46238484.0,1791169462542272.256	
3,Device,46238484.0,0.0,46238484.0,1791169462562266.368	
3,Device,46238484.0,0.0,46238484.0,1791169462582266.368	
3,Device,46238484.0,0.0,46238484.0,1791169462602265.344	
3,Device,46238484.0,0.0,46238484.0,1791169462622263.296	
3,Device,46238484.0,0.0,46238484.0,1791169462642267.392	
3,Device,46238484.0,0.0,46238484.0,1791169462662425.344	
3,Device,46238484.0,0.0,46238484.0,1791169462682259.200	
3,Device,46238484.0,0.0,46238484.0,1791169462702264.320	
3,Device,46238484.0,0.0,46238484.0,1791169462722262.272	
3,Device,46238484.0,0.0,46238484.0,1791169462742309.376	
3,Device,46238484.0,0.0,46238484.0,1791169462762263.296	
3,Device,46238484.0,0.0,46238484.0,1791169462782265.344	
3,Device,46238484.0,0.0,46238484.0,1791169462802262.272	
3,Device,46238484.0,0.0,46238484.0,1791169462822265.344	
3,Device,46238484.0,0.0,46238484.0,1791169462842265.344	
3,Device,46238484.0,0.0,46238484.0,1791169462862269.440	
3,Device,46238356.0,0.0,46238356.0,1791169462882263.296	
3,Device,46238356.0,0.0,46238356.0,1791169462902262.272	
3,Device,46238356.0,0.0,46238356.0,1791169462922265.344	
3,Device,46238356.0,0.0,46238356.0,1791169462942266.368	
3,Device,46238356.0,0.0,46238356.0,1791169462962319.360	
3,Device,46238356.0,0.0,46238356.0,1791169462982272.256	
3,Device,46238356.0,0.0,46238356.0,1791169463002267.392	
3,Device,46238356.0,0.0,46238356.0,1791169463022260.224	
3,Device,46238356.0,0.0,46238356.0,1791169463042264.320	
3,Device,46238356.0,0.0,46238356.0,1791169463062263.296	
3,Device,46238356.0,0.0,46238356.0,1791169463082262.272	
3,Device,46238356.0,0.0,46238356.0,1791169463102259.200	
3,Device,46238356.0,0.0,46238356.0,1791169463122263.296	
3,Device,46238356.0,0.0,46238356.0,1791169463142266.368	
3,Device,46238356.0,0.0,46238356.0,1791169463162262.272	
3,Device,46238356.0,0.0,46238356.0,1791169463182363.392	
3,Device,46238356.0,0.0,46238356.0,1791169463202261.248	
3,Device,46238356.0,0.0,46238356.0,1791169463222261.248	
3,Device,46238356.0,0.0,46238356.0,1791169463242262.272	
3,Device,46238356.0,0.0,46238356.0,1791169463262266.368	
3,Device,46238356.0,0.0,46238356.0,1791169463282262.272	
3,Device,46238356.0,0.0,46238356.0,1791169463302255.360	
3,Device,46238356.0,0.0,46238356.0,1791169463322255.360	
3,Device,46238356.0,0.0,46238356.0,1791169463342258.432	
3,Device,46238356.0,0.0,46238356.0,1791169463362269.440	
3,Device,46238356.0,0.0,46238356.0,1791169463382263.296	
3,Device,46238356.0,0.0,46238356.0,1791169463402380.288	
3,Device,46238356.0,0.0,46238356.0,1791169463422264.320	
3,Device,46238356.0,0.0,46238356.0,1791169463442265.344	
3,Device,46238356.0,0.0,46238356.0,1791169463462260.224	
3,Device,46238356.0,0.0,46238356.0,1791169463482265.344	
3,Device,46238356.0,0.0,46238356.0,1791169463502259.200	
3,Device,46238356.0,0.0,46238356.0,1791169463522263.296	
3,Device,46238356.0,0.0,46238356.0,1791169463542261.248	
3,Device,46238356.0,0.0,46238356.0,1791169463562269.440	
3,Device,46238356.0,0.0,46238356.0,1791169463582257.408	
3,Device,46238356.0,0.0,46238356.0,1791169463602271.232	
3,Device,46238356.0,0.0,46238356.0,1791169463622413.312	
3,Device,46238356.0,0.0,46238356.0,1791169463642264.320	
3,Device,46238356.0,0.0,46238356.0,1791169463662264.320	
3,Device,46238356.0,0.0,46238356.0,1791169463682265.344	
3,Device,46238356.0,0.0,46238356.0,1791169463702261.248	
3,Device,46238356.0,0.0,46238356.0,1791169463722260.224	
3,Device,46238356.0,0.0,46238356.0,1791169463742257.408	
3,Device,46238356.0,0.0,46238356.0,1791169463762262.272	
3,Device,46238356.0,0.0,46238356.0,1791169463782268.416	
3,Device,46238356.0,0.0,46238356.0,1791169463802264.320	
3,Device,46238356.0,0.0,46238356.0,1791169463822261.248	
3,Device,46238356.0,0.0,46238356.0,1791169463842423.296	
3,Device,46238356.0,0.0,46238356.0,1791169463862261.248	
3,Device,46238356.0,0.0,46238356.0,1791169463882269.440	
3,Device,46238356.0,0.0,46238356.0,1791169463902270.208	
3,Device,46238356.0,0.0,46238356.0,1791169463922261.248	
3,Device,46238356.0,0.0,46238356.0,1791169463942263.296	
3,Device,46238356.0,0.0,46238356.0,1791169463962264.320	
3,Device,46238356.0,0.0,46238356.0,1791169463982266.368	
3,Device,46238356.0,0.0,46238356.0,1791169464002271.232	
3,Device,46238356.0,0.0,46238356.0,1791169464022269.440	
3,Device,46238356.0,0.0,46238356.0,1791169464042260.224	
3,Device,46238356.0,0.0,46238356.0,1791169464062426.368	
3,Device,46238356.0,0.0,46238356.0,1791169464082260.224	
3,Device,46238356.0,0.0,46238356.0,1791169464102273.280	
3,Device,46238356.0,0.0,46238356.0,1791169464122263.296	
3,Device,46238356.0,0.0,46238356.0,1791169464142261.248	
3,Device,46238356.0,0.0,46238356.0,1791169464162268.416	
3,Device,46238356.0,0.0,46238356.0,1791169464182268.416	
3,Device,46238356.0,0.0,46238356.0,1791169464202266.368	
3,Device,46237332.0,0.0,46237332.0,1791169464222271.232	
3,Device,46235284.0,0.0,46235284.0,1791169464238535.424	
